train_no,train_name,train_type,station_code,station_name,distance_from_source_km,scheduled_halt_mins,day_of_week,speed_kmh,season,weather_condition,fog_index,is_weekend,historical_avg_delay_mins,congestion_score,delay_mins
22436,Varanasi Vande Bharat Express,Vande Bharat,ST,Surat,519,3,Sat,140,Monsoon,Sunny,0.04,1,20.5,3.4,19.9
12953,August Kranti Rajdhani,Rajdhani,RTM,Ratlam Jn,1239,2,Sat,130,Autumn,Sunny,0.09,1,28.0,4.0,28.7
12810,Howrah Mumbai Mail,Mail Superfast,KOTA,Kota Jn,496,7,Tue,88,Monsoon,Clear,0.02,0,52.5,4.4,51.9
12301,Howrah Rajdhani Express,Rajdhani,BRC,Vadodara Jn,1581,5,Fri,130,Monsoon,Misty,0.18,0,16.1,3.8,17.5
12810,Howrah Mumbai Mail,Mail Superfast,BRC,Vadodara Jn,1957,7,Sun,88,Summer,Clear,0.08,1,38.3,1.7,36.3
22436,Varanasi Vande Bharat Express,Vande Bharat,PRYJ,Prayagraj Jn,769,15,Sat,140,Summer,Misty,0.15,1,15.2,2.5,14.6
12953,August Kranti Rajdhani,Rajdhani,RTM,Ratlam Jn,231,7,Sat,130,Monsoon,Clear,0.05,1,19.8,2.6,18.6
12628,Karnataka Superfast Express,Superfast,NGP,Nagpur Jn,671,5,Thu,85,Autumn,Foggy,0.03,0,111.7,4.0,114.2
20801,Magadh Express,Superfast,GWL,Gwalior Jn,472,2,Wed,85,Summer,Sunny,0.1,0,36.1,4.4,35.1
12301,Howrah Rajdhani Express,Rajdhani,GWL,Gwalior Jn,147,3,Fri,130,Autumn,Misty,0.05,0,27.7,3.7,29.8
12259,Sealdah Bikaner Duronto,Duronto,BRC,Vadodara Jn,1178,5,Wed,110,Autumn,Sunny,0.09,0,21.1,3.0,21.1
12628,Karnataka Superfast Express,Superfast,KOTA,Kota Jn,102,7,Wed,85,Summer,Misty,0.19,0,12.1,3.0,12.6
12810,Howrah Mumbai Mail,Mail Superfast,RTM,Ratlam Jn,450,15,Mon,88,Summer,Misty,0.19,0,62.6,4.3,59.7
12953,August Kranti Rajdhani,Rajdhani,KOTA,Kota Jn,923,5,Wed,130,Autumn,Sunny,0.19,0,24.9,2.6,25.9
12953,August Kranti Rajdhani,Rajdhani,BPL,Bhopal Jn,186,5,Mon,130,Summer,Sunny,0.01,0,11.2,3.4,12.9
12951,Mumbai Rajdhani Express,Rajdhani,TATA,Tatanagar Jn,2088,5,Wed,130,Winter,Misty,0.7,0,40.9,3.2,36.7
20801,Magadh Express,Superfast,BPL,Bhopal Jn,497,10,Tue,85,Autumn,Foggy,0.04,0,127.9,2.4,122.5
12951,Mumbai Rajdhani Express,Rajdhani,GWL,Gwalior Jn,879,15,Sat,130,Monsoon,Clear,0.05,1,18.1,1.6,18.3
22436,Varanasi Vande Bharat Express,Vande Bharat,BPL,Bhopal Jn,160,3,Sun,140,Winter,Clear,0.13,1,25.6,4.7,28.0
12301,Howrah Rajdhani Express,Rajdhani,BSP,Bilaspur Jn,1699,5,Mon,130,Summer,Foggy,0.0,0,93.0,4.7,87.8
12953,August Kranti Rajdhani,Rajdhani,NGP,Nagpur Jn,991,2,Sat,130,Autumn,Sunny,0.04,1,28.3,3.3,27.6
12953,August Kranti Rajdhani,Rajdhani,BSP,Bilaspur Jn,428,5,Sun,130,Summer,Clear,0.19,1,7.6,1.3,6.9
12301,Howrah Rajdhani Express,Rajdhani,BRC,Vadodara Jn,435,10,Fri,130,Summer,Misty,0.12,0,23.9,3.6,22.7
12259,Sealdah Bikaner Duronto,Duronto,RTM,Ratlam Jn,1328,15,Wed,110,Autumn,Sunny,0.13,0,50.6,2.3,58.0
12431,Trivandrum Rajdhani Express,Rajdhani,PRYJ,Prayagraj Jn,2172,5,Fri,125,Winter,Clear,0.11,0,29.8,1.5,31.9
12431,Trivandrum Rajdhani Express,Rajdhani,TATA,Tatanagar Jn,132,5,Fri,125,Monsoon,Misty,0.2,0,23.3,4.7,20.9
12810,Howrah Mumbai Mail,Mail Superfast,BRC,Vadodara Jn,962,7,Mon,88,Summer,Rainy,0.06,0,51.5,1.8,46.7
22436,Varanasi Vande Bharat Express,Vande Bharat,NGP,Nagpur Jn,635,5,Thu,140,Monsoon,Clear,0.0,0,16.1,1.6,15.2
12953,August Kranti Rajdhani,Rajdhani,ST,Surat,1612,5,Mon,130,Winter,Sunny,0.11,0,15.8,2.7,13.8
12951,Mumbai Rajdhani Express,Rajdhani,BSP,Bilaspur Jn,1548,10,Wed,130,Summer,Sunny,0.13,0,57.9,4.9,51.3
12628,Karnataka Superfast Express,Superfast,TATA,Tatanagar Jn,1460,10,Tue,85,Summer,Foggy,0.0,0,125.0,4.2,141.6
12951,Mumbai Rajdhani Express,Rajdhani,TATA,Tatanagar Jn,1985,7,Thu,130,Summer,Sunny,0.16,0,42.2,2.2,46.0
12951,Mumbai Rajdhani Express,Rajdhani,NGP,Nagpur Jn,384,5,Tue,130,Autumn,Rainy,0.06,0,39.2,2.4,45.7
12810,Howrah Mumbai Mail,Mail Superfast,KOTA,Kota Jn,1879,7,Fri,88,Monsoon,Clear,0.02,0,43.1,3.9,41.8
12953,August Kranti Rajdhani,Rajdhani,BRC,Vadodara Jn,1886,2,Thu,130,Summer,Rainy,0.01,0,64.5,3.1,70.9
12301,Howrah Rajdhani Express,Rajdhani,BRC,Vadodara Jn,610,5,Sat,130,Monsoon,Misty,0.06,1,20.7,3.0,21.8
12810,Howrah Mumbai Mail,Mail Superfast,CNB,Kanpur Central,1652,5,Tue,88,Summer,Foggy,0.13,0,103.6,3.5,105.8
20801,Magadh Express,Superfast,PRYJ,Prayagraj Jn,975,15,Sat,85,Monsoon,Foggy,0.09,1,143.9,4.2,137.4
12810,Howrah Mumbai Mail,Mail Superfast,CNB,Kanpur Central,1062,5,Sat,88,Monsoon,Clear,0.16,1,32.4,1.9,32.6
22436,Varanasi Vande Bharat Express,Vande Bharat,BPL,Bhopal Jn,1099,5,Thu,140,Summer,Foggy,0.1,0,102.4,3.6,94.7
22436,Varanasi Vande Bharat Express,Vande Bharat,DHN,Dhanbad Jn,2002,2,Thu,140,Summer,Sunny,0.16,0,36.5,3.2,36.9
12953,August Kranti Rajdhani,Rajdhani,CNB,Kanpur Central,2167,10,Fri,130,Monsoon,Foggy,0.12,0,134.8,4.3,125.6
12431,Trivandrum Rajdhani Express,Rajdhani,BPL,Bhopal Jn,2084,5,Wed,125,Summer,Rainy,0.15,0,40.7,2.1,40.2
12002,Bhopal Shatabdi Express,Shatabdi,KOTA,Kota Jn,363,10,Tue,120,Autumn,Sunny,0.14,0,27.2,2.6,27.9
12628,Karnataka Superfast Express,Superfast,TATA,Tatanagar Jn,180,10,Thu,85,Autumn,Misty,0.19,0,58.7,2.9,52.5
12301,Howrah Rajdhani Express,Rajdhani,CNB,Kanpur Central,1885,15,Sat,130,Summer,Foggy,0.04,1,94.4,1.1,97.2
12002,Bhopal Shatabdi Express,Shatabdi,TATA,Tatanagar Jn,1713,2,Thu,120,Summer,Misty,0.11,0,27.6,1.3,29.7
12259,Sealdah Bikaner Duronto,Duronto,RTM,Ratlam Jn,1652,5,Thu,110,Monsoon,Rainy,0.15,0,68.0,4.0,77.7
12951,Mumbai Rajdhani Express,Rajdhani,DDU,Pt Deen Dayal Upadhyaya,381,2,Fri,130,Winter,Rainy,0.04,0,43.2,4.0,48.7
22436,Varanasi Vande Bharat Express,Vande Bharat,PRYJ,Prayagraj Jn,787,3,Tue,140,Autumn,Rainy,0.15,0,39.5,4.1,38.6
12810,Howrah Mumbai Mail,Mail Superfast,PRYJ,Prayagraj Jn,912,3,Sat,88,Autumn,Foggy,0.19,1,97.9,3.4,92.8
22436,Varanasi Vande Bharat Express,Vande Bharat,DHN,Dhanbad Jn,1617,3,Fri,140,Winter,Rainy,0.11,0,53.1,3.0,48.4
22436,Varanasi Vande Bharat Express,Vande Bharat,GWL,Gwalior Jn,1206,15,Wed,140,Autumn,Sunny,0.09,0,20.3,2.9,22.0
22436,Varanasi Vande Bharat Express,Vande Bharat,MTJ,Mathura Jn,1652,7,Thu,140,Summer,Foggy,0.11,0,49.1,1.1,53.7
12810,Howrah Mumbai Mail,Mail Superfast,AGC,Agra Cantt,882,3,Wed,88,Monsoon,Misty,0.0,0,30.9,2.0,31.1
12431,Trivandrum Rajdhani Express,Rajdhani,BPL,Bhopal Jn,1756,5,Sun,125,Winter,Clear,0.06,1,28.8,2.2,29.0
12953,August Kranti Rajdhani,Rajdhani,AGC,Agra Cantt,1209,5,Thu,130,Monsoon,Rainy,0.14,0,40.8,2.0,37.8
12002,Bhopal Shatabdi Express,Shatabdi,RTM,Ratlam Jn,1259,3,Tue,120,Autumn,Rainy,0.14,0,51.0,4.3,54.2
12953,August Kranti Rajdhani,Rajdhani,KOTA,Kota Jn,617,15,Wed,130,Winter,Clear,0.11,0,8.2,1.4,8.6
12951,Mumbai Rajdhani Express,Rajdhani,MTJ,Mathura Jn,1741,15,Sun,130,Autumn,Clear,0.16,1,30.0,1.3,34.6
12002,Bhopal Shatabdi Express,Shatabdi,DHN,Dhanbad Jn,585,10,Fri,120,Monsoon,Clear,0.2,0,31.8,3.4,32.3
12431,Trivandrum Rajdhani Express,Rajdhani,MTJ,Mathura Jn,346,3,Sun,125,Autumn,Rainy,0.11,1,46.2,4.8,44.1
12002,Bhopal Shatabdi Express,Shatabdi,RTM,Ratlam Jn,1945,15,Tue,120,Winter,Sunny,0.0,0,26.1,2.2,26.5
12628,Karnataka Superfast Express,Superfast,BSP,Bilaspur Jn,1020,5,Wed,85,Summer,Foggy,0.02,0,70.5,4.6,78.3
12810,Howrah Mumbai Mail,Mail Superfast,PRYJ,Prayagraj Jn,1345,10,Sat,88,Monsoon,Foggy,0.02,1,106.4,4.8,108.6
12259,Sealdah Bikaner Duronto,Duronto,PRYJ,Prayagraj Jn,184,5,Wed,110,Winter,Clear,0.05,0,44.6,3.3,49.4
12953,August Kranti Rajdhani,Rajdhani,NGP,Nagpur Jn,1885,15,Thu,130,Monsoon,Sunny,0.2,0,30.8,4.9,34.9
12002,Bhopal Shatabdi Express,Shatabdi,AGC,Agra Cantt,1740,2,Thu,120,Autumn,Rainy,0.13,0,57.2,2.8,50.1
12301,Howrah Rajdhani Express,Rajdhani,TATA,Tatanagar Jn,322,5,Fri,130,Winter,Misty,0.78,0,14.1,3.1,16.3
12810,Howrah Mumbai Mail,Mail Superfast,CNB,Kanpur Central,2085,3,Tue,88,Monsoon,Foggy,0.18,0,134.7,1.1,126.7
12810,Howrah Mumbai Mail,Mail Superfast,CNB,Kanpur Central,564,15,Mon,88,Autumn,Clear,0.04,0,56.3,4.8,60.1
12810,Howrah Mumbai Mail,Mail Superfast,GWL,Gwalior Jn,692,10,Sun,88,Autumn,Foggy,0.05,1,110.9,1.8,124.5
22436,Varanasi Vande Bharat Express,Vande Bharat,MTJ,Mathura Jn,2179,5,Sun,140,Autumn,Rainy,0.19,1,31.7,4.3,31.8
12002,Bhopal Shatabdi Express,Shatabdi,BPL,Bhopal Jn,1645,15,Fri,120,Autumn,Rainy,0.07,0,58.6,4.7,63.6
12301,Howrah Rajdhani Express,Rajdhani,RTM,Ratlam Jn,2037,10,Sun,130,Autumn,Clear,0.06,1,42.2,2.5,42.3
12951,Mumbai Rajdhani Express,Rajdhani,KOTA,Kota Jn,1903,3,Fri,130,Monsoon,Clear,0.17,0,18.9,3.1,17.7
12301,Howrah Rajdhani Express,Rajdhani,TATA,Tatanagar Jn,1185,7,Sat,130,Summer,Clear,0.09,1,34.1,3.5,32.4
12953,August Kranti Rajdhani,Rajdhani,GWL,Gwalior Jn,380,5,Wed,130,Autumn,Misty,0.01,0,36.4,3.5,31.7
22436,Varanasi Vande Bharat Express,Vande Bharat,GWL,Gwalior Jn,1326,2,Mon,140,Winter,Foggy,0.67,0,59.9,1.2,59.3
20801,Magadh Express,Superfast,NGP,Nagpur Jn,1666,5,Sun,85,Summer,Sunny,0.04,1,50.1,3.0,54.5
12810,Howrah Mumbai Mail,Mail Superfast,BPL,Bhopal Jn,747,3,Wed,88,Winter,Foggy,0.96,0,84.8,2.8,91.7
12810,Howrah Mumbai Mail,Mail Superfast,RTM,Ratlam Jn,1570,5,Thu,88,Autumn,Clear,0.05,0,48.0,5.0,42.0
12301,Howrah Rajdhani Express,Rajdhani,MTJ,Mathura Jn,1272,5,Mon,130,Winter,Misty,0.9,0,23.1,3.4,21.9
12002,Bhopal Shatabdi Express,Shatabdi,NGP,Nagpur Jn,236,7,Mon,120,Winter,Rainy,0.16,0,30.7,3.9,28.6
12002,Bhopal Shatabdi Express,Shatabdi,RTM,Ratlam Jn,1216,5,Tue,120,Monsoon,Misty,0.1,0,22.7,2.0,21.1
12259,Sealdah Bikaner Duronto,Duronto,DHN,Dhanbad Jn,1024,10,Mon,110,Autumn,Clear,0.03,0,61.2,4.9,63.8
12301,Howrah Rajdhani Express,Rajdhani,ST,Surat,1173,10,Wed,130,Winter,Foggy,0.75,0,73.9,4.3,66.3
12953,August Kranti Rajdhani,Rajdhani,AGC,Agra Cantt,2001,5,Fri,130,Summer,Clear,0.13,0,27.4,3.6,31.7
12951,Mumbai Rajdhani Express,Rajdhani,MTJ,Mathura Jn,655,10,Thu,130,Winter,Clear,0.05,0,23.9,2.8,24.5
12002,Bhopal Shatabdi Express,Shatabdi,BSP,Bilaspur Jn,1245,2,Thu,120,Winter,Foggy,0.85,0,60.2,3.8,65.4
12259,Sealdah Bikaner Duronto,Duronto,BRC,Vadodara Jn,1569,2,Sat,110,Monsoon,Misty,0.18,1,42.0,2.6,42.6
12628,Karnataka Superfast Express,Superfast,NGP,Nagpur Jn,1097,5,Sat,85,Winter,Clear,0.16,1,48.8,4.1,44.4
12953,August Kranti Rajdhani,Rajdhani,RTM,Ratlam Jn,704,2,Fri,130,Summer,Sunny,0.07,0,38.4,2.1,35.2
22436,Varanasi Vande Bharat Express,Vande Bharat,NGP,Nagpur Jn,1074,7,Sun,140,Winter,Sunny,0.0,1,12.4,1.1,14.0
12301,Howrah Rajdhani Express,Rajdhani,CNB,Kanpur Central,1582,3,Mon,130,Winter,Foggy,0.78,0,91.1,2.8,87.0
12810,Howrah Mumbai Mail,Mail Superfast,BPL,Bhopal Jn,1745,10,Sat,88,Winter,Clear,0.2,1,43.2,3.7,38.5
22436,Varanasi Vande Bharat Express,Vande Bharat,BSP,Bilaspur Jn,616,5,Mon,140,Monsoon,Misty,0.03,0,21.1,3.5,20.5
12810,Howrah Mumbai Mail,Mail Superfast,BPL,Bhopal Jn,568,5,Fri,88,Autumn,Clear,0.16,0,47.5,2.7,48.8
12431,Trivandrum Rajdhani Express,Rajdhani,GWL,Gwalior Jn,1144,7,Thu,125,Winter,Rainy,0.09,0,56.7,4.8,57.9
12259,Sealdah Bikaner Duronto,Duronto,DHN,Dhanbad Jn,1450,3,Tue,110,Winter,Misty,0.98,0,70.2,2.6,62.0
12301,Howrah Rajdhani Express,Rajdhani,TATA,Tatanagar Jn,1540,3,Sat,130,Winter,Rainy,0.12,1,56.0,3.3,50.7
12259,Sealdah Bikaner Duronto,Duronto,BRC,Vadodara Jn,1857,2,Sun,110,Monsoon,Misty,0.05,1,64.4,3.4,60.9
12951,Mumbai Rajdhani Express,Rajdhani,KOTA,Kota Jn,843,5,Wed,130,Monsoon,Rainy,0.07,0,38.8,3.3,36.1
12628,Karnataka Superfast Express,Superfast,GWL,Gwalior Jn,1376,7,Thu,85,Autumn,Rainy,0.03,0,55.1,4.1,63.6
12002,Bhopal Shatabdi Express,Shatabdi,DHN,Dhanbad Jn,1836,15,Fri,120,Winter,Clear,0.05,0,35.1,3.4,36.8
22436,Varanasi Vande Bharat Express,Vande Bharat,MTJ,Mathura Jn,286,5,Sat,140,Autumn,Misty,0.13,1,19.8,2.6,23.2
12810,Howrah Mumbai Mail,Mail Superfast,RTM,Ratlam Jn,591,2,Sun,88,Summer,Rainy,0.06,1,46.6,3.0,45.8
12259,Sealdah Bikaner Duronto,Duronto,BRC,Vadodara Jn,418,7,Thu,110,Winter,Foggy,0.61,0,108.8,3.3,111.6
22436,Varanasi Vande Bharat Express,Vande Bharat,GWL,Gwalior Jn,1984,7,Mon,140,Monsoon,Sunny,0.16,0,28.1,1.4,27.9
12301,Howrah Rajdhani Express,Rajdhani,TATA,Tatanagar Jn,788,3,Wed,130,Monsoon,Sunny,0.07,0,26.6,3.0,26.5
12259,Sealdah Bikaner Duronto,Duronto,AGC,Agra Cantt,1148,5,Sat,110,Summer,Sunny,0.02,1,30.0,1.7,26.4
12431,Trivandrum Rajdhani Express,Rajdhani,BPL,Bhopal Jn,1423,7,Sun,125,Autumn,Misty,0.13,1,15.3,1.6,15.6
12810,Howrah Mumbai Mail,Mail Superfast,DHN,Dhanbad Jn,1371,15,Wed,88,Winter,Rainy,0.1,0,72.3,2.8,65.3
20801,Magadh Express,Superfast,PRYJ,Prayagraj Jn,268,15,Fri,85,Autumn,Foggy,0.12,0,87.5,4.6,84.8
12953,August Kranti Rajdhani,Rajdhani,KOTA,Kota Jn,1506,3,Mon,130,Autumn,Clear,0.16,0,24.7,3.0,25.2
12953,August Kranti Rajdhani,Rajdhani,PRYJ,Prayagraj Jn,1686,10,Tue,130,Monsoon,Rainy,0.18,0,57.7,4.1,55.5
12259,Sealdah Bikaner Duronto,Duronto,BRC,Vadodara Jn,1263,5,Wed,110,Winter,Misty,0.87,0,61.9,3.9,65.2
20801,Magadh Express,Superfast,NGP,Nagpur Jn,1705,5,Tue,85,Monsoon,Rainy,0.19,0,74.6,3.4,77.5
12259,Sealdah Bikaner Duronto,Duronto,TATA,Tatanagar Jn,174,7,Tue,110,Winter,Foggy,0.8,0,111.0,2.2,96.5
12002,Bhopal Shatabdi Express,Shatabdi,BRC,Vadodara Jn,254,7,Wed,120,Winter,Misty,0.91,0,26.6,4.5,25.8
12002,Bhopal Shatabdi Express,Shatabdi,KOTA,Kota Jn,1592,5,Tue,120,Summer,Foggy,0.01,0,106.2,4.9,115.2
12431,Trivandrum Rajdhani Express,Rajdhani,BSP,Bilaspur Jn,1904,15,Sun,125,Summer,Rainy,0.14,1,55.6,4.1,57.0
12002,Bhopal Shatabdi Express,Shatabdi,TATA,Tatanagar Jn,2068,7,Tue,120,Summer,Rainy,0.01,0,66.0,3.2,61.2
12810,Howrah Mumbai Mail,Mail Superfast,BPL,Bhopal Jn,1009,15,Fri,88,Summer,Foggy,0.02,0,107.6,4.5,111.1
12259,Sealdah Bikaner Duronto,Duronto,RTM,Ratlam Jn,1405,3,Thu,110,Winter,Rainy,0.04,0,95.3,4.4,86.7
12002,Bhopal Shatabdi Express,Shatabdi,DHN,Dhanbad Jn,424,2,Sat,120,Autumn,Foggy,0.12,1,93.9,2.0,87.9
12953,August Kranti Rajdhani,Rajdhani,GWL,Gwalior Jn,295,5,Mon,130,Monsoon,Sunny,0.06,0,23.4,2.7,20.9
20801,Magadh Express,Superfast,CNB,Kanpur Central,106,7,Mon,85,Summer,Sunny,0.06,0,31.8,2.0,30.3
22436,Varanasi Vande Bharat Express,Vande Bharat,CNB,Kanpur Central,2179,2,Wed,140,Winter,Misty,0.82,0,17.8,2.6,19.2
12951,Mumbai Rajdhani Express,Rajdhani,AGC,Agra Cantt,524,7,Sun,130,Winter,Rainy,0.05,1,19.6,1.5,18.8
12431,Trivandrum Rajdhani Express,Rajdhani,DDU,Pt Deen Dayal Upadhyaya,1974,2,Thu,125,Summer,Sunny,0.01,0,27.9,2.2,24.7
12953,August Kranti Rajdhani,Rajdhani,GWL,Gwalior Jn,882,5,Sun,130,Autumn,Rainy,0.01,1,53.4,2.4,56.2
22436,Varanasi Vande Bharat Express,Vande Bharat,DHN,Dhanbad Jn,1683,7,Wed,140,Autumn,Foggy,0.15,0,104.6,4.9,95.9
12301,Howrah Rajdhani Express,Rajdhani,BRC,Vadodara Jn,520,3,Thu,130,Summer,Misty,0.06,0,13.1,2.3,13.3
12301,Howrah Rajdhani Express,Rajdhani,KOTA,Kota Jn,1544,10,Sat,130,Autumn,Rainy,0.09,1,68.1,2.1,71.0
12002,Bhopal Shatabdi Express,Shatabdi,ST,Surat,1066,7,Tue,120,Autumn,Clear,0.03,0,32.7,2.4,38.0
12002,Bhopal Shatabdi Express,Shatabdi,NGP,Nagpur Jn,414,5,Thu,120,Monsoon,Rainy,0.09,0,48.7,3.1,45.5
12431,Trivandrum Rajdhani Express,Rajdhani,CNB,Kanpur Central,1927,5,Thu,125,Winter,Rainy,0.15,0,68.3,5.0,68.5
22436,Varanasi Vande Bharat Express,Vande Bharat,KOTA,Kota Jn,1923,3,Sun,140,Winter,Foggy,0.67,1,124.0,4.2,122.2
12810,Howrah Mumbai Mail,Mail Superfast,BSP,Bilaspur Jn,2183,5,Wed,88,Summer,Sunny,0.16,0,24.5,1.5,27.5
12431,Trivandrum Rajdhani Express,Rajdhani,ST,Surat,631,3,Wed,125,Monsoon,Foggy,0.16,0,77.4,1.3,79.6
20801,Magadh Express,Superfast,BRC,Vadodara Jn,1511,5,Tue,85,Monsoon,Clear,0.09,0,67.6,4.5,64.9
12002,Bhopal Shatabdi Express,Shatabdi,DHN,Dhanbad Jn,326,3,Tue,120,Autumn,Misty,0.18,0,25.4,3.1,27.7
12953,August Kranti Rajdhani,Rajdhani,BSP,Bilaspur Jn,1224,5,Wed,130,Winter,Rainy,0.04,0,57.4,3.5,55.1
20801,Magadh Express,Superfast,PRYJ,Prayagraj Jn,1482,2,Tue,85,Summer,Misty,0.14,0,42.3,4.3,41.3
12628,Karnataka Superfast Express,Superfast,DHN,Dhanbad Jn,2139,5,Fri,85,Autumn,Misty,0.13,0,45.4,3.6,49.2
12301,Howrah Rajdhani Express,Rajdhani,MTJ,Mathura Jn,1802,15,Thu,130,Winter,Clear,0.03,0,35.1,2.9,37.1
12259,Sealdah Bikaner Duronto,Duronto,GWL,Gwalior Jn,1407,5,Tue,110,Monsoon,Misty,0.11,0,43.0,2.9,46.5
22436,Varanasi Vande Bharat Express,Vande Bharat,ST,Surat,754,7,Wed,140,Autumn,Misty,0.08,0,34.0,4.7,29.6
12431,Trivandrum Rajdhani Express,Rajdhani,BPL,Bhopal Jn,1710,15,Wed,125,Autumn,Clear,0.02,0,35.7,4.9,37.3
12951,Mumbai Rajdhani Express,Rajdhani,MTJ,Mathura Jn,540,10,Thu,130,Autumn,Rainy,0.11,0,25.4,1.5,29.4
12953,August Kranti Rajdhani,Rajdhani,RTM,Ratlam Jn,1944,5,Wed,130,Monsoon,Clear,0.08,0,42.4,4.3,41.0
12002,Bhopal Shatabdi Express,Shatabdi,BRC,Vadodara Jn,1597,5,Thu,120,Monsoon,Rainy,0.11,0,49.7,1.8,52.3
12431,Trivandrum Rajdhani Express,Rajdhani,CNB,Kanpur Central,672,7,Thu,125,Summer,Misty,0.18,0,26.6,4.7,27.5
20801,Magadh Express,Superfast,DDU,Pt Deen Dayal Upadhyaya,2187,15,Sun,85,Monsoon,Misty,0.07,1,52.7,3.8,50.1
12301,Howrah Rajdhani Express,Rajdhani,PRYJ,Prayagraj Jn,1032,2,Wed,130,Winter,Misty,0.79,0,17.8,3.3,17.1
20801,Magadh Express,Superfast,DHN,Dhanbad Jn,1092,2,Sun,85,Autumn,Sunny,0.16,1,54.3,3.3,55.7
12301,Howrah Rajdhani Express,Rajdhani,DDU,Pt Deen Dayal Upadhyaya,2031,2,Tue,130,Autumn,Misty,0.15,0,44.2,3.8,43.4
12431,Trivandrum Rajdhani Express,Rajdhani,CNB,Kanpur Central,1502,7,Thu,125,Monsoon,Sunny,0.09,0,31.0,3.7,33.4
12431,Trivandrum Rajdhani Express,Rajdhani,RTM,Ratlam Jn,1319,5,Tue,125,Monsoon,Misty,0.06,0,24.3,3.8,24.4
12431,Trivandrum Rajdhani Express,Rajdhani,AGC,Agra Cantt,1655,10,Fri,125,Monsoon,Rainy,0.02,0,71.8,4.3,67.5
12259,Sealdah Bikaner Duronto,Duronto,BSP,Bilaspur Jn,1210,5,Thu,110,Monsoon,Foggy,0.04,0,101.9,1.5,110.4
12953,August Kranti Rajdhani,Rajdhani,RTM,Ratlam Jn,1452,15,Sat,130,Summer,Clear,0.02,1,40.3,1.4,35.7
12301,Howrah Rajdhani Express,Rajdhani,NGP,Nagpur Jn,1276,7,Thu,130,Autumn,Sunny,0.15,0,20.2,2.1,18.7
20801,Magadh Express,Superfast,RTM,Ratlam Jn,820,2,Fri,85,Winter,Sunny,0.08,0,35.2,5.0,30.9
12810,Howrah Mumbai Mail,Mail Superfast,BSP,Bilaspur Jn,539,7,Mon,88,Winter,Rainy,0.11,0,77.4,2.1,77.5
12002,Bhopal Shatabdi Express,Shatabdi,TATA,Tatanagar Jn,561,7,Fri,120,Autumn,Rainy,0.04,0,41.7,1.6,38.4
20801,Magadh Express,Superfast,NGP,Nagpur Jn,1760,10,Sun,85,Summer,Sunny,0.12,1,44.6,3.1,42.4
12002,Bhopal Shatabdi Express,Shatabdi,KOTA,Kota Jn,1671,5,Thu,120,Monsoon,Sunny,0.0,0,26.2,2.8,25.6
12810,Howrah Mumbai Mail,Mail Superfast,NGP,Nagpur Jn,2006,5,Wed,88,Summer,Clear,0.13,0,68.7,1.6,61.0
12810,Howrah Mumbai Mail,Mail Superfast,DDU,Pt Deen Dayal Upadhyaya,997,5,Mon,88,Monsoon,Rainy,0.12,0,72.6,2.9,64.6
12953,August Kranti Rajdhani,Rajdhani,DHN,Dhanbad Jn,435,15,Sat,130,Summer,Sunny,0.14,1,29.7,3.1,26.4
22436,Varanasi Vande Bharat Express,Vande Bharat,ST,Surat,773,7,Sun,140,Summer,Misty,0.11,1,21.0,4.4,21.1
12953,August Kranti Rajdhani,Rajdhani,BPL,Bhopal Jn,1801,15,Sun,130,Winter,Foggy,0.65,1,87.5,3.3,92.8
12951,Mumbai Rajdhani Express,Rajdhani,GWL,Gwalior Jn,285,10,Wed,130,Winter,Sunny,0.12,0,22.3,2.4,25.6
12431,Trivandrum Rajdhani Express,Rajdhani,ST,Surat,1821,7,Wed,125,Autumn,Sunny,0.15,0,41.4,5.0,37.3
12301,Howrah Rajdhani Express,Rajdhani,GWL,Gwalior Jn,1709,5,Mon,130,Summer,Rainy,0.02,0,48.1,3.9,45.7
12953,August Kranti Rajdhani,Rajdhani,GWL,Gwalior Jn,1517,5,Fri,130,Autumn,Sunny,0.05,0,36.6,2.1,34.3
22436,Varanasi Vande Bharat Express,Vande Bharat,ST,Surat,164,5,Sun,140,Autumn,Misty,0.15,1,17.3,1.8,16.3
12951,Mumbai Rajdhani Express,Rajdhani,RTM,Ratlam Jn,989,2,Sat,130,Winter,Foggy,0.78,1,74.8,1.6,66.5
20801,Magadh Express,Superfast,AGC,Agra Cantt,686,5,Fri,85,Monsoon,Sunny,0.06,0,25.1,2.7,23.4
12002,Bhopal Shatabdi Express,Shatabdi,NGP,Nagpur Jn,1510,10,Sat,120,Autumn,Misty,0.1,1,29.9,4.1,30.7
12002,Bhopal Shatabdi Express,Shatabdi,MTJ,Mathura Jn,1023,5,Thu,120,Summer,Misty,0.09,0,25.2,4.4,25.9
12301,Howrah Rajdhani Express,Rajdhani,CNB,Kanpur Central,932,7,Fri,130,Summer,Foggy,0.05,0,99.8,3.6,113.7
12628,Karnataka Superfast Express,Superfast,ST,Surat,398,5,Wed,85,Autumn,Misty,0.12,0,40.5,4.2,44.4
12259,Sealdah Bikaner Duronto,Duronto,MTJ,Mathura Jn,580,15,Mon,110,Summer,Sunny,0.19,0,53.3,4.7,50.2
12301,Howrah Rajdhani Express,Rajdhani,BSP,Bilaspur Jn,1571,5,Tue,130,Monsoon,Rainy,0.08,0,60.4,2.0,61.0
12259,Sealdah Bikaner Duronto,Duronto,BSP,Bilaspur Jn,1006,5,Tue,110,Monsoon,Rainy,0.08,0,75.2,1.1,70.5
12810,Howrah Mumbai Mail,Mail Superfast,KOTA,Kota Jn,1106,15,Tue,88,Monsoon,Sunny,0.08,0,57.3,3.2,57.5
12431,Trivandrum Rajdhani Express,Rajdhani,BPL,Bhopal Jn,2100,5,Tue,125,Monsoon,Sunny,0.03,0,52.2,4.7,50.1
12951,Mumbai Rajdhani Express,Rajdhani,CNB,Kanpur Central,1789,5,Mon,130,Winter,Clear,0.15,0,33.1,4.4,33.0
12259,Sealdah Bikaner Duronto,Duronto,ST,Surat,1784,2,Fri,110,Autumn,Foggy,0.0,0,101.7,1.1,108.7
12953,August Kranti Rajdhani,Rajdhani,TATA,Tatanagar Jn,494,5,Sat,130,Autumn,Sunny,0.02,1,22.0,2.0,20.2
22436,Varanasi Vande Bharat Express,Vande Bharat,AGC,Agra Cantt,1025,5,Thu,140,Autumn,Misty,0.05,0,35.0,3.7,33.5
12951,Mumbai Rajdhani Express,Rajdhani,BRC,Vadodara Jn,329,2,Thu,130,Autumn,Foggy,0.11,0,106.3,3.8,93.0
22436,Varanasi Vande Bharat Express,Vande Bharat,BSP,Bilaspur Jn,2047,5,Fri,140,Winter,Sunny,0.04,0,19.1,1.2,16.9
12953,August Kranti Rajdhani,Rajdhani,PRYJ,Prayagraj Jn,1388,2,Sat,130,Winter,Sunny,0.19,1,35.7,4.8,36.8
22436,Varanasi Vande Bharat Express,Vande Bharat,MTJ,Mathura Jn,1693,7,Tue,140,Summer,Misty,0.17,0,20.3,2.5,18.7
22436,Varanasi Vande Bharat Express,Vande Bharat,CNB,Kanpur Central,1050,3,Sat,140,Monsoon,Clear,0.02,1,31.1,2.4,28.7
12951,Mumbai Rajdhani Express,Rajdhani,NGP,Nagpur Jn,1637,10,Wed,130,Autumn,Foggy,0.05,0,78.7,1.7,72.8
12810,Howrah Mumbai Mail,Mail Superfast,DHN,Dhanbad Jn,1656,5,Tue,88,Winter,Clear,0.05,0,42.8,4.0,45.4
12259,Sealdah Bikaner Duronto,Duronto,DHN,Dhanbad Jn,1865,15,Wed,110,Winter,Sunny,0.02,0,45.8,3.2,52.0
22436,Varanasi Vande Bharat Express,Vande Bharat,AGC,Agra Cantt,1428,10,Fri,140,Winter,Misty,0.84,0,20.4,1.0,20.0
12628,Karnataka Superfast Express,Superfast,PRYJ,Prayagraj Jn,1201,5,Fri,85,Summer,Foggy,0.03,0,46.6,2.1,50.0
12810,Howrah Mumbai Mail,Mail Superfast,BPL,Bhopal Jn,1110,15,Sun,88,Winter,Rainy,0.05,1,38.7,3.4,40.8
20801,Magadh Express,Superfast,GWL,Gwalior Jn,657,5,Sun,85,Monsoon,Foggy,0.07,1,98.2,2.3,104.0
12301,Howrah Rajdhani Express,Rajdhani,AGC,Agra Cantt,1434,10,Wed,130,Autumn,Misty,0.16,0,19.5,2.1,21.4
12953,August Kranti Rajdhani,Rajdhani,KOTA,Kota Jn,958,15,Sat,130,Winter,Foggy,0.98,1,77.4,4.2,70.1
12301,Howrah Rajdhani Express,Rajdhani,NGP,Nagpur Jn,731,10,Thu,130,Summer,Rainy,0.05,0,45.6,4.2,45.5
12301,Howrah Rajdhani Express,Rajdhani,CNB,Kanpur Central,448,3,Mon,130,Monsoon,Misty,0.12,0,27.4,4.1,28.6
20801,Magadh Express,Superfast,ST,Surat,1863,3,Fri,85,Autumn,Rainy,0.19,0,47.1,1.0,46.1
12431,Trivandrum Rajdhani Express,Rajdhani,AGC,Agra Cantt,717,7,Thu,125,Autumn,Misty,0.14,0,27.7,5.0,29.5
22436,Varanasi Vande Bharat Express,Vande Bharat,BRC,Vadodara Jn,1965,5,Sun,140,Summer,Rainy,0.06,1,35.0,3.1,40.2
12951,Mumbai Rajdhani Express,Rajdhani,DHN,Dhanbad Jn,547,5,Sat,130,Winter,Clear,0.17,1,25.5,4.7,25.4
12953,August Kranti Rajdhani,Rajdhani,KOTA,Kota Jn,1759,5,Wed,130,Autumn,Foggy,0.05,0,75.4,1.7,76.6
12301,Howrah Rajdhani Express,Rajdhani,GWL,Gwalior Jn,356,3,Mon,130,Summer,Sunny,0.06,0,12.7,4.2,13.2
12628,Karnataka Superfast Express,Superfast,BPL,Bhopal Jn,1383,10,Mon,85,Monsoon,Foggy,0.11,0,110.0,3.4,100.5
12810,Howrah Mumbai Mail,Mail Superfast,BSP,Bilaspur Jn,1077,5,Fri,88,Winter,Sunny,0.06,0,24.0,1.5,26.9
12301,Howrah Rajdhani Express,Rajdhani,GWL,Gwalior Jn,860,15,Fri,130,Summer,Misty,0.08,0,14.0,3.5,13.8
12431,Trivandrum Rajdhani Express,Rajdhani,MTJ,Mathura Jn,319,7,Tue,125,Summer,Rainy,0.17,0,19.5,4.8,20.2
12953,August Kranti Rajdhani,Rajdhani,CNB,Kanpur Central,1802,15,Sat,130,Autumn,Foggy,0.14,1,45.4,3.0,48.7
12953,August Kranti Rajdhani,Rajdhani,MTJ,Mathura Jn,2128,3,Tue,130,Autumn,Misty,0.15,0,28.0,3.3,27.6
12259,Sealdah Bikaner Duronto,Duronto,CNB,Kanpur Central,1841,3,Sun,110,Winter,Foggy,0.82,1,90.9,3.9,97.9
22436,Varanasi Vande Bharat Express,Vande Bharat,BPL,Bhopal Jn,1536,10,Sun,140,Winter,Sunny,0.04,1,16.7,1.7,18.3
12628,Karnataka Superfast Express,Superfast,DHN,Dhanbad Jn,789,7,Mon,85,Monsoon,Misty,0.06,0,27.0,4.9,26.9
22436,Varanasi Vande Bharat Express,Vande Bharat,KOTA,Kota Jn,619,5,Sun,140,Autumn,Clear,0.2,1,12.2,2.0,11.1
12301,Howrah Rajdhani Express,Rajdhani,BPL,Bhopal Jn,409,3,Tue,130,Monsoon,Foggy,0.08,0,96.7,2.6,97.0
20801,Magadh Express,Superfast,ST,Surat,1567,3,Sun,85,Winter,Foggy,0.85,1,144.1,4.2,131.3
12431,Trivandrum Rajdhani Express,Rajdhani,MTJ,Mathura Jn,634,15,Wed,125,Monsoon,Rainy,0.11,0,73.2,4.2,66.5
12951,Mumbai Rajdhani Express,Rajdhani,BRC,Vadodara Jn,1852,5,Sun,130,Summer,Foggy,0.09,1,122.4,5.0,130.1
12810,Howrah Mumbai Mail,Mail Superfast,BRC,Vadodara Jn,777,2,Sat,88,Monsoon,Rainy,0.02,1,60.9,2.6,57.4
12951,Mumbai Rajdhani Express,Rajdhani,RTM,Ratlam Jn,1922,2,Thu,130,Winter,Sunny,0.12,0,29.0,1.0,32.7
12301,Howrah Rajdhani Express,Rajdhani,DDU,Pt Deen Dayal Upadhyaya,465,3,Tue,130,Autumn,Clear,0.05,0,13.5,1.4,12.3
12002,Bhopal Shatabdi Express,Shatabdi,NGP,Nagpur Jn,134,5,Sat,120,Summer,Clear,0.11,1,31.2,2.8,30.0
12002,Bhopal Shatabdi Express,Shatabdi,BSP,Bilaspur Jn,511,5,Thu,120,Autumn,Sunny,0.02,0,17.0,4.0,18.0
12002,Bhopal Shatabdi Express,Shatabdi,RTM,Ratlam Jn,1267,2,Wed,120,Winter,Sunny,0.11,0,45.4,4.4,48.3
12953,August Kranti Rajdhani,Rajdhani,PRYJ,Prayagraj Jn,323,5,Fri,130,Summer,Foggy,0.06,0,72.7,3.0,63.6
12259,Sealdah Bikaner Duronto,Duronto,BSP,Bilaspur Jn,1823,7,Wed,110,Summer,Foggy,0.17,0,99.3,3.2,86.6
22436,Varanasi Vande Bharat Express,Vande Bharat,ST,Surat,263,2,Fri,140,Winter,Clear,0.05,0,21.5,4.8,19.9
12301,Howrah Rajdhani Express,Rajdhani,DDU,Pt Deen Dayal Upadhyaya,725,5,Thu,130,Winter,Misty,0.82,0,23.4,1.3,20.8
12002,Bhopal Shatabdi Express,Shatabdi,CNB,Kanpur Central,370,5,Wed,120,Autumn,Misty,0.13,0,27.2,3.8,31.1
12301,Howrah Rajdhani Express,Rajdhani,BRC,Vadodara Jn,819,3,Thu,130,Winter,Rainy,0.13,0,21.0,1.1,21.0
12259,Sealdah Bikaner Duronto,Duronto,CNB,Kanpur Central,1200,3,Fri,110,Monsoon,Sunny,0.07,0,27.6,4.1,31.8
20801,Magadh Express,Superfast,NGP,Nagpur Jn,327,15,Mon,85,Autumn,Foggy,0.1,0,60.8,4.4,56.2
20801,Magadh Express,Superfast,NGP,Nagpur Jn,110,2,Sat,85,Winter,Sunny,0.15,1,30.6,4.4,27.2
12002,Bhopal Shatabdi Express,Shatabdi,BSP,Bilaspur Jn,1817,5,Sun,120,Winter,Misty,0.92,1,35.1,2.3,32.9
12810,Howrah Mumbai Mail,Mail Superfast,TATA,Tatanagar Jn,315,5,Mon,88,Monsoon,Clear,0.1,0,45.2,1.9,40.6
12810,Howrah Mumbai Mail,Mail Superfast,DHN,Dhanbad Jn,1970,2,Sun,88,Monsoon,Rainy,0.02,1,73.5,2.5,68.6
12628,Karnataka Superfast Express,Superfast,BPL,Bhopal Jn,1104,5,Wed,85,Autumn,Sunny,0.15,0,37.8,1.0,34.3
12951,Mumbai Rajdhani Express,Rajdhani,AGC,Agra Cantt,1075,10,Mon,130,Autumn,Rainy,0.02,0,58.9,3.0,55.4
22436,Varanasi Vande Bharat Express,Vande Bharat,ST,Surat,447,3,Tue,140,Autumn,Rainy,0.09,0,37.0,3.0,35.3
12002,Bhopal Shatabdi Express,Shatabdi,RTM,Ratlam Jn,1709,7,Wed,120,Monsoon,Rainy,0.19,0,35.0,2.3,38.4
20801,Magadh Express,Superfast,BRC,Vadodara Jn,1386,10,Tue,85,Winter,Sunny,0.09,0,36.1,1.5,36.5
22436,Varanasi Vande Bharat Express,Vande Bharat,BRC,Vadodara Jn,1442,5,Tue,140,Monsoon,Misty,0.01,0,11.4,1.4,11.9
12953,August Kranti Rajdhani,Rajdhani,ST,Surat,812,2,Sat,130,Monsoon,Rainy,0.16,1,48.2,4.8,54.7
12002,Bhopal Shatabdi Express,Shatabdi,BRC,Vadodara Jn,1740,7,Mon,120,Winter,Sunny,0.03,0,37.6,3.7,43.0
20801,Magadh Express,Superfast,MTJ,Mathura Jn,909,15,Sun,85,Winter,Clear,0.2,1,32.7,4.2,36.9
12431,Trivandrum Rajdhani Express,Rajdhani,ST,Surat,1667,10,Tue,125,Autumn,Foggy,0.1,0,43.6,1.7,46.7
12002,Bhopal Shatabdi Express,Shatabdi,ST,Surat,2062,2,Fri,120,Summer,Rainy,0.1,0,38.1,1.4,41.2
12953,August Kranti Rajdhani,Rajdhani,DHN,Dhanbad Jn,2085,7,Mon,130,Autumn,Rainy,0.1,0,45.3,4.7,50.1
12259,Sealdah Bikaner Duronto,Duronto,PRYJ,Prayagraj Jn,2032,7,Tue,110,Winter,Rainy,0.01,0,104.3,4.1,112.2
12951,Mumbai Rajdhani Express,Rajdhani,DHN,Dhanbad Jn,811,5,Tue,130,Autumn,Rainy,0.19,0,45.8,1.9,47.8
20801,Magadh Express,Superfast,ST,Surat,871,15,Sat,85,Monsoon,Misty,0.11,1,33.2,3.2,32.2
12951,Mumbai Rajdhani Express,Rajdhani,CNB,Kanpur Central,925,5,Thu,130,Winter,Rainy,0.18,0,50.0,2.4,45.0
12951,Mumbai Rajdhani Express,Rajdhani,ST,Surat,1594,3,Tue,130,Summer,Clear,0.17,0,31.4,2.5,33.4
12002,Bhopal Shatabdi Express,Shatabdi,KOTA,Kota Jn,813,7,Sat,120,Autumn,Foggy,0.13,1,55.1,1.9,58.5
12810,Howrah Mumbai Mail,Mail Superfast,KOTA,Kota Jn,232,5,Tue,88,Winter,Misty,0.76,0,60.9,3.4,59.7
12431,Trivandrum Rajdhani Express,Rajdhani,KOTA,Kota Jn,1408,5,Wed,125,Winter,Sunny,0.07,0,40.7,3.5,37.1
12259,Sealdah Bikaner Duronto,Duronto,BPL,Bhopal Jn,377,7,Mon,110,Monsoon,Sunny,0.05,0,27.1,2.0,25.3
12002,Bhopal Shatabdi Express,Shatabdi,BSP,Bilaspur Jn,1637,3,Thu,120,Autumn,Foggy,0.07,0,111.3,4.3,103.3
12628,Karnataka Superfast Express,Superfast,KOTA,Kota Jn,1405,5,Thu,85,Winter,Clear,0.06,0,41.5,4.8,38.8
12953,August Kranti Rajdhani,Rajdhani,BSP,Bilaspur Jn,2077,2,Mon,130,Monsoon,Misty,0.2,0,42.3,2.7,41.0
12301,Howrah Rajdhani Express,Rajdhani,KOTA,Kota Jn,878,10,Mon,130,Winter,Rainy,0.04,0,50.9,3.8,55.3
12951,Mumbai Rajdhani Express,Rajdhani,GWL,Gwalior Jn,115,10,Fri,130,Autumn,Sunny,0.01,0,23.9,1.4,23.0
12431,Trivandrum Rajdhani Express,Rajdhani,RTM,Ratlam Jn,1295,3,Mon,125,Winter,Sunny,0.03,0,26.5,2.9,23.7
12810,Howrah Mumbai Mail,Mail Superfast,BRC,Vadodara Jn,1662,7,Sat,88,Autumn,Sunny,0.07,1,19.0,1.7,19.4
12810,Howrah Mumbai Mail,Mail Superfast,RTM,Ratlam Jn,496,3,Sun,88,Monsoon,Misty,0.01,1,41.9,3.7,45.6
12951,Mumbai Rajdhani Express,Rajdhani,TATA,Tatanagar Jn,2044,5,Thu,130,Autumn,Misty,0.14,0,36.9,2.9,32.9
12951,Mumbai Rajdhani Express,Rajdhani,CNB,Kanpur Central,1939,5,Fri,130,Summer,Clear,0.19,0,30.9,4.8,35.8
22436,Varanasi Vande Bharat Express,Vande Bharat,NGP,Nagpur Jn,1156,7,Thu,140,Summer,Sunny,0.17,0,31.8,4.6,36.5
12301,Howrah Rajdhani Express,Rajdhani,CNB,Kanpur Central,150,10,Thu,130,Monsoon,Rainy,0.1,0,14.5,1.5,16.5
22436,Varanasi Vande Bharat Express,Vande Bharat,PRYJ,Prayagraj Jn,1508,10,Sun,140,Winter,Rainy,0.17,1,38.1,2.1,38.4
12002,Bhopal Shatabdi Express,Shatabdi,MTJ,Mathura Jn,1745,2,Thu,120,Summer,Misty,0.12,0,38.1,2.6,38.4
12810,Howrah Mumbai Mail,Mail Superfast,BSP,Bilaspur Jn,1341,5,Wed,88,Winter,Rainy,0.16,0,57.1,2.1,64.9
12628,Karnataka Superfast Express,Superfast,KOTA,Kota Jn,1807,3,Wed,85,Autumn,Rainy,0.05,0,66.7,1.8,60.1
12951,Mumbai Rajdhani Express,Rajdhani,CNB,Kanpur Central,2175,10,Sun,130,Summer,Clear,0.06,1,28.2,1.5,25.3
12951,Mumbai Rajdhani Express,Rajdhani,KOTA,Kota Jn,1969,2,Tue,130,Summer,Clear,0.05,0,41.2,4.7,41.1
22436,Varanasi Vande Bharat Express,Vande Bharat,NGP,Nagpur Jn,1927,5,Mon,140,Summer,Rainy,0.1,0,64.9,4.8,68.1
12810,Howrah Mumbai Mail,Mail Superfast,DDU,Pt Deen Dayal Upadhyaya,303,5,Sun,88,Winter,Rainy,0.01,1,63.0,4.4,69.1
12301,Howrah Rajdhani Express,Rajdhani,CNB,Kanpur Central,809,2,Mon,130,Winter,Foggy,0.96,0,119.7,1.9,112.5
12810,Howrah Mumbai Mail,Mail Superfast,GWL,Gwalior Jn,2011,5,Thu,88,Monsoon,Foggy,0.05,0,126.5,3.7,120.6
12259,Sealdah Bikaner Duronto,Duronto,CNB,Kanpur Central,2073,3,Sat,110,Monsoon,Rainy,0.14,1,57.4,2.3,61.5
12810,Howrah Mumbai Mail,Mail Superfast,RTM,Ratlam Jn,1755,7,Tue,88,Summer,Clear,0.16,0,45.6,3.7,49.2
12301,Howrah Rajdhani Express,Rajdhani,GWL,Gwalior Jn,877,7,Thu,130,Winter,Misty,0.88,0,6.9,3.9,6.8
12431,Trivandrum Rajdhani Express,Rajdhani,BSP,Bilaspur Jn,796,5,Sat,125,Monsoon,Misty,0.06,1,21.0,2.2,20.6
12002,Bhopal Shatabdi Express,Shatabdi,NGP,Nagpur Jn,1357,10,Wed,120,Winter,Sunny,0.07,0,21.5,4.2,23.2
12810,Howrah Mumbai Mail,Mail Superfast,BPL,Bhopal Jn,391,15,Sun,88,Winter,Foggy,0.62,1,105.1,4.6,121.3
12002,Bhopal Shatabdi Express,Shatabdi,KOTA,Kota Jn,1974,5,Tue,120,Monsoon,Foggy,0.2,0,114.8,2.3,115.2
12002,Bhopal Shatabdi Express,Shatabdi,AGC,Agra Cantt,957,5,Sat,120,Winter,Clear,0.09,1,23.1,3.3,26.0
12301,Howrah Rajdhani Express,Rajdhani,NGP,Nagpur Jn,1670,2,Thu,130,Autumn,Foggy,0.19,0,48.3,1.2,56.5
12259,Sealdah Bikaner Duronto,Duronto,DHN,Dhanbad Jn,1119,5,Sun,110,Summer,Clear,0.14,1,46.3,3.8,45.1
12002,Bhopal Shatabdi Express,Shatabdi,BRC,Vadodara Jn,1967,7,Sun,120,Winter,Rainy,0.19,1,63.3,2.7,55.1
12431,Trivandrum Rajdhani Express,Rajdhani,AGC,Agra Cantt,1752,2,Sun,125,Summer,Sunny,0.19,1,39.2,1.9,38.2
12002,Bhopal Shatabdi Express,Shatabdi,BRC,Vadodara Jn,1147,2,Wed,120,Winter,Foggy,0.95,0,64.5,3.4,58.6
12951,Mumbai Rajdhani Express,Rajdhani,DDU,Pt Deen Dayal Upadhyaya,1135,15,Mon,130,Autumn,Foggy,0.08,0,87.8,3.8,99.7
12953,August Kranti Rajdhani,Rajdhani,MTJ,Mathura Jn,529,3,Fri,130,Summer,Foggy,0.17,0,81.2,2.1,78.6
12810,Howrah Mumbai Mail,Mail Superfast,TATA,Tatanagar Jn,1309,5,Fri,88,Summer,Rainy,0.14,0,49.9,1.2,58.6
22436,Varanasi Vande Bharat Express,Vande Bharat,BSP,Bilaspur Jn,2195,3,Mon,140,Autumn,Sunny,0.19,0,27.6,3.9,29.8
12628,Karnataka Superfast Express,Superfast,BPL,Bhopal Jn,815,2,Wed,85,Monsoon,Foggy,0.01,0,117.2,4.4,106.0
12951,Mumbai Rajdhani Express,Rajdhani,ST,Surat,1892,5,Sun,130,Summer,Sunny,0.07,1,36.8,4.5,33.6
12002,Bhopal Shatabdi Express,Shatabdi,BRC,Vadodara Jn,1679,15,Thu,120,Autumn,Foggy,0.05,0,107.0,4.2,123.3
12002,Bhopal Shatabdi Express,Shatabdi,BRC,Vadodara Jn,842,10,Thu,120,Autumn,Misty,0.14,0,43.1,4.1,38.9
12002,Bhopal Shatabdi Express,Shatabdi,BPL,Bhopal Jn,359,5,Thu,120,Winter,Foggy,0.78,0,94.7,3.6,88.7
12628,Karnataka Superfast Express,Superfast,NGP,Nagpur Jn,490,10,Sun,85,Monsoon,Misty,0.1,1,28.5,3.6,29.9
12301,Howrah Rajdhani Express,Rajdhani,KOTA,Kota Jn,742,15,Sun,130,Winter,Clear,0.13,1,37.4,4.4,40.6
12810,Howrah Mumbai Mail,Mail Superfast,ST,Surat,1751,5,Fri,88,Summer,Misty,0.13,0,45.5,1.3,44.5
22436,Varanasi Vande Bharat Express,Vande Bharat,TATA,Tatanagar Jn,2137,2,Thu,140,Autumn,Rainy,0.02,0,50.6,1.4,49.1
20801,Magadh Express,Superfast,NGP,Nagpur Jn,1588,2,Wed,85,Summer,Foggy,0.19,0,118.6,4.3,109.8
20801,Magadh Express,Superfast,BPL,Bhopal Jn,1008,2,Sat,85,Monsoon,Foggy,0.02,1,148.8,2.4,140.3
12951,Mumbai Rajdhani Express,Rajdhani,BSP,Bilaspur Jn,1776,3,Tue,130,Autumn,Sunny,0.16,0,27.7,2.0,31.2
12301,Howrah Rajdhani Express,Rajdhani,RTM,Ratlam Jn,1797,2,Thu,130,Summer,Rainy,0.02,0,69.2,4.7,66.1
12953,August Kranti Rajdhani,Rajdhani,KOTA,Kota Jn,1872,15,Thu,130,Winter,Misty,0.89,0,41.1,4.7,36.6
20801,Magadh Express,Superfast,KOTA,Kota Jn,1418,10,Sat,85,Summer,Clear,0.08,1,47.1,2.7,48.6
12259,Sealdah Bikaner Duronto,Duronto,MTJ,Mathura Jn,2198,5,Thu,110,Summer,Sunny,0.08,0,52.6,4.4,55.7
12953,August Kranti Rajdhani,Rajdhani,NGP,Nagpur Jn,1290,7,Tue,130,Summer,Sunny,0.12,0,22.3,4.7,24.7
12953,August Kranti Rajdhani,Rajdhani,DDU,Pt Deen Dayal Upadhyaya,2067,10,Sat,130,Monsoon,Clear,0.15,1,27.4,3.7,27.1
12301,Howrah Rajdhani Express,Rajdhani,DHN,Dhanbad Jn,317,2,Mon,130,Winter,Clear,0.08,0,21.0,1.8,22.7
12951,Mumbai Rajdhani Express,Rajdhani,DDU,Pt Deen Dayal Upadhyaya,232,7,Sun,130,Monsoon,Sunny,0.15,1,25.1,4.3,22.6
12953,August Kranti Rajdhani,Rajdhani,TATA,Tatanagar Jn,1278,2,Tue,130,Autumn,Sunny,0.1,0,45.6,4.7,48.3
12953,August Kranti Rajdhani,Rajdhani,ST,Surat,1914,5,Mon,130,Monsoon,Sunny,0.12,0,39.3,4.6,37.6
20801,Magadh Express,Superfast,CNB,Kanpur Central,826,3,Sat,85,Summer,Sunny,0.06,1,18.3,1.7,18.7
12953,August Kranti Rajdhani,Rajdhani,MTJ,Mathura Jn,123,7,Tue,130,Summer,Misty,0.17,0,21.3,2.9,24.7
12259,Sealdah Bikaner Duronto,Duronto,PRYJ,Prayagraj Jn,1566,3,Mon,110,Monsoon,Foggy,0.16,0,81.0,4.1,80.9
12301,Howrah Rajdhani Express,Rajdhani,CNB,Kanpur Central,973,7,Fri,130,Autumn,Clear,0.07,0,25.3,2.3,22.3
20801,Magadh Express,Superfast,CNB,Kanpur Central,1925,5,Thu,85,Winter,Clear,0.13,0,52.8,4.6,50.1
12259,Sealdah Bikaner Duronto,Duronto,GWL,Gwalior Jn,1258,2,Sun,110,Winter,Foggy,0.7,1,108.9,4.6,99.8
12431,Trivandrum Rajdhani Express,Rajdhani,BPL,Bhopal Jn,437,3,Mon,125,Monsoon,Sunny,0.06,0,20.1,1.7,23.1
12628,Karnataka Superfast Express,Superfast,TATA,Tatanagar Jn,1882,3,Sat,85,Autumn,Clear,0.04,1,39.5,4.0,40.0
12259,Sealdah Bikaner Duronto,Duronto,ST,Surat,1131,3,Mon,110,Winter,Clear,0.04,0,35.7,3.3,34.4
12301,Howrah Rajdhani Express,Rajdhani,AGC,Agra Cantt,359,2,Mon,130,Autumn,Clear,0.11,0,26.2,3.8,23.2
22436,Varanasi Vande Bharat Express,Vande Bharat,MTJ,Mathura Jn,1892,10,Sun,140,Monsoon,Misty,0.02,1,19.8,2.6,22.2
12301,Howrah Rajdhani Express,Rajdhani,DHN,Dhanbad Jn,1628,2,Sun,130,Monsoon,Sunny,0.06,1,30.0,3.2,33.8
12951,Mumbai Rajdhani Express,Rajdhani,PRYJ,Prayagraj Jn,448,5,Fri,130,Autumn,Misty,0.11,0,22.9,1.8,20.4
12953,August Kranti Rajdhani,Rajdhani,KOTA,Kota Jn,1135,5,Tue,130,Summer,Sunny,0.12,0,20.7,1.5,20.3
12951,Mumbai Rajdhani Express,Rajdhani,TATA,Tatanagar Jn,375,5,Sun,130,Autumn,Misty,0.01,1,11.9,1.4,13.4
12628,Karnataka Superfast Express,Superfast,BRC,Vadodara Jn,1945,7,Wed,85,Winter,Sunny,0.06,0,46.6,3.5,45.5
20801,Magadh Express,Superfast,PRYJ,Prayagraj Jn,1382,5,Wed,85,Monsoon,Foggy,0.03,0,129.4,4.1,122.8
12259,Sealdah Bikaner Duronto,Duronto,BSP,Bilaspur Jn,1351,15,Thu,110,Autumn,Foggy,0.07,0,112.6,3.2,102.1
12002,Bhopal Shatabdi Express,Shatabdi,BSP,Bilaspur Jn,413,3,Fri,120,Summer,Rainy,0.15,0,65.6,4.6,60.7
12628,Karnataka Superfast Express,Superfast,BSP,Bilaspur Jn,2033,5,Mon,85,Monsoon,Misty,0.18,0,34.3,2.5,31.7
12810,Howrah Mumbai Mail,Mail Superfast,KOTA,Kota Jn,143,5,Thu,88,Winter,Foggy,0.75,0,118.5,4.4,120.4
12002,Bhopal Shatabdi Express,Shatabdi,PRYJ,Prayagraj Jn,265,5,Fri,120,Summer,Foggy,0.19,0,61.3,4.0,66.6
12628,Karnataka Superfast Express,Superfast,CNB,Kanpur Central,1962,2,Sun,85,Monsoon,Foggy,0.09,1,80.5,1.2,86.4
12810,Howrah Mumbai Mail,Mail Superfast,PRYJ,Prayagraj Jn,1596,3,Fri,88,Summer,Foggy,0.13,0,126.1,3.1,125.5
12259,Sealdah Bikaner Duronto,Duronto,TATA,Tatanagar Jn,127,5,Sun,110,Monsoon,Foggy,0.16,1,72.1,2.8,80.4
20801,Magadh Express,Superfast,DDU,Pt Deen Dayal Upadhyaya,1452,3,Sun,85,Winter,Sunny,0.08,1,45.0,2.9,49.3
12002,Bhopal Shatabdi Express,Shatabdi,NGP,Nagpur Jn,623,5,Sun,120,Autumn,Clear,0.05,1,20.8,1.5,23.1
12002,Bhopal Shatabdi Express,Shatabdi,CNB,Kanpur Central,987,15,Thu,120,Winter,Rainy,0.19,0,42.9,3.4,46.8
12301,Howrah Rajdhani Express,Rajdhani,PRYJ,Prayagraj Jn,1183,5,Tue,130,Summer,Misty,0.13,0,18.9,3.9,20.6
12301,Howrah Rajdhani Express,Rajdhani,KOTA,Kota Jn,2165,10,Mon,130,Winter,Sunny,0.1,0,39.6,4.3,43.8
20801,Magadh Express,Superfast,PRYJ,Prayagraj Jn,633,2,Mon,85,Winter,Clear,0.1,0,50.7,4.6,52.8
12951,Mumbai Rajdhani Express,Rajdhani,DDU,Pt Deen Dayal Upadhyaya,2074,10,Fri,130,Autumn,Sunny,0.19,0,35.0,2.4,31.2
20801,Magadh Express,Superfast,BRC,Vadodara Jn,1052,3,Thu,85,Summer,Rainy,0.1,0,84.2,2.1,77.5
20801,Magadh Express,Superfast,CNB,Kanpur Central,1393,10,Mon,85,Winter,Foggy,0.86,0,97.3,2.4,105.1
12953,August Kranti Rajdhani,Rajdhani,GWL,Gwalior Jn,1727,5,Fri,130,Monsoon,Misty,0.06,0,29.8,2.7,29.3
12810,Howrah Mumbai Mail,Mail Superfast,MTJ,Mathura Jn,587,5,Fri,88,Monsoon,Foggy,0.15,0,72.6,2.8,79.4
12301,Howrah Rajdhani Express,Rajdhani,DHN,Dhanbad Jn,121,3,Wed,130,Winter,Sunny,0.08,0,19.5,4.3,21.0
12259,Sealdah Bikaner Duronto,Duronto,BRC,Vadodara Jn,1741,5,Fri,110,Winter,Foggy,0.97,0,154.3,3.8,140.8
12431,Trivandrum Rajdhani Express,Rajdhani,BPL,Bhopal Jn,237,5,Mon,125,Summer,Misty,0.06,0,21.4,3.5,18.7
22436,Varanasi Vande Bharat Express,Vande Bharat,MTJ,Mathura Jn,1760,5,Sun,140,Autumn,Rainy,0.13,1,43.0,3.1,49.0
12810,Howrah Mumbai Mail,Mail Superfast,DDU,Pt Deen Dayal Upadhyaya,1232,5,Sun,88,Monsoon,Rainy,0.19,1,57.4,3.4,59.0
22436,Varanasi Vande Bharat Express,Vande Bharat,CNB,Kanpur Central,1155,5,Mon,140,Monsoon,Rainy,0.19,0,53.4,3.8,49.4
12259,Sealdah Bikaner Duronto,Duronto,DHN,Dhanbad Jn,2074,3,Thu,110,Autumn,Misty,0.17,0,47.6,2.0,44.9
12259,Sealdah Bikaner Duronto,Duronto,GWL,Gwalior Jn,480,10,Wed,110,Winter,Rainy,0.05,0,70.0,3.7,62.0
12431,Trivandrum Rajdhani Express,Rajdhani,AGC,Agra Cantt,878,15,Wed,125,Summer,Misty,0.05,0,22.4,3.9,24.4
12628,Karnataka Superfast Express,Superfast,TATA,Tatanagar Jn,591,3,Fri,85,Monsoon,Sunny,0.16,0,55.7,3.7,53.9
12953,August Kranti Rajdhani,Rajdhani,ST,Surat,2116,5,Sun,130,Autumn,Rainy,0.12,1,71.3,3.0,69.7
12951,Mumbai Rajdhani Express,Rajdhani,CNB,Kanpur Central,233,7,Sun,130,Autumn,Foggy,0.19,1,65.9,2.6,57.7
12953,August Kranti Rajdhani,Rajdhani,BPL,Bhopal Jn,1654,3,Wed,130,Winter,Clear,0.13,0,27.6,2.3,30.0
12431,Trivandrum Rajdhani Express,Rajdhani,PRYJ,Prayagraj Jn,962,10,Wed,125,Monsoon,Sunny,0.1,0,37.7,3.8,34.1
12810,Howrah Mumbai Mail,Mail Superfast,BPL,Bhopal Jn,509,5,Tue,88,Summer,Misty,0.14,0,52.8,4.2,48.4
12002,Bhopal Shatabdi Express,Shatabdi,BPL,Bhopal Jn,650,7,Sun,120,Winter,Sunny,0.08,1,23.6,4.1,23.2
20801,Magadh Express,Superfast,ST,Surat,1141,15,Thu,85,Winter,Sunny,0.01,0,31.8,4.4,33.2
12953,August Kranti Rajdhani,Rajdhani,BSP,Bilaspur Jn,596,7,Sun,130,Monsoon,Rainy,0.0,1,45.3,4.5,44.3
12953,August Kranti Rajdhani,Rajdhani,KOTA,Kota Jn,2190,15,Sun,130,Monsoon,Rainy,0.07,1,51.3,4.1,45.1
12002,Bhopal Shatabdi Express,Shatabdi,NGP,Nagpur Jn,1757,3,Sun,120,Monsoon,Foggy,0.13,1,66.6,1.3,63.7
12810,Howrah Mumbai Mail,Mail Superfast,PRYJ,Prayagraj Jn,1587,15,Sat,88,Autumn,Rainy,0.18,1,49.5,2.7,43.7
22436,Varanasi Vande Bharat Express,Vande Bharat,RTM,Ratlam Jn,2038,2,Tue,140,Autumn,Clear,0.02,0,15.8,1.1,14.6
22436,Varanasi Vande Bharat Express,Vande Bharat,BRC,Vadodara Jn,1696,5,Wed,140,Summer,Clear,0.13,0,23.4,1.9,23.2
12002,Bhopal Shatabdi Express,Shatabdi,ST,Surat,2013,5,Mon,120,Monsoon,Rainy,0.17,0,62.2,3.2,61.5
20801,Magadh Express,Superfast,PRYJ,Prayagraj Jn,1368,7,Thu,85,Autumn,Misty,0.13,0,38.5,2.9,39.5
12002,Bhopal Shatabdi Express,Shatabdi,MTJ,Mathura Jn,658,7,Mon,120,Winter,Misty,0.93,0,27.4,2.1,25.9
12431,Trivandrum Rajdhani Express,Rajdhani,DHN,Dhanbad Jn,1299,5,Thu,125,Monsoon,Clear,0.15,0,37.3,4.2,38.0
12628,Karnataka Superfast Express,Superfast,KOTA,Kota Jn,424,10,Sat,85,Autumn,Foggy,0.04,1,133.2,3.5,128.8
12810,Howrah Mumbai Mail,Mail Superfast,MTJ,Mathura Jn,380,5,Sat,88,Monsoon,Foggy,0.04,1,60.6,1.5,60.7
12259,Sealdah Bikaner Duronto,Duronto,ST,Surat,518,5,Tue,110,Winter,Misty,0.61,0,51.1,2.1,47.8
12628,Karnataka Superfast Express,Superfast,BRC,Vadodara Jn,1821,5,Tue,85,Winter,Foggy,0.69,0,86.9,4.1,99.4
12002,Bhopal Shatabdi Express,Shatabdi,ST,Surat,843,5,Wed,120,Autumn,Clear,0.11,0,26.4,4.6,27.4
12951,Mumbai Rajdhani Express,Rajdhani,BRC,Vadodara Jn,1914,5,Sun,130,Summer,Foggy,0.15,1,95.0,4.0,83.0
12431,Trivandrum Rajdhani Express,Rajdhani,GWL,Gwalior Jn,272,3,Sat,125,Monsoon,Rainy,0.03,1,28.5,2.0,25.5
12628,Karnataka Superfast Express,Superfast,BRC,Vadodara Jn,1230,3,Tue,85,Autumn,Rainy,0.0,0,58.1,2.6,55.0
12002,Bhopal Shatabdi Express,Shatabdi,AGC,Agra Cantt,474,7,Sun,120,Winter,Sunny,0.03,1,35.0,4.7,33.7
12951,Mumbai Rajdhani Express,Rajdhani,AGC,Agra Cantt,615,15,Sat,130,Summer,Misty,0.16,1,31.3,1.9,28.7
12431,Trivandrum Rajdhani Express,Rajdhani,DDU,Pt Deen Dayal Upadhyaya,651,5,Tue,125,Winter,Foggy,0.74,0,65.1,4.6,69.4
12431,Trivandrum Rajdhani Express,Rajdhani,RTM,Ratlam Jn,2018,5,Fri,125,Summer,Misty,0.07,0,43.5,4.5,43.1
12431,Trivandrum Rajdhani Express,Rajdhani,MTJ,Mathura Jn,102,10,Sun,125,Monsoon,Misty,0.07,1,25.9,3.9,25.0
12259,Sealdah Bikaner Duronto,Duronto,DHN,Dhanbad Jn,1687,5,Fri,110,Summer,Rainy,0.14,0,69.1,3.1,66.3
22436,Varanasi Vande Bharat Express,Vande Bharat,BRC,Vadodara Jn,631,5,Fri,140,Winter,Clear,0.17,0,18.9,4.5,19.0
22436,Varanasi Vande Bharat Express,Vande Bharat,ST,Surat,1148,2,Fri,140,Autumn,Foggy,0.11,0,51.4,2.5,51.5
22436,Varanasi Vande Bharat Express,Vande Bharat,BPL,Bhopal Jn,1803,7,Sun,140,Winter,Rainy,0.11,1,50.6,4.2,50.2
22436,Varanasi Vande Bharat Express,Vande Bharat,TATA,Tatanagar Jn,497,3,Wed,140,Winter,Sunny,0.19,0,22.7,3.9,24.6
12002,Bhopal Shatabdi Express,Shatabdi,CNB,Kanpur Central,1566,15,Sat,120,Autumn,Clear,0.15,1,36.6,3.8,41.5
12002,Bhopal Shatabdi Express,Shatabdi,CNB,Kanpur Central,1914,7,Thu,120,Monsoon,Sunny,0.11,0,52.4,4.6,53.8
12301,Howrah Rajdhani Express,Rajdhani,TATA,Tatanagar Jn,976,10,Sat,130,Monsoon,Misty,0.05,1,33.2,4.1,35.8
12431,Trivandrum Rajdhani Express,Rajdhani,BPL,Bhopal Jn,166,5,Thu,125,Winter,Clear,0.2,0,24.3,5.0,22.0
12951,Mumbai Rajdhani Express,Rajdhani,DHN,Dhanbad Jn,733,3,Sun,130,Monsoon,Misty,0.1,1,17.3,1.2,19.4
12259,Sealdah Bikaner Duronto,Duronto,BSP,Bilaspur Jn,1330,3,Fri,110,Summer,Sunny,0.05,0,47.7,3.3,50.4
12431,Trivandrum Rajdhani Express,Rajdhani,KOTA,Kota Jn,253,10,Thu,125,Winter,Misty,0.86,0,10.6,1.3,9.8
12259,Sealdah Bikaner Duronto,Duronto,BSP,Bilaspur Jn,593,5,Sun,110,Autumn,Foggy,0.19,1,118.8,4.0,137.1
12953,August Kranti Rajdhani,Rajdhani,ST,Surat,1004,5,Wed,130,Summer,Rainy,0.1,0,34.1,1.2,34.7
20801,Magadh Express,Superfast,PRYJ,Prayagraj Jn,1715,5,Fri,85,Winter,Sunny,0.09,0,24.8,1.5,25.6
22436,Varanasi Vande Bharat Express,Vande Bharat,GWL,Gwalior Jn,2069,5,Fri,140,Autumn,Sunny,0.15,0,28.5,3.0,31.4
20801,Magadh Express,Superfast,DDU,Pt Deen Dayal Upadhyaya,1861,7,Fri,85,Summer,Sunny,0.01,0,58.2,3.7,60.6
12628,Karnataka Superfast Express,Superfast,AGC,Agra Cantt,1532,15,Wed,85,Winter,Rainy,0.03,0,73.2,3.5,79.6
12259,Sealdah Bikaner Duronto,Duronto,KOTA,Kota Jn,1095,5,Sun,110,Winter,Clear,0.15,1,63.2,4.5,71.5
12431,Trivandrum Rajdhani Express,Rajdhani,BPL,Bhopal Jn,967,5,Mon,125,Monsoon,Sunny,0.15,0,31.5,3.2,31.0
20801,Magadh Express,Superfast,DDU,Pt Deen Dayal Upadhyaya,278,5,Tue,85,Winter,Foggy,0.83,0,102.9,1.7,98.3
12951,Mumbai Rajdhani Express,Rajdhani,BRC,Vadodara Jn,178,5,Thu,130,Monsoon,Rainy,0.17,0,38.8,4.5,40.2
22436,Varanasi Vande Bharat Express,Vande Bharat,BSP,Bilaspur Jn,863,5,Wed,140,Autumn,Misty,0.11,0,20.5,3.0,22.2
12953,August Kranti Rajdhani,Rajdhani,MTJ,Mathura Jn,175,7,Wed,130,Autumn,Foggy,0.15,0,69.3,3.7,60.3
12953,August Kranti Rajdhani,Rajdhani,MTJ,Mathura Jn,220,5,Sun,130,Winter,Rainy,0.18,1,37.9,1.9,37.7
20801,Magadh Express,Superfast,TATA,Tatanagar Jn,725,10,Sat,85,Summer,Foggy,0.05,1,116.3,4.9,114.8
12628,Karnataka Superfast Express,Superfast,NGP,Nagpur Jn,653,10,Tue,85,Summer,Sunny,0.06,0,84.7,5.0,75.3
12259,Sealdah Bikaner Duronto,Duronto,BRC,Vadodara Jn,696,2,Fri,110,Winter,Sunny,0.06,0,69.4,4.1,71.2
12301,Howrah Rajdhani Express,Rajdhani,MTJ,Mathura Jn,537,5,Thu,130,Monsoon,Sunny,0.16,0,18.5,1.7,18.1
12628,Karnataka Superfast Express,Superfast,PRYJ,Prayagraj Jn,2052,5,Tue,85,Summer,Clear,0.07,0,56.4,3.0,53.0
12259,Sealdah Bikaner Duronto,Duronto,KOTA,Kota Jn,770,5,Sun,110,Autumn,Foggy,0.09,1,123.9,1.9,135.1
12628,Karnataka Superfast Express,Superfast,DHN,Dhanbad Jn,1899,15,Tue,85,Winter,Sunny,0.19,0,68.7,3.8,61.5
12301,Howrah Rajdhani Express,Rajdhani,GWL,Gwalior Jn,1658,7,Sun,130,Winter,Misty,0.89,1,31.1,2.6,29.8
12951,Mumbai Rajdhani Express,Rajdhani,CNB,Kanpur Central,273,5,Mon,130,Autumn,Foggy,0.17,0,88.7,3.1,87.2
12953,August Kranti Rajdhani,Rajdhani,DHN,Dhanbad Jn,1730,5,Sat,130,Winter,Sunny,0.06,1,39.4,4.1,35.0
12953,August Kranti Rajdhani,Rajdhani,BSP,Bilaspur Jn,2150,3,Tue,130,Autumn,Foggy,0.02,0,120.6,1.7,118.9
12301,Howrah Rajdhani Express,Rajdhani,GWL,Gwalior Jn,927,15,Wed,130,Autumn,Clear,0.04,0,10.3,1.4,11.5
22436,Varanasi Vande Bharat Express,Vande Bharat,BRC,Vadodara Jn,1673,5,Mon,140,Autumn,Rainy,0.02,0,48.2,2.5,42.9
20801,Magadh Express,Superfast,TATA,Tatanagar Jn,832,2,Sat,85,Summer,Sunny,0.17,1,35.5,2.7,34.2
22436,Varanasi Vande Bharat Express,Vande Bharat,BSP,Bilaspur Jn,1136,2,Tue,140,Summer,Clear,0.12,0,19.6,2.8,19.3
12951,Mumbai Rajdhani Express,Rajdhani,PRYJ,Prayagraj Jn,2048,15,Thu,130,Summer,Sunny,0.12,0,23.3,2.6,23.0
20801,Magadh Express,Superfast,NGP,Nagpur Jn,325,7,Fri,85,Summer,Clear,0.04,0,45.2,1.1,43.0
20801,Magadh Express,Superfast,MTJ,Mathura Jn,830,5,Wed,85,Winter,Clear,0.02,0,50.1,3.7,46.1
12002,Bhopal Shatabdi Express,Shatabdi,BPL,Bhopal Jn,1325,7,Sat,120,Monsoon,Clear,0.02,1,17.3,2.5,19.9
12301,Howrah Rajdhani Express,Rajdhani,TATA,Tatanagar Jn,599,5,Fri,130,Winter,Rainy,0.09,0,34.5,2.3,33.8
12953,August Kranti Rajdhani,Rajdhani,BRC,Vadodara Jn,1396,5,Thu,130,Monsoon,Foggy,0.12,0,74.4,3.1,83.7
20801,Magadh Express,Superfast,BPL,Bhopal Jn,1053,5,Fri,85,Autumn,Foggy,0.16,0,55.4,4.9,50.2
20801,Magadh Express,Superfast,GWL,Gwalior Jn,969,2,Thu,85,Winter,Rainy,0.07,0,57.4,3.6,65.9
12810,Howrah Mumbai Mail,Mail Superfast,CNB,Kanpur Central,1465,7,Fri,88,Monsoon,Clear,0.02,0,54.1,2.6,59.6
12259,Sealdah Bikaner Duronto,Duronto,BSP,Bilaspur Jn,656,15,Sat,110,Autumn,Foggy,0.16,1,125.3,1.6,112.0
12431,Trivandrum Rajdhani Express,Rajdhani,DHN,Dhanbad Jn,1326,7,Sun,125,Autumn,Clear,0.17,1,19.5,3.2,17.3
12259,Sealdah Bikaner Duronto,Duronto,BRC,Vadodara Jn,1636,5,Tue,110,Monsoon,Clear,0.07,0,43.9,3.3,42.7
12810,Howrah Mumbai Mail,Mail Superfast,DDU,Pt Deen Dayal Upadhyaya,455,15,Sun,88,Monsoon,Clear,0.05,1,42.0,4.5,41.7
12002,Bhopal Shatabdi Express,Shatabdi,BRC,Vadodara Jn,1917,2,Wed,120,Winter,Sunny,0.18,0,37.6,4.2,42.0
12259,Sealdah Bikaner Duronto,Duronto,BSP,Bilaspur Jn,502,5,Thu,110,Monsoon,Rainy,0.03,0,34.4,1.8,36.5
12951,Mumbai Rajdhani Express,Rajdhani,NGP,Nagpur Jn,288,3,Sun,130,Winter,Rainy,0.09,1,38.0,3.1,37.1
12810,Howrah Mumbai Mail,Mail Superfast,NGP,Nagpur Jn,1233,7,Tue,88,Monsoon,Sunny,0.04,0,49.2,4.1,55.6
20801,Magadh Express,Superfast,CNB,Kanpur Central,1404,5,Fri,85,Winter,Sunny,0.11,0,50.0,1.6,53.5
12628,Karnataka Superfast Express,Superfast,KOTA,Kota Jn,1917,2,Mon,85,Monsoon,Misty,0.18,0,37.3,1.5,43.1
12301,Howrah Rajdhani Express,Rajdhani,GWL,Gwalior Jn,1461,5,Tue,130,Autumn,Misty,0.07,0,33.2,3.9,32.9
12431,Trivandrum Rajdhani Express,Rajdhani,PRYJ,Prayagraj Jn,1371,15,Tue,125,Winter,Foggy,0.64,0,66.3,2.9,69.1
12002,Bhopal Shatabdi Express,Shatabdi,DDU,Pt Deen Dayal Upadhyaya,223,3,Sat,120,Monsoon,Rainy,0.09,1,32.4,2.9,36.0
12259,Sealdah Bikaner Duronto,Duronto,PRYJ,Prayagraj Jn,538,7,Fri,110,Summer,Misty,0.02,0,21.8,3.2,21.2
12628,Karnataka Superfast Express,Superfast,PRYJ,Prayagraj Jn,1495,5,Tue,85,Summer,Foggy,0.08,0,134.2,4.3,136.9
12259,Sealdah Bikaner Duronto,Duronto,CNB,Kanpur Central,419,15,Sat,110,Summer,Sunny,0.13,1,35.6,1.5,36.2
12810,Howrah Mumbai Mail,Mail Superfast,GWL,Gwalior Jn,1652,7,Mon,88,Winter,Misty,0.91,0,50.4,3.0,57.5
12002,Bhopal Shatabdi Express,Shatabdi,BSP,Bilaspur Jn,1955,5,Fri,120,Winter,Sunny,0.13,0,36.9,2.6,39.0
20801,Magadh Express,Superfast,DHN,Dhanbad Jn,1510,3,Sat,85,Monsoon,Foggy,0.14,1,129.6,3.3,117.4
12810,Howrah Mumbai Mail,Mail Superfast,ST,Surat,1571,3,Wed,88,Winter,Clear,0.14,0,66.3,4.4,68.5
12259,Sealdah Bikaner Duronto,Duronto,DDU,Pt Deen Dayal Upadhyaya,965,5,Thu,110,Autumn,Foggy,0.09,0,97.6,2.9,86.6
12301,Howrah Rajdhani Express,Rajdhani,KOTA,Kota Jn,164,5,Wed,130,Summer,Sunny,0.0,0,4.7,3.9,5.4
12301,Howrah Rajdhani Express,Rajdhani,TATA,Tatanagar Jn,2186,10,Thu,130,Autumn,Misty,0.04,0,40.7,3.2,42.5
12002,Bhopal Shatabdi Express,Shatabdi,GWL,Gwalior Jn,1069,5,Fri,120,Winter,Misty,0.8,0,17.7,2.6,17.3
12259,Sealdah Bikaner Duronto,Duronto,BRC,Vadodara Jn,1244,15,Fri,110,Autumn,Clear,0.03,0,61.1,3.1,59.1
12628,Karnataka Superfast Express,Superfast,BPL,Bhopal Jn,1379,2,Sat,85,Winter,Misty,0.92,1,67.4,4.6,60.1
20801,Magadh Express,Superfast,DDU,Pt Deen Dayal Upadhyaya,1306,5,Wed,85,Autumn,Rainy,0.19,0,67.4,1.7,71.6
20801,Magadh Express,Superfast,MTJ,Mathura Jn,311,5,Mon,85,Autumn,Misty,0.03,0,46.7,4.2,46.6
12810,Howrah Mumbai Mail,Mail Superfast,MTJ,Mathura Jn,158,3,Tue,88,Monsoon,Rainy,0.17,0,85.7,3.4,81.8
12259,Sealdah Bikaner Duronto,Duronto,DHN,Dhanbad Jn,235,7,Tue,110,Monsoon,Sunny,0.1,0,58.9,4.9,53.5
12301,Howrah Rajdhani Express,Rajdhani,DHN,Dhanbad Jn,785,5,Thu,130,Summer,Foggy,0.15,0,44.6,3.3,48.0
22436,Varanasi Vande Bharat Express,Vande Bharat,ST,Surat,2050,5,Tue,140,Autumn,Foggy,0.1,0,78.0,2.5,91.4
12431,Trivandrum Rajdhani Express,Rajdhani,GWL,Gwalior Jn,268,3,Sat,125,Monsoon,Misty,0.14,1,42.9,4.7,37.7
12301,Howrah Rajdhani Express,Rajdhani,PRYJ,Prayagraj Jn,502,5,Sat,130,Monsoon,Rainy,0.05,1,49.2,3.6,47.9
12628,Karnataka Superfast Express,Superfast,CNB,Kanpur Central,134,3,Wed,85,Summer,Rainy,0.11,0,15.5,1.0,15.8
12628,Karnataka Superfast Express,Superfast,DDU,Pt Deen Dayal Upadhyaya,476,2,Wed,85,Monsoon,Sunny,0.01,0,61.9,4.8,59.4
22436,Varanasi Vande Bharat Express,Vande Bharat,BRC,Vadodara Jn,856,3,Sun,140,Summer,Foggy,0.13,1,70.3,3.8,62.2
12431,Trivandrum Rajdhani Express,Rajdhani,BSP,Bilaspur Jn,403,5,Wed,125,Autumn,Rainy,0.05,0,50.1,4.1,53.9
12431,Trivandrum Rajdhani Express,Rajdhani,BRC,Vadodara Jn,2115,3,Thu,125,Summer,Misty,0.08,0,36.3,1.6,39.6
22436,Varanasi Vande Bharat Express,Vande Bharat,BSP,Bilaspur Jn,388,5,Thu,140,Monsoon,Clear,0.01,0,7.6,4.1,8.9
12951,Mumbai Rajdhani Express,Rajdhani,NGP,Nagpur Jn,1702,2,Thu,130,Monsoon,Sunny,0.14,0,38.6,3.1,38.7
12301,Howrah Rajdhani Express,Rajdhani,GWL,Gwalior Jn,1674,15,Sun,130,Winter,Misty,0.69,1,30.2,1.5,32.1
12951,Mumbai Rajdhani Express,Rajdhani,NGP,Nagpur Jn,1492,3,Sat,130,Winter,Rainy,0.11,1,49.5,4.4,54.3
12953,August Kranti Rajdhani,Rajdhani,ST,Surat,537,7,Thu,130,Summer,Rainy,0.14,0,40.4,2.9,47.1
20801,Magadh Express,Superfast,RTM,Ratlam Jn,1360,15,Thu,85,Autumn,Clear,0.16,0,60.7,3.1,61.6
12951,Mumbai Rajdhani Express,Rajdhani,ST,Surat,275,10,Wed,130,Winter,Rainy,0.16,0,38.0,1.5,34.2
12002,Bhopal Shatabdi Express,Shatabdi,DDU,Pt Deen Dayal Upadhyaya,679,15,Fri,120,Summer,Clear,0.01,0,33.6,3.6,29.9
12951,Mumbai Rajdhani Express,Rajdhani,RTM,Ratlam Jn,304,5,Sat,130,Summer,Clear,0.03,1,8.9,4.3,10.2
22436,Varanasi Vande Bharat Express,Vande Bharat,BRC,Vadodara Jn,1845,7,Thu,140,Summer,Clear,0.16,0,31.6,4.2,30.0
12259,Sealdah Bikaner Duronto,Duronto,BRC,Vadodara Jn,973,2,Sat,110,Summer,Rainy,0.17,1,57.6,3.4,54.4
12953,August Kranti Rajdhani,Rajdhani,KOTA,Kota Jn,509,10,Thu,130,Summer,Misty,0.01,0,23.4,4.1,23.5
12951,Mumbai Rajdhani Express,Rajdhani,ST,Surat,1804,15,Tue,130,Winter,Misty,0.95,0,25.5,3.8,26.2
12002,Bhopal Shatabdi Express,Shatabdi,PRYJ,Prayagraj Jn,2147,3,Sat,120,Winter,Misty,0.67,1,36.6,3.5,38.3
12951,Mumbai Rajdhani Express,Rajdhani,CNB,Kanpur Central,491,7,Tue,130,Summer,Clear,0.2,0,28.9,4.5,27.8
12628,Karnataka Superfast Express,Superfast,MTJ,Mathura Jn,2043,15,Mon,85,Summer,Clear,0.16,0,46.4,1.7,53.8
12259,Sealdah Bikaner Duronto,Duronto,MTJ,Mathura Jn,1956,2,Tue,110,Autumn,Rainy,0.07,0,49.4,1.4,49.2
22436,Varanasi Vande Bharat Express,Vande Bharat,BSP,Bilaspur Jn,1816,5,Tue,140,Autumn,Misty,0.12,0,33.9,4.0,36.9
22436,Varanasi Vande Bharat Express,Vande Bharat,AGC,Agra Cantt,919,10,Tue,140,Winter,Sunny,0.15,0,21.9,4.6,22.3
12628,Karnataka Superfast Express,Superfast,BSP,Bilaspur Jn,658,15,Fri,85,Autumn,Sunny,0.08,0,55.1,3.9,48.2
12628,Karnataka Superfast Express,Superfast,AGC,Agra Cantt,659,3,Tue,85,Winter,Misty,0.62,0,52.0,4.4,46.6
20801,Magadh Express,Superfast,KOTA,Kota Jn,1040,3,Sun,85,Summer,Misty,0.19,1,53.3,2.6,48.1
12628,Karnataka Superfast Express,Superfast,PRYJ,Prayagraj Jn,1853,5,Thu,85,Autumn,Rainy,0.0,0,80.6,2.0,71.7
12951,Mumbai Rajdhani Express,Rajdhani,GWL,Gwalior Jn,2165,2,Mon,130,Winter,Foggy,0.89,0,109.1,2.7,103.0
22436,Varanasi Vande Bharat Express,Vande Bharat,BPL,Bhopal Jn,150,10,Thu,140,Summer,Clear,0.11,0,14.6,4.8,16.6
12431,Trivandrum Rajdhani Express,Rajdhani,NGP,Nagpur Jn,199,15,Wed,125,Summer,Foggy,0.17,0,82.8,2.9,91.4
12259,Sealdah Bikaner Duronto,Duronto,NGP,Nagpur Jn,1463,2,Thu,110,Winter,Clear,0.08,0,53.1,2.2,51.9
12628,Karnataka Superfast Express,Superfast,DHN,Dhanbad Jn,324,7,Sat,85,Winter,Misty,0.95,1,19.5,4.6,20.3
20801,Magadh Express,Superfast,ST,Surat,374,5,Wed,85,Monsoon,Sunny,0.13,0,19.9,1.6,18.6
20801,Magadh Express,Superfast,TATA,Tatanagar Jn,1195,10,Sat,85,Summer,Sunny,0.06,1,21.3,2.1,22.3
12431,Trivandrum Rajdhani Express,Rajdhani,CNB,Kanpur Central,1297,15,Fri,125,Winter,Foggy,0.88,0,109.6,3.5,126.0
12431,Trivandrum Rajdhani Express,Rajdhani,BRC,Vadodara Jn,415,3,Mon,125,Autumn,Sunny,0.06,0,0,1.7,0
12002,Bhopal Shatabdi Express,Shatabdi,TATA,Tatanagar Jn,640,15,Tue,120,Winter,Rainy,0.08,0,50.0,2.4,45.0
12628,Karnataka Superfast Express,Superfast,TATA,Tatanagar Jn,1436,15,Fri,85,Monsoon,Foggy,0.12,0,135.0,3.4,137.3
12810,Howrah Mumbai Mail,Mail Superfast,PRYJ,Prayagraj Jn,1028,15,Tue,88,Monsoon,Sunny,0.16,0,33.1,2.5,35.4
12002,Bhopal Shatabdi Express,Shatabdi,PRYJ,Prayagraj Jn,728,5,Tue,120,Monsoon,Sunny,0.19,0,12.0,2.0,12.7
12002,Bhopal Shatabdi Express,Shatabdi,BPL,Bhopal Jn,242,7,Wed,120,Monsoon,Sunny,0.04,0,8.1,4.9,8.0
22436,Varanasi Vande Bharat Express,Vande Bharat,BSP,Bilaspur Jn,1976,7,Mon,140,Autumn,Foggy,0.15,0,92.8,1.6,92.6
12810,Howrah Mumbai Mail,Mail Superfast,BPL,Bhopal Jn,1910,7,Wed,88,Summer,Misty,0.15,0,66.5,3.8,65.5
12810,Howrah Mumbai Mail,Mail Superfast,ST,Surat,1436,2,Thu,88,Summer,Foggy,0.07,0,98.8,3.4,91.1
12810,Howrah Mumbai Mail,Mail Superfast,RTM,Ratlam Jn,457,10,Mon,88,Winter,Misty,0.94,0,18.3,1.8,16.3
12259,Sealdah Bikaner Duronto,Duronto,GWL,Gwalior Jn,149,5,Tue,110,Autumn,Rainy,0.08,0,37.7,2.4,37.0
12628,Karnataka Superfast Express,Superfast,DDU,Pt Deen Dayal Upadhyaya,1836,10,Thu,85,Autumn,Foggy,0.06,0,85.0,1.6,76.6
12259,Sealdah Bikaner Duronto,Duronto,BRC,Vadodara Jn,1219,10,Fri,110,Autumn,Clear,0.0,0,46.7,1.7,45.8
12002,Bhopal Shatabdi Express,Shatabdi,RTM,Ratlam Jn,272,5,Tue,120,Autumn,Rainy,0.11,0,37.3,4.3,43.9
12810,Howrah Mumbai Mail,Mail Superfast,MTJ,Mathura Jn,1278,10,Sat,88,Autumn,Clear,0.13,1,60.3,1.7,57.8
12951,Mumbai Rajdhani Express,Rajdhani,BRC,Vadodara Jn,373,7,Sun,130,Monsoon,Foggy,0.2,1,104.9,3.3,99.1
22436,Varanasi Vande Bharat Express,Vande Bharat,AGC,Agra Cantt,339,5,Fri,140,Winter,Rainy,0.03,0,23.0,2.3,25.6
12810,Howrah Mumbai Mail,Mail Superfast,AGC,Agra Cantt,414,5,Thu,88,Monsoon,Clear,0.06,0,38.8,4.1,38.3
12259,Sealdah Bikaner Duronto,Duronto,TATA,Tatanagar Jn,1584,3,Sun,110,Monsoon,Rainy,0.14,1,54.4,3.1,61.1
12810,Howrah Mumbai Mail,Mail Superfast,AGC,Agra Cantt,767,3,Sun,88,Autumn,Foggy,0.07,1,125.0,1.9,118.3
12953,August Kranti Rajdhani,Rajdhani,TATA,Tatanagar Jn,412,3,Fri,130,Winter,Foggy,0.78,0,74.0,4.3,78.4
12259,Sealdah Bikaner Duronto,Duronto,KOTA,Kota Jn,1501,5,Sun,110,Autumn,Misty,0.1,1,36.6,3.8,33.1
12002,Bhopal Shatabdi Express,Shatabdi,DDU,Pt Deen Dayal Upadhyaya,421,10,Tue,120,Monsoon,Sunny,0.04,0,23.8,3.8,27.3
12431,Trivandrum Rajdhani Express,Rajdhani,DHN,Dhanbad Jn,342,15,Thu,125,Winter,Sunny,0.02,0,21.4,1.5,19.9
22436,Varanasi Vande Bharat Express,Vande Bharat,BSP,Bilaspur Jn,856,7,Fri,140,Summer,Misty,0.18,0,16.6,1.1,15.5
12810,Howrah Mumbai Mail,Mail Superfast,PRYJ,Prayagraj Jn,1090,3,Wed,88,Monsoon,Sunny,0.17,0,41.7,1.4,45.9
12810,Howrah Mumbai Mail,Mail Superfast,KOTA,Kota Jn,2165,15,Sun,88,Winter,Clear,0.18,1,54.0,2.5,55.0
22436,Varanasi Vande Bharat Express,Vande Bharat,KOTA,Kota Jn,1032,10,Sun,140,Monsoon,Foggy,0.08,1,56.6,1.5,52.5
12810,Howrah Mumbai Mail,Mail Superfast,CNB,Kanpur Central,573,10,Sat,88,Winter,Clear,0.07,1,40.6,2.1,43.0
12431,Trivandrum Rajdhani Express,Rajdhani,RTM,Ratlam Jn,1852,5,Fri,125,Autumn,Rainy,0.2,0,64.0,4.4,75.0
12431,Trivandrum Rajdhani Express,Rajdhani,NGP,Nagpur Jn,448,3,Mon,125,Autumn,Foggy,0.1,0,65.5,1.6,74.4
12002,Bhopal Shatabdi Express,Shatabdi,BRC,Vadodara Jn,1755,3,Wed,120,Summer,Rainy,0.04,0,51.8,1.9,50.4
12301,Howrah Rajdhani Express,Rajdhani,AGC,Agra Cantt,703,15,Thu,130,Autumn,Foggy,0.1,0,61.2,1.4,58.9
12002,Bhopal Shatabdi Express,Shatabdi,ST,Surat,209,5,Mon,120,Winter,Clear,0.1,0,24.7,2.5,28.1
22436,Varanasi Vande Bharat Express,Vande Bharat,NGP,Nagpur Jn,2139,15,Sun,140,Autumn,Foggy,0.04,1,116.9,3.0,115.5
12951,Mumbai Rajdhani Express,Rajdhani,DHN,Dhanbad Jn,1388,10,Mon,130,Autumn,Clear,0.08,0,27.4,2.8,25.3
12002,Bhopal Shatabdi Express,Shatabdi,BPL,Bhopal Jn,2096,3,Thu,120,Summer,Rainy,0.14,0,67.9,3.3,67.1
12431,Trivandrum Rajdhani Express,Rajdhani,BPL,Bhopal Jn,1178,15,Fri,125,Summer,Misty,0.01,0,21.0,3.4,22.4
12951,Mumbai Rajdhani Express,Rajdhani,ST,Surat,1528,2,Fri,130,Winter,Sunny,0.17,0,25.8,4.1,26.8
12301,Howrah Rajdhani Express,Rajdhani,AGC,Agra Cantt,1100,5,Wed,130,Autumn,Rainy,0.01,0,24.1,1.9,27.2
12002,Bhopal Shatabdi Express,Shatabdi,ST,Surat,1830,10,Fri,120,Monsoon,Clear,0.09,0,24.5,2.1,23.9
12259,Sealdah Bikaner Duronto,Duronto,GWL,Gwalior Jn,2100,3,Fri,110,Autumn,Rainy,0.11,0,59.9,3.8,66.6
12810,Howrah Mumbai Mail,Mail Superfast,AGC,Agra Cantt,408,5,Thu,88,Summer,Foggy,0.13,0,96.1,2.1,99.0
12628,Karnataka Superfast Express,Superfast,PRYJ,Prayagraj Jn,1479,5,Sat,85,Winter,Misty,0.64,1,53.8,1.3,49.4
12810,Howrah Mumbai Mail,Mail Superfast,CNB,Kanpur Central,1383,5,Sun,88,Monsoon,Foggy,0.13,1,97.1,2.7,92.3
12953,August Kranti Rajdhani,Rajdhani,KOTA,Kota Jn,2014,5,Mon,130,Summer,Misty,0.1,0,32.1,4.7,32.8
20801,Magadh Express,Superfast,DDU,Pt Deen Dayal Upadhyaya,1994,5,Sat,85,Winter,Misty,0.68,1,55.1,2.0,51.0
12301,Howrah Rajdhani Express,Rajdhani,GWL,Gwalior Jn,1193,5,Wed,130,Winter,Sunny,0.17,0,18.7,3.6,21.1
12628,Karnataka Superfast Express,Superfast,ST,Surat,1886,10,Tue,85,Monsoon,Foggy,0.1,0,55.0,3.6,61.7
12810,Howrah Mumbai Mail,Mail Superfast,DHN,Dhanbad Jn,272,15,Sun,88,Monsoon,Misty,0.04,1,26.2,4.1,27.9
22436,Varanasi Vande Bharat Express,Vande Bharat,BSP,Bilaspur Jn,675,5,Thu,140,Monsoon,Clear,0.08,0,14.7,1.4,13.0
12953,August Kranti Rajdhani,Rajdhani,NGP,Nagpur Jn,1075,3,Sun,130,Monsoon,Foggy,0.18,1,112.7,4.1,105.0
12301,Howrah Rajdhani Express,Rajdhani,RTM,Ratlam Jn,1224,15,Tue,130,Winter,Sunny,0.04,0,18.2,2.6,21.0
12953,August Kranti Rajdhani,Rajdhani,AGC,Agra Cantt,2045,5,Sat,130,Winter,Rainy,0.11,1,75.9,4.9,69.2
12951,Mumbai Rajdhani Express,Rajdhani,NGP,Nagpur Jn,1081,5,Fri,130,Winter,Clear,0.14,0,36.1,3.2,31.7
12259,Sealdah Bikaner Duronto,Duronto,BSP,Bilaspur Jn,1912,10,Sun,110,Winter,Misty,0.95,1,69.9,1.0,74.3
12628,Karnataka Superfast Express,Superfast,MTJ,Mathura Jn,1764,2,Tue,85,Summer,Foggy,0.13,0,98.1,2.1,98.3
12301,Howrah Rajdhani Express,Rajdhani,BSP,Bilaspur Jn,511,5,Sun,130,Monsoon,Foggy,0.18,1,65.1,3.8,60.8
12431,Trivandrum Rajdhani Express,Rajdhani,DDU,Pt Deen Dayal Upadhyaya,657,2,Mon,125,Winter,Sunny,0.13,0,16.2,2.6,17.2
22436,Varanasi Vande Bharat Express,Vande Bharat,BRC,Vadodara Jn,632,10,Tue,140,Summer,Misty,0.14,0,11.7,4.2,12.6
20801,Magadh Express,Superfast,TATA,Tatanagar Jn,1605,5,Wed,85,Monsoon,Sunny,0.02,0,47.8,2.6,43.4
20801,Magadh Express,Superfast,RTM,Ratlam Jn,1036,3,Mon,85,Winter,Misty,0.86,0,36.2,4.9,37.3
12301,Howrah Rajdhani Express,Rajdhani,PRYJ,Prayagraj Jn,796,3,Wed,130,Summer,Clear,0.19,0,15.8,1.1,14.6
12431,Trivandrum Rajdhani Express,Rajdhani,TATA,Tatanagar Jn,932,5,Sat,125,Autumn,Clear,0.04,1,34.1,4.8,35.4
12301,Howrah Rajdhani Express,Rajdhani,TATA,Tatanagar Jn,875,10,Tue,130,Summer,Rainy,0.15,0,51.8,1.7,45.3
12628,Karnataka Superfast Express,Superfast,PRYJ,Prayagraj Jn,1976,3,Thu,85,Summer,Rainy,0.12,0,45.6,1.0,42.9
12301,Howrah Rajdhani Express,Rajdhani,DDU,Pt Deen Dayal Upadhyaya,340,2,Fri,130,Monsoon,Clear,0.02,0,6.4,2.3,5.7
20801,Magadh Express,Superfast,NGP,Nagpur Jn,1660,5,Sun,85,Winter,Clear,0.05,1,61.1,4.9,70.8
12002,Bhopal Shatabdi Express,Shatabdi,MTJ,Mathura Jn,640,3,Tue,120,Autumn,Rainy,0.18,0,40.5,2.3,45.8
12951,Mumbai Rajdhani Express,Rajdhani,KOTA,Kota Jn,1258,5,Thu,130,Monsoon,Rainy,0.19,0,41.7,3.5,44.1
12431,Trivandrum Rajdhani Express,Rajdhani,DHN,Dhanbad Jn,323,5,Tue,125,Autumn,Clear,0.04,0,24.5,1.7,27.3
12431,Trivandrum Rajdhani Express,Rajdhani,GWL,Gwalior Jn,2087,15,Mon,125,Autumn,Clear,0.09,0,36.8,3.0,41.9
12810,Howrah Mumbai Mail,Mail Superfast,KOTA,Kota Jn,969,2,Sun,88,Summer,Misty,0.16,1,43.0,3.1,44.1
22436,Varanasi Vande Bharat Express,Vande Bharat,RTM,Ratlam Jn,206,5,Sun,140,Autumn,Clear,0.18,1,15.6,3.7,13.7
12259,Sealdah Bikaner Duronto,Duronto,KOTA,Kota Jn,2065,15,Mon,110,Winter,Foggy,0.93,0,109.6,3.5,115.5
12951,Mumbai Rajdhani Express,Rajdhani,NGP,Nagpur Jn,629,5,Fri,130,Autumn,Rainy,0.19,0,52.1,4.5,51.4
20801,Magadh Express,Superfast,GWL,Gwalior Jn,1733,3,Mon,85,Autumn,Rainy,0.04,0,38.2,1.1,39.4
12002,Bhopal Shatabdi Express,Shatabdi,BRC,Vadodara Jn,1370,5,Wed,120,Autumn,Foggy,0.15,0,68.2,2.4,70.6
12810,Howrah Mumbai Mail,Mail Superfast,PRYJ,Prayagraj Jn,1608,5,Fri,88,Autumn,Clear,0.15,0,43.5,2.7,50.5
12259,Sealdah Bikaner Duronto,Duronto,BPL,Bhopal Jn,443,5,Sat,110,Summer,Sunny,0.19,1,26.9,2.9,23.5
12810,Howrah Mumbai Mail,Mail Superfast,TATA,Tatanagar Jn,413,2,Tue,88,Autumn,Rainy,0.11,0,52.4,3.1,53.0
20801,Magadh Express,Superfast,TATA,Tatanagar Jn,2162,2,Wed,85,Monsoon,Rainy,0.12,0,61.3,1.5,70.1
12810,Howrah Mumbai Mail,Mail Superfast,AGC,Agra Cantt,1185,7,Fri,88,Autumn,Foggy,0.12,0,95.1,4.9,105.0
20801,Magadh Express,Superfast,MTJ,Mathura Jn,123,10,Sun,85,Winter,Foggy,0.81,1,76.6,1.5,67.2
20801,Magadh Express,Superfast,DDU,Pt Deen Dayal Upadhyaya,1577,10,Thu,85,Monsoon,Misty,0.16,0,21.8,4.2,24.5
12628,Karnataka Superfast Express,Superfast,BRC,Vadodara Jn,957,15,Sun,85,Winter,Sunny,0.17,1,47.3,3.6,43.5
12628,Karnataka Superfast Express,Superfast,BRC,Vadodara Jn,189,3,Wed,85,Autumn,Sunny,0.09,0,23.2,1.7,21.9
12431,Trivandrum Rajdhani Express,Rajdhani,BPL,Bhopal Jn,1307,10,Mon,125,Autumn,Misty,0.05,0,9.5,1.2,8.3
12431,Trivandrum Rajdhani Express,Rajdhani,DDU,Pt Deen Dayal Upadhyaya,2091,15,Fri,125,Monsoon,Clear,0.1,0,14.9,1.9,17.4
20801,Magadh Express,Superfast,AGC,Agra Cantt,1808,15,Fri,85,Winter,Rainy,0.18,0,59.7,1.5,66.5
12628,Karnataka Superfast Express,Superfast,BPL,Bhopal Jn,1489,15,Wed,85,Autumn,Sunny,0.1,0,38.2,1.5,35.9
12301,Howrah Rajdhani Express,Rajdhani,TATA,Tatanagar Jn,763,5,Sat,130,Monsoon,Foggy,0.16,1,97.1,2.1,94.1
22436,Varanasi Vande Bharat Express,Vande Bharat,DHN,Dhanbad Jn,292,2,Thu,140,Autumn,Rainy,0.05,0,35.5,2.4,39.3
12953,August Kranti Rajdhani,Rajdhani,ST,Surat,1028,3,Sun,130,Winter,Rainy,0.09,1,63.6,3.2,58.8
12953,August Kranti Rajdhani,Rajdhani,MTJ,Mathura Jn,1893,15,Tue,130,Winter,Clear,0.19,0,38.4,4.9,33.6
20801,Magadh Express,Superfast,PRYJ,Prayagraj Jn,531,5,Sun,85,Winter,Misty,0.62,1,55.6,3.5,59.3
12431,Trivandrum Rajdhani Express,Rajdhani,DHN,Dhanbad Jn,1589,7,Fri,125,Autumn,Clear,0.03,0,25.2,4.3,27.7
12301,Howrah Rajdhani Express,Rajdhani,DHN,Dhanbad Jn,2040,7,Sun,130,Winter,Sunny,0.17,1,24.7,2.1,25.3
12628,Karnataka Superfast Express,Superfast,KOTA,Kota Jn,1856,10,Sun,85,Autumn,Sunny,0.03,1,92.8,4.7,81.7
12953,August Kranti Rajdhani,Rajdhani,DHN,Dhanbad Jn,140,3,Sat,130,Monsoon,Clear,0.09,1,12.2,1.3,14.0
12951,Mumbai Rajdhani Express,Rajdhani,NGP,Nagpur Jn,1311,10,Sat,130,Summer,Misty,0.01,1,29.9,2.6,29.4
12810,Howrah Mumbai Mail,Mail Superfast,DDU,Pt Deen Dayal Upadhyaya,1245,5,Sat,88,Monsoon,Rainy,0.0,1,52.3,3.8,50.0
12259,Sealdah Bikaner Duronto,Duronto,BSP,Bilaspur Jn,445,2,Sun,110,Autumn,Sunny,0.18,1,34.2,3.1,32.1
12002,Bhopal Shatabdi Express,Shatabdi,CNB,Kanpur Central,1378,7,Fri,120,Monsoon,Sunny,0.02,0,41.2,4.0,40.1
12628,Karnataka Superfast Express,Superfast,TATA,Tatanagar Jn,552,2,Sun,85,Monsoon,Foggy,0.2,1,82.1,4.4,92.6
22436,Varanasi Vande Bharat Express,Vande Bharat,BPL,Bhopal Jn,1067,5,Wed,140,Winter,Foggy,0.74,0,98.1,2.4,92.2
12953,August Kranti Rajdhani,Rajdhani,DDU,Pt Deen Dayal Upadhyaya,888,7,Tue,130,Winter,Rainy,0.1,0,28.1,2.8,28.9
22436,Varanasi Vande Bharat Express,Vande Bharat,ST,Surat,419,7,Thu,140,Summer,Foggy,0.04,0,82.8,3.7,80.8
12301,Howrah Rajdhani Express,Rajdhani,BPL,Bhopal Jn,691,5,Sat,130,Autumn,Foggy,0.16,1,98.7,2.9,98.3
12953,August Kranti Rajdhani,Rajdhani,BRC,Vadodara Jn,742,7,Sat,130,Summer,Foggy,0.09,1,101.5,4.7,108.3
12953,August Kranti Rajdhani,Rajdhani,KOTA,Kota Jn,1342,5,Mon,130,Monsoon,Rainy,0.2,0,50.6,2.9,49.3
12951,Mumbai Rajdhani Express,Rajdhani,BSP,Bilaspur Jn,2102,2,Wed,130,Monsoon,Sunny,0.04,0,32.3,1.5,31.6
20801,Magadh Express,Superfast,BPL,Bhopal Jn,643,5,Wed,85,Autumn,Foggy,0.17,0,84.7,3.0,86.0
12259,Sealdah Bikaner Duronto,Duronto,BRC,Vadodara Jn,1719,7,Sun,110,Autumn,Foggy,0.05,1,166.2,3.2,149.8
12951,Mumbai Rajdhani Express,Rajdhani,PRYJ,Prayagraj Jn,448,5,Sat,130,Monsoon,Misty,0.13,1,21.4,4.8,19.9
20801,Magadh Express,Superfast,CNB,Kanpur Central,592,5,Tue,85,Autumn,Misty,0.18,0,44.7,4.8,40.6
20801,Magadh Express,Superfast,BPL,Bhopal Jn,2113,2,Mon,85,Monsoon,Foggy,0.12,0,70.7,2.4,70.1
12301,Howrah Rajdhani Express,Rajdhani,MTJ,Mathura Jn,1268,5,Mon,130,Winter,Clear,0.11,0,37.9,1.7,36.0
12951,Mumbai Rajdhani Express,Rajdhani,PRYJ,Prayagraj Jn,1320,10,Wed,130,Summer,Clear,0.14,0,33.3,1.4,29.8
12810,Howrah Mumbai Mail,Mail Superfast,GWL,Gwalior Jn,1068,15,Sun,88,Winter,Clear,0.04,1,46.0,3.0,48.7
12953,August Kranti Rajdhani,Rajdhani,GWL,Gwalior Jn,1057,2,Mon,130,Autumn,Clear,0.08,0,30.3,2.1,28.8
12628,Karnataka Superfast Express,Superfast,DHN,Dhanbad Jn,1926,3,Fri,85,Summer,Rainy,0.11,0,77.6,4.4,86.2
12628,Karnataka Superfast Express,Superfast,CNB,Kanpur Central,2003,5,Thu,85,Autumn,Clear,0.0,0,40.1,3.6,46.2
12431,Trivandrum Rajdhani Express,Rajdhani,MTJ,Mathura Jn,971,5,Fri,125,Monsoon,Foggy,0.2,0,71.5,1.2,80.6
12002,Bhopal Shatabdi Express,Shatabdi,DDU,Pt Deen Dayal Upadhyaya,2167,7,Fri,120,Monsoon,Foggy,0.04,0,137.7,4.5,120.4
12431,Trivandrum Rajdhani Express,Rajdhani,MTJ,Mathura Jn,1445,2,Tue,125,Monsoon,Rainy,0.04,0,49.5,4.7,58.0
12002,Bhopal Shatabdi Express,Shatabdi,GWL,Gwalior Jn,417,2,Fri,120,Autumn,Foggy,0.11,0,75.7,4.6,85.3
12301,Howrah Rajdhani Express,Rajdhani,TATA,Tatanagar Jn,134,3,Fri,130,Monsoon,Foggy,0.04,0,71.6,2.9,76.6
12259,Sealdah Bikaner Duronto,Duronto,RTM,Ratlam Jn,2122,7,Mon,110,Monsoon,Sunny,0.05,0,49.6,1.1,46.7
20801,Magadh Express,Superfast,RTM,Ratlam Jn,1236,15,Mon,85,Summer,Foggy,0.02,0,87.1,1.7,96.5
20801,Magadh Express,Superfast,KOTA,Kota Jn,1033,5,Sat,85,Winter,Sunny,0.05,1,45.3,1.8,39.5
12953,August Kranti Rajdhani,Rajdhani,PRYJ,Prayagraj Jn,312,7,Wed,130,Autumn,Clear,0.19,0,25.2,2.7,25.5
12259,Sealdah Bikaner Duronto,Duronto,CNB,Kanpur Central,1820,15,Sun,110,Winter,Sunny,0.01,1,49.6,2.3,52.2
20801,Magadh Express,Superfast,DHN,Dhanbad Jn,1123,5,Mon,85,Summer,Foggy,0.19,0,111.2,1.7,101.8
20801,Magadh Express,Superfast,DHN,Dhanbad Jn,2039,5,Sat,85,Monsoon,Rainy,0.05,1,102.4,4.8,101.8
12628,Karnataka Superfast Express,Superfast,BRC,Vadodara Jn,611,3,Sun,85,Autumn,Clear,0.13,1,57.9,4.9,54.7
12002,Bhopal Shatabdi Express,Shatabdi,ST,Surat,1868,3,Sun,120,Autumn,Clear,0.06,1,27.3,1.4,31.5
12301,Howrah Rajdhani Express,Rajdhani,GWL,Gwalior Jn,143,15,Mon,130,Autumn,Sunny,0.17,0,26.6,2.5,27.9
12951,Mumbai Rajdhani Express,Rajdhani,BPL,Bhopal Jn,520,2,Fri,130,Monsoon,Misty,0.04,0,12.4,3.4,11.4
12628,Karnataka Superfast Express,Superfast,BSP,Bilaspur Jn,1824,15,Fri,85,Summer,Misty,0.05,0,44.7,3.9,51.5
12810,Howrah Mumbai Mail,Mail Superfast,PRYJ,Prayagraj Jn,696,5,Thu,88,Monsoon,Rainy,0.12,0,81.5,2.9,71.4
12953,August Kranti Rajdhani,Rajdhani,PRYJ,Prayagraj Jn,323,10,Sat,130,Summer,Clear,0.05,1,20.1,2.4,23.1
12628,Karnataka Superfast Express,Superfast,NGP,Nagpur Jn,1474,5,Thu,85,Autumn,Misty,0.14,0,29.2,2.7,29.6
12951,Mumbai Rajdhani Express,Rajdhani,BPL,Bhopal Jn,2010,5,Tue,130,Winter,Sunny,0.14,0,42.0,2.0,39.2
12628,Karnataka Superfast Express,Superfast,GWL,Gwalior Jn,1565,2,Tue,85,Winter,Rainy,0.0,0,53.6,3.2,51.6
12259,Sealdah Bikaner Duronto,Duronto,ST,Surat,996,5,Mon,110,Summer,Sunny,0.06,0,31.4,3.9,36.7
12810,Howrah Mumbai Mail,Mail Superfast,BSP,Bilaspur Jn,554,7,Mon,88,Winter,Sunny,0.08,0,33.9,4.7,36.8
12259,Sealdah Bikaner Duronto,Duronto,NGP,Nagpur Jn,635,5,Tue,110,Autumn,Clear,0.02,0,29.5,1.8,25.8
12628,Karnataka Superfast Express,Superfast,BSP,Bilaspur Jn,708,7,Mon,85,Summer,Misty,0.06,0,45.4,2.0,48.6
12002,Bhopal Shatabdi Express,Shatabdi,TATA,Tatanagar Jn,2027,3,Fri,120,Autumn,Sunny,0.15,0,36.4,1.7,37.8
12953,August Kranti Rajdhani,Rajdhani,BPL,Bhopal Jn,2079,15,Tue,130,Monsoon,Rainy,0.11,0,56.0,2.9,51.5
12951,Mumbai Rajdhani Express,Rajdhani,RTM,Ratlam Jn,1721,5,Tue,130,Summer,Foggy,0.17,0,101.6,2.2,100.1
12002,Bhopal Shatabdi Express,Shatabdi,DHN,Dhanbad Jn,1042,2,Mon,120,Monsoon,Foggy,0.1,0,77.2,2.9,78.0
12301,Howrah Rajdhani Express,Rajdhani,AGC,Agra Cantt,201,5,Sun,130,Autumn,Rainy,0.05,1,31.0,2.8,31.0
12953,August Kranti Rajdhani,Rajdhani,NGP,Nagpur Jn,392,7,Mon,130,Monsoon,Sunny,0.02,0,6.7,1.2,7.4
12259,Sealdah Bikaner Duronto,Duronto,MTJ,Mathura Jn,664,5,Wed,110,Monsoon,Sunny,0.14,0,29.5,1.0,30.4
12301,Howrah Rajdhani Express,Rajdhani,TATA,Tatanagar Jn,711,10,Fri,130,Winter,Foggy,0.86,0,44.6,1.9,48.5
20801,Magadh Express,Superfast,DHN,Dhanbad Jn,451,7,Fri,85,Autumn,Foggy,0.07,0,134.4,4.4,121.5
12951,Mumbai Rajdhani Express,Rajdhani,AGC,Agra Cantt,139,15,Tue,130,Summer,Rainy,0.19,0,47.1,4.2,48.3
12301,Howrah Rajdhani Express,Rajdhani,DHN,Dhanbad Jn,231,5,Sun,130,Monsoon,Rainy,0.12,1,33.9,1.6,32.8
12301,Howrah Rajdhani Express,Rajdhani,GWL,Gwalior Jn,871,15,Tue,130,Autumn,Clear,0.11,0,14.3,1.4,14.5
12810,Howrah Mumbai Mail,Mail Superfast,BRC,Vadodara Jn,2101,2,Tue,88,Winter,Misty,0.67,0,32.5,1.7,35.3
12953,August Kranti Rajdhani,Rajdhani,BRC,Vadodara Jn,803,7,Thu,130,Winter,Rainy,0.1,0,35.3,4.4,40.0
12953,August Kranti Rajdhani,Rajdhani,GWL,Gwalior Jn,945,5,Thu,130,Winter,Foggy,0.98,0,105.7,4.5,103.4
12810,Howrah Mumbai Mail,Mail Superfast,PRYJ,Prayagraj Jn,684,15,Tue,88,Autumn,Rainy,0.04,0,54.5,1.3,54.1
20801,Magadh Express,Superfast,BSP,Bilaspur Jn,473,5,Thu,85,Autumn,Foggy,0.12,0,104.8,3.6,108.3
12002,Bhopal Shatabdi Express,Shatabdi,GWL,Gwalior Jn,1975,10,Tue,120,Summer,Misty,0.15,0,28.5,4.6,27.9
12301,Howrah Rajdhani Express,Rajdhani,DDU,Pt Deen Dayal Upadhyaya,1295,3,Mon,130,Summer,Sunny,0.05,0,41.2,3.8,35.9
12953,August Kranti Rajdhani,Rajdhani,BRC,Vadodara Jn,1435,10,Wed,130,Winter,Clear,0.1,0,32.0,2.8,31.9
12431,Trivandrum Rajdhani Express,Rajdhani,ST,Surat,1735,5,Mon,125,Autumn,Foggy,0.07,0,60.0,2.6,55.8
12431,Trivandrum Rajdhani Express,Rajdhani,BPL,Bhopal Jn,1892,5,Mon,125,Winter,Misty,0.86,0,24.1,2.9,26.8
12951,Mumbai Rajdhani Express,Rajdhani,PRYJ,Prayagraj Jn,1700,5,Mon,130,Summer,Rainy,0.02,0,51.6,1.3,56.4
12951,Mumbai Rajdhani Express,Rajdhani,BSP,Bilaspur Jn,521,10,Sat,130,Summer,Foggy,0.14,1,78.3,3.8,90.6
12301,Howrah Rajdhani Express,Rajdhani,DHN,Dhanbad Jn,919,3,Tue,130,Summer,Rainy,0.18,0,22.4,1.1,25.8
22436,Varanasi Vande Bharat Express,Vande Bharat,DHN,Dhanbad Jn,2199,3,Sun,140,Summer,Sunny,0.01,1,28.0,4.3,27.0
20801,Magadh Express,Superfast,RTM,Ratlam Jn,975,3,Fri,85,Autumn,Foggy,0.02,0,73.0,2.4,73.9
22436,Varanasi Vande Bharat Express,Vande Bharat,NGP,Nagpur Jn,375,5,Sun,140,Monsoon,Misty,0.07,1,23.7,2.6,23.7
22436,Varanasi Vande Bharat Express,Vande Bharat,DDU,Pt Deen Dayal Upadhyaya,1428,10,Fri,140,Summer,Rainy,0.19,0,57.8,3.7,51.8
12259,Sealdah Bikaner Duronto,Duronto,TATA,Tatanagar Jn,1938,10,Sat,110,Autumn,Clear,0.07,1,68.2,3.0,68.1
12951,Mumbai Rajdhani Express,Rajdhani,RTM,Ratlam Jn,1855,5,Mon,130,Winter,Rainy,0.05,0,40.6,3.5,44.5
12951,Mumbai Rajdhani Express,Rajdhani,RTM,Ratlam Jn,1400,2,Sat,130,Autumn,Rainy,0.03,1,59.0,3.1,63.0
12951,Mumbai Rajdhani Express,Rajdhani,RTM,Ratlam Jn,321,5,Sun,130,Monsoon,Rainy,0.05,1,42.7,4.2,47.2
12951,Mumbai Rajdhani Express,Rajdhani,BRC,Vadodara Jn,313,5,Sun,130,Autumn,Clear,0.19,1,14.4,4.8,16.0
12953,August Kranti Rajdhani,Rajdhani,TATA,Tatanagar Jn,1845,15,Sun,130,Summer,Sunny,0.1,1,30.9,2.2,33.4
12810,Howrah Mumbai Mail,Mail Superfast,PRYJ,Prayagraj Jn,2070,3,Thu,88,Summer,Rainy,0.17,0,73.3,4.8,74.0
12301,Howrah Rajdhani Express,Rajdhani,CNB,Kanpur Central,2074,2,Fri,130,Autumn,Sunny,0.16,0,45.4,4.0,48.3
12953,August Kranti Rajdhani,Rajdhani,KOTA,Kota Jn,1352,15,Fri,130,Summer,Rainy,0.08,0,50.1,2.1,52.7
12431,Trivandrum Rajdhani Express,Rajdhani,RTM,Ratlam Jn,2150,7,Tue,125,Summer,Clear,0.0,0,54.3,3.0,56.4
12431,Trivandrum Rajdhani Express,Rajdhani,MTJ,Mathura Jn,609,10,Sat,125,Winter,Foggy,0.95,1,103.8,4.7,91.3
12259,Sealdah Bikaner Duronto,Duronto,CNB,Kanpur Central,1678,10,Sat,110,Autumn,Rainy,0.14,1,58.6,3.9,55.7
12002,Bhopal Shatabdi Express,Shatabdi,MTJ,Mathura Jn,761,2,Fri,120,Autumn,Sunny,0.05,0,7.4,1.5,7.0
12301,Howrah Rajdhani Express,Rajdhani,GWL,Gwalior Jn,1832,5,Sat,130,Winter,Misty,0.96,1,29.8,4.3,28.4
12301,Howrah Rajdhani Express,Rajdhani,PRYJ,Prayagraj Jn,1510,5,Wed,130,Autumn,Clear,0.02,0,40.3,2.1,37.5
12810,Howrah Mumbai Mail,Mail Superfast,ST,Surat,1811,10,Tue,88,Autumn,Clear,0.02,0,68.1,3.6,64.2
12628,Karnataka Superfast Express,Superfast,BPL,Bhopal Jn,970,5,Tue,85,Winter,Foggy,0.83,0,118.7,1.8,130.8
12301,Howrah Rajdhani Express,Rajdhani,BPL,Bhopal Jn,451,10,Sat,130,Winter,Sunny,0.02,1,14.0,1.5,14.1
22436,Varanasi Vande Bharat Express,Vande Bharat,ST,Surat,271,3,Mon,140,Monsoon,Clear,0.13,0,15.0,1.8,15.6
12953,August Kranti Rajdhani,Rajdhani,DHN,Dhanbad Jn,1859,7,Wed,130,Autumn,Foggy,0.15,0,139.4,2.5,132.8
12301,Howrah Rajdhani Express,Rajdhani,PRYJ,Prayagraj Jn,112,15,Mon,130,Monsoon,Rainy,0.16,0,40.9,4.5,36.3
12951,Mumbai Rajdhani Express,Rajdhani,PRYJ,Prayagraj Jn,2046,10,Mon,130,Monsoon,Sunny,0.07,0,18.7,3.6,19.8
12259,Sealdah Bikaner Duronto,Duronto,TATA,Tatanagar Jn,2084,10,Mon,110,Monsoon,Foggy,0.05,0,114.2,4.0,100.9
12431,Trivandrum Rajdhani Express,Rajdhani,NGP,Nagpur Jn,899,5,Sun,125,Winter,Foggy,0.72,1,110.6,4.5,110.7
22436,Varanasi Vande Bharat Express,Vande Bharat,MTJ,Mathura Jn,573,15,Sun,140,Autumn,Sunny,0.18,1,16.4,3.7,18.0
22436,Varanasi Vande Bharat Express,Vande Bharat,BRC,Vadodara Jn,1437,10,Thu,140,Winter,Sunny,0.19,0,30.6,4.1,27.3
22436,Varanasi Vande Bharat Express,Vande Bharat,NGP,Nagpur Jn,1463,5,Tue,140,Autumn,Clear,0.16,0,42.3,4.7,41.1
12259,Sealdah Bikaner Duronto,Duronto,GWL,Gwalior Jn,1889,5,Sat,110,Autumn,Misty,0.19,1,36.0,1.9,33.6
12628,Karnataka Superfast Express,Superfast,DDU,Pt Deen Dayal Upadhyaya,1657,2,Mon,85,Monsoon,Sunny,0.17,0,46.2,2.2,50.9
12301,Howrah Rajdhani Express,Rajdhani,GWL,Gwalior Jn,1009,3,Wed,130,Monsoon,Sunny,0.1,0,24.9,2.6,22.0
12628,Karnataka Superfast Express,Superfast,BPL,Bhopal Jn,697,2,Sat,85,Autumn,Sunny,0.12,1,41.0,3.4,35.7
22436,Varanasi Vande Bharat Express,Vande Bharat,MTJ,Mathura Jn,1642,2,Sun,140,Autumn,Sunny,0.1,1,37.3,4.9,34.9
12628,Karnataka Superfast Express,Superfast,DDU,Pt Deen Dayal Upadhyaya,1704,5,Sat,85,Winter,Sunny,0.17,1,64.6,4.9,58.5
12951,Mumbai Rajdhani Express,Rajdhani,CNB,Kanpur Central,1526,10,Thu,130,Monsoon,Foggy,0.14,0,74.9,2.6,67.7
12301,Howrah Rajdhani Express,Rajdhani,BRC,Vadodara Jn,321,5,Tue,130,Monsoon,Misty,0.17,0,9.9,2.8,11.1
12431,Trivandrum Rajdhani Express,Rajdhani,MTJ,Mathura Jn,901,2,Tue,125,Summer,Sunny,0.16,0,40.9,2.4,36.9
12301,Howrah Rajdhani Express,Rajdhani,GWL,Gwalior Jn,2040,5,Sat,130,Summer,Clear,0.02,1,41.4,4.8,41.2
12259,Sealdah Bikaner Duronto,Duronto,PRYJ,Prayagraj Jn,586,5,Thu,110,Summer,Foggy,0.05,0,105.4,2.6,97.3
22436,Varanasi Vande Bharat Express,Vande Bharat,DHN,Dhanbad Jn,1923,7,Thu,140,Autumn,Rainy,0.13,0,42.7,1.0,41.0
12953,August Kranti Rajdhani,Rajdhani,RTM,Ratlam Jn,487,5,Mon,130,Autumn,Rainy,0.14,0,48.1,2.5,50.8
12953,August Kranti Rajdhani,Rajdhani,KOTA,Kota Jn,2101,3,Thu,130,Winter,Foggy,0.82,0,118.9,3.1,109.4
22436,Varanasi Vande Bharat Express,Vande Bharat,DHN,Dhanbad Jn,837,2,Sun,140,Summer,Clear,0.04,1,24.3,3.2,26.6
12002,Bhopal Shatabdi Express,Shatabdi,BRC,Vadodara Jn,610,5,Fri,120,Monsoon,Clear,0.02,0,25.9,2.5,26.5
12951,Mumbai Rajdhani Express,Rajdhani,RTM,Ratlam Jn,1301,15,Wed,130,Winter,Misty,0.96,0,21.0,1.6,18.3
20801,Magadh Express,Superfast,CNB,Kanpur Central,283,5,Fri,85,Summer,Clear,0.13,0,32.1,1.1,29.0
12628,Karnataka Superfast Express,Superfast,KOTA,Kota Jn,626,10,Fri,85,Summer,Misty,0.07,0,14.7,1.3,15.2
22436,Varanasi Vande Bharat Express,Vande Bharat,MTJ,Mathura Jn,389,5,Sat,140,Autumn,Sunny,0.11,1,31.8,5.0,35.0
12259,Sealdah Bikaner Duronto,Duronto,PRYJ,Prayagraj Jn,1395,10,Sat,110,Summer,Foggy,0.16,1,105.4,2.5,99.9
12301,Howrah Rajdhani Express,Rajdhani,BRC,Vadodara Jn,1219,5,Wed,130,Winter,Rainy,0.18,0,44.7,4.5,46.4
12628,Karnataka Superfast Express,Superfast,GWL,Gwalior Jn,1355,15,Mon,85,Winter,Sunny,0.11,0,28.2,1.4,30.3
22436,Varanasi Vande Bharat Express,Vande Bharat,BSP,Bilaspur Jn,1695,5,Mon,140,Summer,Rainy,0.19,0,55.6,2.4,55.1
20801,Magadh Express,Superfast,BSP,Bilaspur Jn,1161,2,Sun,85,Autumn,Foggy,0.12,1,117.8,3.7,126.6
12259,Sealdah Bikaner Duronto,Duronto,DDU,Pt Deen Dayal Upadhyaya,1975,5,Sun,110,Summer,Misty,0.08,1,50.3,2.8,50.8
12810,Howrah Mumbai Mail,Mail Superfast,MTJ,Mathura Jn,456,5,Thu,88,Summer,Rainy,0.13,0,57.4,2.6,50.6
12002,Bhopal Shatabdi Express,Shatabdi,PRYJ,Prayagraj Jn,2118,2,Mon,120,Winter,Rainy,0.11,0,72.1,4.8,67.4
12431,Trivandrum Rajdhani Express,Rajdhani,BPL,Bhopal Jn,878,2,Fri,125,Winter,Foggy,0.61,0,118.1,3.9,104.0
12953,August Kranti Rajdhani,Rajdhani,NGP,Nagpur Jn,790,5,Fri,130,Winter,Misty,0.78,0,24.6,1.7,27.6
12259,Sealdah Bikaner Duronto,Duronto,ST,Surat,563,7,Thu,110,Autumn,Foggy,0.03,0,88.3,4.7,94.0
12810,Howrah Mumbai Mail,Mail Superfast,MTJ,Mathura Jn,1348,2,Tue,88,Winter,Misty,0.76,0,71.7,4.7,64.9
12951,Mumbai Rajdhani Express,Rajdhani,AGC,Agra Cantt,538,2,Mon,130,Autumn,Rainy,0.06,0,43.6,2.4,47.9
12953,August Kranti Rajdhani,Rajdhani,CNB,Kanpur Central,128,5,Tue,130,Autumn,Clear,0.18,0,19.3,4.1,19.5
12259,Sealdah Bikaner Duronto,Duronto,MTJ,Mathura Jn,1203,3,Wed,110,Autumn,Sunny,0.11,0,59.4,5.0,55.3
12951,Mumbai Rajdhani Express,Rajdhani,AGC,Agra Cantt,264,5,Sun,130,Summer,Clear,0.04,1,26.4,2.6,23.6
12002,Bhopal Shatabdi Express,Shatabdi,NGP,Nagpur Jn,2103,15,Tue,120,Autumn,Rainy,0.02,0,62.6,4.2,62.6
12301,Howrah Rajdhani Express,Rajdhani,KOTA,Kota Jn,1509,2,Mon,130,Winter,Clear,0.03,0,18.5,4.1,17.6
12259,Sealdah Bikaner Duronto,Duronto,GWL,Gwalior Jn,1255,15,Fri,110,Winter,Foggy,0.79,0,93.0,1.3,99.5
22436,Varanasi Vande Bharat Express,Vande Bharat,TATA,Tatanagar Jn,522,5,Wed,140,Summer,Foggy,0.04,0,69.3,1.8,77.5
22436,Varanasi Vande Bharat Express,Vande Bharat,KOTA,Kota Jn,698,10,Thu,140,Winter,Rainy,0.2,0,35.0,1.1,33.0
12628,Karnataka Superfast Express,Superfast,RTM,Ratlam Jn,1849,2,Wed,85,Autumn,Foggy,0.01,0,79.2,2.2,82.9
12301,Howrah Rajdhani Express,Rajdhani,RTM,Ratlam Jn,313,7,Wed,130,Winter,Sunny,0.01,0,16.5,1.8,18.2
12431,Trivandrum Rajdhani Express,Rajdhani,AGC,Agra Cantt,155,5,Wed,125,Monsoon,Clear,0.02,0,18.1,2.3,18.9
20801,Magadh Express,Superfast,CNB,Kanpur Central,960,10,Fri,85,Monsoon,Sunny,0.13,0,13.7,1.3,15.9
12628,Karnataka Superfast Express,Superfast,RTM,Ratlam Jn,1504,5,Sat,85,Autumn,Clear,0.01,1,58.6,3.9,64.3
12002,Bhopal Shatabdi Express,Shatabdi,ST,Surat,1134,7,Tue,120,Summer,Foggy,0.11,0,103.9,4.6,106.5
12953,August Kranti Rajdhani,Rajdhani,DHN,Dhanbad Jn,628,5,Mon,130,Summer,Misty,0.05,0,18.0,1.2,16.5
12628,Karnataka Superfast Express,Superfast,DDU,Pt Deen Dayal Upadhyaya,407,5,Sun,85,Autumn,Foggy,0.14,1,83.5,2.8,91.5
12951,Mumbai Rajdhani Express,Rajdhani,KOTA,Kota Jn,2200,15,Fri,130,Summer,Misty,0.14,0,40.9,3.0,44.1
12628,Karnataka Superfast Express,Superfast,MTJ,Mathura Jn,1017,2,Sat,85,Monsoon,Misty,0.02,1,24.7,3.1,26.5
12002,Bhopal Shatabdi Express,Shatabdi,MTJ,Mathura Jn,960,3,Sun,120,Winter,Sunny,0.2,1,7.9,1.0,7.7
12259,Sealdah Bikaner Duronto,Duronto,AGC,Agra Cantt,1307,7,Mon,110,Monsoon,Sunny,0.08,0,67.7,4.9,63.3
12810,Howrah Mumbai Mail,Mail Superfast,KOTA,Kota Jn,535,10,Wed,88,Winter,Misty,0.86,0,38.1,4.8,36.7
20801,Magadh Express,Superfast,CNB,Kanpur Central,935,10,Tue,85,Autumn,Sunny,0.06,0,29.7,1.6,26.5
22436,Varanasi Vande Bharat Express,Vande Bharat,BPL,Bhopal Jn,821,5,Tue,140,Autumn,Sunny,0.16,0,18.1,3.3,20.0
12810,Howrah Mumbai Mail,Mail Superfast,ST,Surat,869,3,Wed,88,Summer,Sunny,0.16,0,25.5,1.6,26.3
12953,August Kranti Rajdhani,Rajdhani,KOTA,Kota Jn,1672,2,Sat,130,Winter,Misty,0.64,1,23.0,1.4,20.9
12951,Mumbai Rajdhani Express,Rajdhani,KOTA,Kota Jn,155,2,Tue,130,Winter,Rainy,0.03,0,35.9,4.8,39.4
12431,Trivandrum Rajdhani Express,Rajdhani,DHN,Dhanbad Jn,2061,5,Fri,125,Autumn,Sunny,0.06,0,36.8,2.0,39.6
12953,August Kranti Rajdhani,Rajdhani,BRC,Vadodara Jn,520,10,Mon,130,Winter,Clear,0.11,0,26.6,1.6,29.7
12810,Howrah Mumbai Mail,Mail Superfast,RTM,Ratlam Jn,551,5,Sat,88,Autumn,Clear,0.1,1,51.2,1.4,53.5
20801,Magadh Express,Superfast,AGC,Agra Cantt,718,5,Mon,85,Monsoon,Clear,0.18,0,40.5,2.7,36.2
12810,Howrah Mumbai Mail,Mail Superfast,PRYJ,Prayagraj Jn,1210,15,Sun,88,Monsoon,Rainy,0.18,1,102.6,3.6,96.5
22436,Varanasi Vande Bharat Express,Vande Bharat,DHN,Dhanbad Jn,1699,15,Mon,140,Summer,Sunny,0.06,0,32.0,3.9,31.3
12810,Howrah Mumbai Mail,Mail Superfast,KOTA,Kota Jn,1677,7,Mon,88,Monsoon,Sunny,0.04,0,46.2,2.3,43.7
12301,Howrah Rajdhani Express,Rajdhani,PRYJ,Prayagraj Jn,1107,10,Sun,130,Monsoon,Sunny,0.16,1,20.3,2.7,18.5
12301,Howrah Rajdhani Express,Rajdhani,BRC,Vadodara Jn,998,3,Fri,130,Autumn,Misty,0.12,0,15.0,1.9,13.1
12951,Mumbai Rajdhani Express,Rajdhani,AGC,Agra Cantt,344,7,Fri,130,Autumn,Sunny,0.18,0,24.2,2.4,24.5
12953,August Kranti Rajdhani,Rajdhani,BSP,Bilaspur Jn,328,5,Thu,130,Summer,Sunny,0.17,0,13.5,1.5,15.1
12951,Mumbai Rajdhani Express,Rajdhani,DDU,Pt Deen Dayal Upadhyaya,402,15,Thu,130,Monsoon,Clear,0.14,0,32.2,4.3,36.9
22436,Varanasi Vande Bharat Express,Vande Bharat,ST,Surat,2024,5,Fri,140,Autumn,Sunny,0.15,0,34.7,4.0,36.9
12301,Howrah Rajdhani Express,Rajdhani,DDU,Pt Deen Dayal Upadhyaya,738,2,Wed,130,Autumn,Clear,0.06,0,18.9,4.5,22.2
12301,Howrah Rajdhani Express,Rajdhani,NGP,Nagpur Jn,1031,10,Thu,130,Monsoon,Misty,0.1,0,19.0,4.7,21.7
12301,Howrah Rajdhani Express,Rajdhani,KOTA,Kota Jn,996,10,Sat,130,Summer,Foggy,0.12,1,89.4,1.7,90.3
12259,Sealdah Bikaner Duronto,Duronto,NGP,Nagpur Jn,1621,10,Sat,110,Autumn,Foggy,0.03,1,46.2,1.8,44.8
12259,Sealdah Bikaner Duronto,Duronto,ST,Surat,367,5,Tue,110,Monsoon,Sunny,0.11,0,49.3,3.4,47.3
12951,Mumbai Rajdhani Express,Rajdhani,RTM,Ratlam Jn,2081,2,Wed,130,Winter,Misty,0.83,0,27.6,1.2,29.3
12259,Sealdah Bikaner Duronto,Duronto,DHN,Dhanbad Jn,1700,7,Wed,110,Autumn,Misty,0.04,0,73.9,4.9,68.9
22436,Varanasi Vande Bharat Express,Vande Bharat,CNB,Kanpur Central,1665,15,Sun,140,Summer,Clear,0.12,1,33.0,3.3,35.2
12002,Bhopal Shatabdi Express,Shatabdi,NGP,Nagpur Jn,1048,5,Thu,120,Winter,Clear,0.19,0,41.0,4.2,36.0
12953,August Kranti Rajdhani,Rajdhani,DDU,Pt Deen Dayal Upadhyaya,1488,5,Fri,130,Monsoon,Foggy,0.16,0,89.2,2.4,79.8
12301,Howrah Rajdhani Express,Rajdhani,RTM,Ratlam Jn,2137,3,Tue,130,Winter,Sunny,0.11,0,44.6,4.2,39.1
22436,Varanasi Vande Bharat Express,Vande Bharat,BPL,Bhopal Jn,1310,5,Mon,140,Autumn,Rainy,0.03,0,27.2,1.3,31.2
12431,Trivandrum Rajdhani Express,Rajdhani,MTJ,Mathura Jn,675,3,Thu,125,Monsoon,Foggy,0.13,0,76.6,4.9,73.9
12002,Bhopal Shatabdi Express,Shatabdi,BPL,Bhopal Jn,1792,15,Wed,120,Monsoon,Rainy,0.02,0,69.7,2.1,67.3
12951,Mumbai Rajdhani Express,Rajdhani,DDU,Pt Deen Dayal Upadhyaya,531,5,Sun,130,Summer,Misty,0.0,1,26.8,2.5,24.1
22436,Varanasi Vande Bharat Express,Vande Bharat,AGC,Agra Cantt,2004,3,Thu,140,Autumn,Misty,0.18,0,25.9,1.3,23.0
12301,Howrah Rajdhani Express,Rajdhani,DHN,Dhanbad Jn,1399,7,Thu,130,Summer,Foggy,0.07,0,86.5,5.0,100.4
12002,Bhopal Shatabdi Express,Shatabdi,BPL,Bhopal Jn,1657,2,Tue,120,Summer,Rainy,0.11,0,56.3,4.7,56.8
12951,Mumbai Rajdhani Express,Rajdhani,RTM,Ratlam Jn,821,3,Sun,130,Winter,Foggy,0.71,1,45.5,1.6,46.6
12628,Karnataka Superfast Express,Superfast,NGP,Nagpur Jn,1855,7,Wed,85,Summer,Clear,0.02,0,40.2,4.9,44.2
12301,Howrah Rajdhani Express,Rajdhani,BPL,Bhopal Jn,1693,2,Thu,130,Summer,Foggy,0.07,0,63.2,3.2,70.7
12259,Sealdah Bikaner Duronto,Duronto,ST,Surat,1396,3,Tue,110,Autumn,Sunny,0.1,0,46.5,4.2,50.1
12951,Mumbai Rajdhani Express,Rajdhani,BPL,Bhopal Jn,499,2,Sun,130,Summer,Foggy,0.13,1,68.7,1.9,71.3
12259,Sealdah Bikaner Duronto,Duronto,RTM,Ratlam Jn,166,5,Tue,110,Winter,Rainy,0.16,0,72.9,4.6,68.8
12431,Trivandrum Rajdhani Express,Rajdhani,GWL,Gwalior Jn,1844,7,Thu,125,Monsoon,Rainy,0.17,0,45.4,1.5,44.8
12301,Howrah Rajdhani Express,Rajdhani,MTJ,Mathura Jn,506,3,Sun,130,Autumn,Rainy,0.14,1,52.3,4.2,50.5
12301,Howrah Rajdhani Express,Rajdhani,BRC,Vadodara Jn,233,5,Thu,130,Winter,Foggy,0.8,0,101.8,4.4,92.0
22436,Varanasi Vande Bharat Express,Vande Bharat,AGC,Agra Cantt,1721,2,Sun,140,Autumn,Foggy,0.18,1,85.0,4.8,91.4
12810,Howrah Mumbai Mail,Mail Superfast,MTJ,Mathura Jn,1798,2,Sun,88,Autumn,Sunny,0.0,1,23.7,1.1,21.6
20801,Magadh Express,Superfast,AGC,Agra Cantt,1090,10,Wed,85,Summer,Misty,0.2,0,58.9,1.8,53.6
20801,Magadh Express,Superfast,GWL,Gwalior Jn,1403,5,Tue,85,Autumn,Sunny,0.08,0,33.2,2.7,31.9
12301,Howrah Rajdhani Express,Rajdhani,TATA,Tatanagar Jn,1420,5,Sun,130,Monsoon,Misty,0.03,1,8.4,1.4,9.9
20801,Magadh Express,Superfast,KOTA,Kota Jn,634,15,Mon,85,Winter,Misty,0.75,0,52.1,3.5,56.8
12628,Karnataka Superfast Express,Superfast,CNB,Kanpur Central,311,5,Sun,85,Summer,Foggy,0.15,1,54.3,1.3,47.4
22436,Varanasi Vande Bharat Express,Vande Bharat,BRC,Vadodara Jn,1173,5,Thu,140,Winter,Clear,0.03,0,10.5,1.4,10.9
12431,Trivandrum Rajdhani Express,Rajdhani,DHN,Dhanbad Jn,412,5,Mon,125,Autumn,Clear,0.1,0,28.9,3.7,30.6
12431,Trivandrum Rajdhani Express,Rajdhani,DHN,Dhanbad Jn,831,2,Tue,125,Summer,Rainy,0.0,0,35.8,1.5,42.1
12953,August Kranti Rajdhani,Rajdhani,DDU,Pt Deen Dayal Upadhyaya,194,5,Wed,130,Winter,Sunny,0.12,0,15.0,1.9,13.4
12951,Mumbai Rajdhani Express,Rajdhani,AGC,Agra Cantt,618,5,Tue,130,Summer,Clear,0.15,0,24.3,2.1,23.2
12431,Trivandrum Rajdhani Express,Rajdhani,DDU,Pt Deen Dayal Upadhyaya,1738,5,Sun,125,Autumn,Foggy,0.1,1,115.3,2.0,108.2
12301,Howrah Rajdhani Express,Rajdhani,BRC,Vadodara Jn,2098,10,Fri,130,Monsoon,Sunny,0.16,0,40.1,4.5,38.7
20801,Magadh Express,Superfast,GWL,Gwalior Jn,363,15,Thu,85,Summer,Misty,0.07,0,4.2,1.7,4.2
20801,Magadh Express,Superfast,GWL,Gwalior Jn,836,7,Wed,85,Monsoon,Foggy,0.01,0,59.9,2.7,67.0
12259,Sealdah Bikaner Duronto,Duronto,BRC,Vadodara Jn,975,15,Mon,110,Monsoon,Clear,0.14,0,39.5,3.3,42.9
22436,Varanasi Vande Bharat Express,Vande Bharat,GWL,Gwalior Jn,1238,3,Wed,140,Summer,Misty,0.04,0,26.3,3.3,24.0
12628,Karnataka Superfast Express,Superfast,RTM,Ratlam Jn,1224,10,Mon,85,Autumn,Foggy,0.01,0,97.0,1.5,94.4
12628,Karnataka Superfast Express,Superfast,PRYJ,Prayagraj Jn,119,15,Mon,85,Monsoon,Clear,0.13,0,41.1,2.1,36.5
12951,Mumbai Rajdhani Express,Rajdhani,AGC,Agra Cantt,1800,5,Sat,130,Winter,Clear,0.09,1,39.2,2.1,40.4
12953,August Kranti Rajdhani,Rajdhani,DHN,Dhanbad Jn,1322,15,Wed,130,Autumn,Misty,0.01,0,45.8,3.0,40.5
22436,Varanasi Vande Bharat Express,Vande Bharat,ST,Surat,1422,10,Tue,140,Winter,Clear,0.03,0,13.4,1.9,12.6
12259,Sealdah Bikaner Duronto,Duronto,TATA,Tatanagar Jn,276,3,Fri,110,Winter,Clear,0.05,0,24.8,1.2,22.8
12301,Howrah Rajdhani Express,Rajdhani,MTJ,Mathura Jn,591,5,Sat,130,Summer,Sunny,0.12,1,24.7,2.3,24.1
12301,Howrah Rajdhani Express,Rajdhani,NGP,Nagpur Jn,2057,15,Thu,130,Winter,Misty,0.81,0,35.2,4.9,37.9
12810,Howrah Mumbai Mail,Mail Superfast,DDU,Pt Deen Dayal Upadhyaya,1092,5,Mon,88,Monsoon,Misty,0.17,0,25.8,3.8,25.8
12628,Karnataka Superfast Express,Superfast,ST,Surat,869,15,Sat,85,Summer,Foggy,0.16,1,80.6,1.4,74.8
12810,Howrah Mumbai Mail,Mail Superfast,DDU,Pt Deen Dayal Upadhyaya,632,5,Thu,88,Summer,Misty,0.02,0,39.3,4.7,39.9
20801,Magadh Express,Superfast,CNB,Kanpur Central,1832,5,Tue,85,Autumn,Sunny,0.01,0,67.4,3.7,68.2
22436,Varanasi Vande Bharat Express,Vande Bharat,DDU,Pt Deen Dayal Upadhyaya,866,5,Mon,140,Summer,Clear,0.18,0,14.6,1.1,14.8
12810,Howrah Mumbai Mail,Mail Superfast,BRC,Vadodara Jn,716,10,Fri,88,Winter,Rainy,0.09,0,54.5,3.0,52.2
12301,Howrah Rajdhani Express,Rajdhani,RTM,Ratlam Jn,1230,15,Wed,130,Summer,Foggy,0.04,0,44.8,3.1,48.5
22436,Varanasi Vande Bharat Express,Vande Bharat,RTM,Ratlam Jn,1077,3,Mon,140,Winter,Clear,0.12,0,27.8,3.1,28.6
12301,Howrah Rajdhani Express,Rajdhani,BRC,Vadodara Jn,933,7,Tue,130,Monsoon,Foggy,0.04,0,54.6,3.5,64.2
12002,Bhopal Shatabdi Express,Shatabdi,CNB,Kanpur Central,1077,5,Sat,120,Autumn,Rainy,0.17,1,30.9,2.3,36.2
12431,Trivandrum Rajdhani Express,Rajdhani,GWL,Gwalior Jn,415,5,Wed,125,Winter,Sunny,0.19,0,27.9,3.7,27.1
12431,Trivandrum Rajdhani Express,Rajdhani,PRYJ,Prayagraj Jn,285,2,Mon,125,Autumn,Sunny,0.09,0,29.2,3.3,32.4
12002,Bhopal Shatabdi Express,Shatabdi,DHN,Dhanbad Jn,1474,15,Mon,120,Winter,Rainy,0.16,0,46.7,3.0,44.5
12810,Howrah Mumbai Mail,Mail Superfast,AGC,Agra Cantt,1466,15,Thu,88,Winter,Rainy,0.06,0,100.2,1.5,90.5
12002,Bhopal Shatabdi Express,Shatabdi,AGC,Agra Cantt,1864,7,Thu,120,Winter,Sunny,0.12,0,30.2,1.8,26.8
12301,Howrah Rajdhani Express,Rajdhani,NGP,Nagpur Jn,1940,5,Mon,130,Monsoon,Misty,0.18,0,36.7,2.1,37.6
12810,Howrah Mumbai Mail,Mail Superfast,MTJ,Mathura Jn,1506,3,Tue,88,Winter,Misty,0.81,0,46.5,2.7,40.8
12259,Sealdah Bikaner Duronto,Duronto,MTJ,Mathura Jn,702,15,Mon,110,Winter,Foggy,0.97,0,81.1,3.7,81.4
22436,Varanasi Vande Bharat Express,Vande Bharat,DHN,Dhanbad Jn,1259,3,Wed,140,Winter,Foggy,0.62,0,68.8,1.2,65.6
12951,Mumbai Rajdhani Express,Rajdhani,ST,Surat,2156,5,Wed,130,Summer,Rainy,0.18,0,64.0,4.8,56.9
12810,Howrah Mumbai Mail,Mail Superfast,RTM,Ratlam Jn,1682,10,Mon,88,Autumn,Rainy,0.05,0,95.9,2.6,85.2
20801,Magadh Express,Superfast,MTJ,Mathura Jn,670,5,Tue,85,Autumn,Rainy,0.16,0,52.2,2.0,46.3
12431,Trivandrum Rajdhani Express,Rajdhani,CNB,Kanpur Central,1910,7,Tue,125,Autumn,Foggy,0.02,0,82.0,3.0,85.8
12431,Trivandrum Rajdhani Express,Rajdhani,GWL,Gwalior Jn,208,10,Thu,125,Autumn,Clear,0.18,0,17.9,1.4,17.5
12259,Sealdah Bikaner Duronto,Duronto,KOTA,Kota Jn,1708,5,Fri,110,Monsoon,Clear,0.15,0,24.2,2.6,22.2
12953,August Kranti Rajdhani,Rajdhani,BPL,Bhopal Jn,538,7,Sun,130,Winter,Clear,0.01,1,22.3,3.4,20.1
22436,Varanasi Vande Bharat Express,Vande Bharat,DDU,Pt Deen Dayal Upadhyaya,2128,5,Fri,140,Winter,Sunny,0.1,0,28.1,1.9,25.4
12810,Howrah Mumbai Mail,Mail Superfast,NGP,Nagpur Jn,922,3,Wed,88,Winter,Foggy,0.85,0,88.3,1.3,100.2
12951,Mumbai Rajdhani Express,Rajdhani,TATA,Tatanagar Jn,598,5,Fri,130,Autumn,Foggy,0.01,0,116.3,2.6,105.5
12953,August Kranti Rajdhani,Rajdhani,MTJ,Mathura Jn,699,2,Sun,130,Autumn,Misty,0.02,1,23.4,1.7,21.8
12953,August Kranti Rajdhani,Rajdhani,RTM,Ratlam Jn,509,15,Thu,130,Autumn,Rainy,0.06,0,34.4,2.5,31.6
12431,Trivandrum Rajdhani Express,Rajdhani,GWL,Gwalior Jn,1972,3,Sun,125,Autumn,Sunny,0.01,1,27.6,3.3,24.7
20801,Magadh Express,Superfast,BPL,Bhopal Jn,1977,5,Mon,85,Monsoon,Sunny,0.09,0,38.8,1.0,38.8
12953,August Kranti Rajdhani,Rajdhani,RTM,Ratlam Jn,720,7,Wed,130,Autumn,Misty,0.01,0,13.6,3.6,15.3
12810,Howrah Mumbai Mail,Mail Superfast,BSP,Bilaspur Jn,2032,5,Thu,88,Winter,Foggy,0.75,0,148.3,3.3,147.2
12002,Bhopal Shatabdi Express,Shatabdi,DDU,Pt Deen Dayal Upadhyaya,1753,3,Wed,120,Monsoon,Misty,0.12,0,31.1,1.2,35.3
12431,Trivandrum Rajdhani Express,Rajdhani,AGC,Agra Cantt,812,10,Sun,125,Summer,Sunny,0.02,1,25.3,4.0,29.1
20801,Magadh Express,Superfast,MTJ,Mathura Jn,1633,2,Mon,85,Winter,Clear,0.09,0,52.2,4.7,45.5
20801,Magadh Express,Superfast,CNB,Kanpur Central,1271,5,Tue,85,Summer,Rainy,0.1,0,53.2,1.8,48.7
12628,Karnataka Superfast Express,Superfast,BRC,Vadodara Jn,675,2,Fri,85,Winter,Clear,0.04,0,29.8,2.4,32.9
12953,August Kranti Rajdhani,Rajdhani,BPL,Bhopal Jn,2151,7,Tue,130,Summer,Misty,0.17,0,42.5,2.4,38.4
22436,Varanasi Vande Bharat Express,Vande Bharat,BPL,Bhopal Jn,620,5,Thu,140,Autumn,Clear,0.11,0,17.9,1.4,20.9
12810,Howrah Mumbai Mail,Mail Superfast,BSP,Bilaspur Jn,378,5,Sun,88,Monsoon,Foggy,0.14,1,100.4,4.9,90.8
20801,Magadh Express,Superfast,CNB,Kanpur Central,554,15,Wed,85,Autumn,Misty,0.01,0,62.9,4.7,64.4
12628,Karnataka Superfast Express,Superfast,AGC,Agra Cantt,1450,2,Sun,85,Winter,Sunny,0.04,1,28.2,1.9,24.9
20801,Magadh Express,Superfast,DDU,Pt Deen Dayal Upadhyaya,1804,3,Sun,85,Winter,Rainy,0.2,1,66.7,4.6,66.8
12628,Karnataka Superfast Express,Superfast,NGP,Nagpur Jn,1032,2,Wed,85,Autumn,Foggy,0.06,0,93.3,4.7,102.7
20801,Magadh Express,Superfast,TATA,Tatanagar Jn,1685,10,Thu,85,Winter,Misty,0.79,0,45.1,3.8,46.0
20801,Magadh Express,Superfast,BSP,Bilaspur Jn,337,5,Wed,85,Monsoon,Sunny,0.07,0,36.1,1.9,39.3
12953,August Kranti Rajdhani,Rajdhani,PRYJ,Prayagraj Jn,413,2,Mon,130,Winter,Sunny,0.16,0,17.4,1.5,16.6
12628,Karnataka Superfast Express,Superfast,MTJ,Mathura Jn,414,3,Tue,85,Autumn,Foggy,0.13,0,99.8,2.0,93.2
12259,Sealdah Bikaner Duronto,Duronto,BSP,Bilaspur Jn,1602,5,Sun,110,Summer,Foggy,0.14,1,108.1,4.5,122.7
12259,Sealdah Bikaner Duronto,Duronto,BSP,Bilaspur Jn,661,5,Thu,110,Autumn,Rainy,0.02,0,63.4,2.2,59.4
12002,Bhopal Shatabdi Express,Shatabdi,ST,Surat,187,15,Tue,120,Autumn,Foggy,0.19,0,68.7,4.3,79.2
20801,Magadh Express,Superfast,GWL,Gwalior Jn,281,5,Thu,85,Winter,Foggy,0.75,0,74.4,1.8,85.9
12810,Howrah Mumbai Mail,Mail Superfast,ST,Surat,1477,5,Fri,88,Monsoon,Clear,0.18,0,60.9,4.2,55.4
12301,Howrah Rajdhani Express,Rajdhani,TATA,Tatanagar Jn,1277,15,Thu,130,Winter,Clear,0.11,0,27.0,2.7,25.0
12810,Howrah Mumbai Mail,Mail Superfast,KOTA,Kota Jn,162,5,Thu,88,Autumn,Sunny,0.03,0,63.7,4.2,62.9
12259,Sealdah Bikaner Duronto,Duronto,PRYJ,Prayagraj Jn,1200,5,Thu,110,Winter,Misty,0.71,0,65.8,4.1,63.7
22436,Varanasi Vande Bharat Express,Vande Bharat,MTJ,Mathura Jn,1917,15,Fri,140,Monsoon,Rainy,0.17,0,25.0,1.1,24.6
12301,Howrah Rajdhani Express,Rajdhani,ST,Surat,1386,3,Fri,130,Winter,Rainy,0.18,0,53.0,2.8,57.1
12431,Trivandrum Rajdhani Express,Rajdhani,KOTA,Kota Jn,303,5,Tue,125,Summer,Sunny,0.17,0,3.6,1.5,3.5
12951,Mumbai Rajdhani Express,Rajdhani,CNB,Kanpur Central,1161,5,Sat,130,Summer,Clear,0.19,1,16.5,1.1,14.9
12953,August Kranti Rajdhani,Rajdhani,DDU,Pt Deen Dayal Upadhyaya,2176,15,Mon,130,Summer,Rainy,0.02,0,29.2,1.5,27.7
22436,Varanasi Vande Bharat Express,Vande Bharat,NGP,Nagpur Jn,1575,7,Thu,140,Monsoon,Sunny,0.0,0,30.9,4.9,32.1
12810,Howrah Mumbai Mail,Mail Superfast,PRYJ,Prayagraj Jn,714,2,Mon,88,Summer,Rainy,0.01,0,41.4,1.4,38.2
12259,Sealdah Bikaner Duronto,Duronto,RTM,Ratlam Jn,421,3,Thu,110,Winter,Sunny,0.08,0,56.3,4.8,55.2
20801,Magadh Express,Superfast,NGP,Nagpur Jn,310,15,Fri,85,Autumn,Misty,0.15,0,40.2,3.6,39.3
12628,Karnataka Superfast Express,Superfast,AGC,Agra Cantt,572,5,Tue,85,Monsoon,Sunny,0.09,0,59.6,2.8,61.3
22436,Varanasi Vande Bharat Express,Vande Bharat,AGC,Agra Cantt,1043,15,Fri,140,Winter,Rainy,0.13,0,59.7,4.1,64.7
12301,Howrah Rajdhani Express,Rajdhani,NGP,Nagpur Jn,1275,7,Fri,130,Summer,Misty,0.05,0,17.9,2.3,18.3
12002,Bhopal Shatabdi Express,Shatabdi,PRYJ,Prayagraj Jn,163,5,Thu,120,Summer,Sunny,0.18,0,0,1.5,0
12002,Bhopal Shatabdi Express,Shatabdi,TATA,Tatanagar Jn,399,5,Mon,120,Autumn,Clear,0.14,0,19.2,3.1,19.9
12301,Howrah Rajdhani Express,Rajdhani,AGC,Agra Cantt,1301,3,Tue,130,Autumn,Misty,0.05,0,23.5,2.3,26.6
12951,Mumbai Rajdhani Express,Rajdhani,BRC,Vadodara Jn,1942,10,Sat,130,Monsoon,Foggy,0.18,1,60.5,2.2,66.8
20801,Magadh Express,Superfast,BSP,Bilaspur Jn,1615,15,Sun,85,Winter,Sunny,0.18,1,41.0,2.5,36.2
22436,Varanasi Vande Bharat Express,Vande Bharat,RTM,Ratlam Jn,2181,10,Wed,140,Autumn,Rainy,0.01,0,59.8,2.1,52.6
12951,Mumbai Rajdhani Express,Rajdhani,TATA,Tatanagar Jn,1387,3,Sat,130,Summer,Foggy,0.1,1,52.2,2.4,57.9
12810,Howrah Mumbai Mail,Mail Superfast,PRYJ,Prayagraj Jn,677,3,Sun,88,Winter,Sunny,0.13,1,54.5,1.8,50.6
12951,Mumbai Rajdhani Express,Rajdhani,PRYJ,Prayagraj Jn,205,7,Mon,130,Summer,Clear,0.1,0,13.4,1.8,13.3
12431,Trivandrum Rajdhani Express,Rajdhani,MTJ,Mathura Jn,2120,5,Mon,125,Winter,Foggy,0.96,0,61.8,1.3,58.8
12259,Sealdah Bikaner Duronto,Duronto,DHN,Dhanbad Jn,2176,7,Mon,110,Summer,Clear,0.07,0,47.4,2.1,44.6
12259,Sealdah Bikaner Duronto,Duronto,BSP,Bilaspur Jn,1400,5,Mon,110,Autumn,Clear,0.19,0,63.7,4.4,57.2
12951,Mumbai Rajdhani Express,Rajdhani,NGP,Nagpur Jn,1640,5,Sat,130,Winter,Sunny,0.03,1,39.0,3.7,36.4
12810,Howrah Mumbai Mail,Mail Superfast,KOTA,Kota Jn,977,2,Tue,88,Winter,Misty,0.94,0,52.6,2.7,50.9
12002,Bhopal Shatabdi Express,Shatabdi,ST,Surat,1061,7,Thu,120,Monsoon,Misty,0.08,0,30.6,2.9,33.3
12810,Howrah Mumbai Mail,Mail Superfast,NGP,Nagpur Jn,2070,5,Thu,88,Autumn,Foggy,0.12,0,126.2,1.4,117.2
12810,Howrah Mumbai Mail,Mail Superfast,GWL,Gwalior Jn,574,5,Thu,88,Monsoon,Sunny,0.13,0,41.9,2.9,39.5
12431,Trivandrum Rajdhani Express,Rajdhani,TATA,Tatanagar Jn,1061,2,Sun,125,Autumn,Misty,0.08,1,33.4,2.2,29.9
12301,Howrah Rajdhani Express,Rajdhani,ST,Surat,1784,10,Fri,130,Monsoon,Rainy,0.13,0,52.3,4.2,57.1
12951,Mumbai Rajdhani Express,Rajdhani,MTJ,Mathura Jn,782,5,Thu,130,Autumn,Sunny,0.11,0,28.1,4.1,24.6
20801,Magadh Express,Superfast,AGC,Agra Cantt,469,7,Tue,85,Winter,Clear,0.16,0,47.6,4.6,47.3
12259,Sealdah Bikaner Duronto,Duronto,CNB,Kanpur Central,1039,5,Tue,110,Summer,Misty,0.08,0,58.5,4.2,61.6
12628,Karnataka Superfast Express,Superfast,CNB,Kanpur Central,182,3,Sat,85,Summer,Clear,0.01,1,45.7,3.0,53.3
12628,Karnataka Superfast Express,Superfast,ST,Surat,637,5,Wed,85,Winter,Foggy,0.86,0,90.4,4.4,85.2
12301,Howrah Rajdhani Express,Rajdhani,ST,Surat,1702,5,Mon,130,Summer,Clear,0.15,0,46.0,4.3,42.9
12810,Howrah Mumbai Mail,Mail Superfast,MTJ,Mathura Jn,2030,10,Thu,88,Summer,Clear,0.05,0,30.2,2.2,26.5
12953,August Kranti Rajdhani,Rajdhani,MTJ,Mathura Jn,1666,2,Thu,130,Monsoon,Misty,0.1,0,54.7,5.0,51.4
12431,Trivandrum Rajdhani Express,Rajdhani,RTM,Ratlam Jn,1931,7,Fri,125,Winter,Foggy,0.91,0,58.9,2.9,65.9
22436,Varanasi Vande Bharat Express,Vande Bharat,BRC,Vadodara Jn,2106,5,Fri,140,Summer,Sunny,0.17,0,31.4,1.3,28.5
12628,Karnataka Superfast Express,Superfast,ST,Surat,1483,5,Sun,85,Autumn,Rainy,0.08,1,71.1,1.1,64.0
12810,Howrah Mumbai Mail,Mail Superfast,DDU,Pt Deen Dayal Upadhyaya,1065,7,Tue,88,Autumn,Misty,0.1,0,35.7,2.8,33.4
22436,Varanasi Vande Bharat Express,Vande Bharat,GWL,Gwalior Jn,155,5,Sat,140,Winter,Foggy,0.65,1,48.4,3.1,43.6
22436,Varanasi Vande Bharat Express,Vande Bharat,ST,Surat,2095,5,Thu,140,Autumn,Sunny,0.13,0,30.5,4.0,31.1
12810,Howrah Mumbai Mail,Mail Superfast,DDU,Pt Deen Dayal Upadhyaya,1622,5,Sat,88,Monsoon,Misty,0.06,1,43.3,1.6,47.5
20801,Magadh Express,Superfast,DDU,Pt Deen Dayal Upadhyaya,1452,5,Wed,85,Monsoon,Foggy,0.09,0,101.9,1.7,102.8
12951,Mumbai Rajdhani Express,Rajdhani,MTJ,Mathura Jn,1978,7,Sat,130,Summer,Sunny,0.14,1,34.4,1.4,33.5
22436,Varanasi Vande Bharat Express,Vande Bharat,AGC,Agra Cantt,889,5,Sat,140,Summer,Rainy,0.13,1,42.7,2.1,39.5
12810,Howrah Mumbai Mail,Mail Superfast,CNB,Kanpur Central,521,5,Fri,88,Summer,Clear,0.12,0,18.8,2.1,21.3
12953,August Kranti Rajdhani,Rajdhani,PRYJ,Prayagraj Jn,1235,15,Sat,130,Autumn,Rainy,0.12,1,34.9,1.8,33.7
12002,Bhopal Shatabdi Express,Shatabdi,KOTA,Kota Jn,313,5,Thu,120,Winter,Rainy,0.02,0,55.8,3.0,58.9
12953,August Kranti Rajdhani,Rajdhani,DHN,Dhanbad Jn,1679,15,Mon,130,Summer,Misty,0.08,0,34.5,2.4,33.4
12628,Karnataka Superfast Express,Superfast,KOTA,Kota Jn,1908,15,Sat,85,Monsoon,Sunny,0.17,1,40.6,3.8,45.8
12301,Howrah Rajdhani Express,Rajdhani,NGP,Nagpur Jn,2009,7,Wed,130,Summer,Clear,0.17,0,15.1,3.9,13.3
12301,Howrah Rajdhani Express,Rajdhani,AGC,Agra Cantt,898,2,Tue,130,Winter,Sunny,0.09,0,17.9,3.3,15.9
12810,Howrah Mumbai Mail,Mail Superfast,CNB,Kanpur Central,2060,10,Mon,88,Monsoon,Clear,0.13,0,60.8,1.2,53.3
12951,Mumbai Rajdhani Express,Rajdhani,TATA,Tatanagar Jn,2108,5,Sat,130,Autumn,Misty,0.13,1,52.1,2.9,48.5
22436,Varanasi Vande Bharat Express,Vande Bharat,ST,Surat,727,5,Wed,140,Winter,Misty,0.96,0,10.8,4.5,12.5
12951,Mumbai Rajdhani Express,Rajdhani,AGC,Agra Cantt,168,7,Mon,130,Monsoon,Sunny,0.13,0,32.8,4.3,34.7
12002,Bhopal Shatabdi Express,Shatabdi,BSP,Bilaspur Jn,1751,10,Fri,120,Monsoon,Misty,0.0,0,52.4,4.4,52.4
12810,Howrah Mumbai Mail,Mail Superfast,BRC,Vadodara Jn,913,10,Tue,88,Autumn,Clear,0.06,0,57.9,1.7,52.6
12951,Mumbai Rajdhani Express,Rajdhani,MTJ,Mathura Jn,452,15,Wed,130,Monsoon,Clear,0.07,0,22.0,1.4,23.3
12951,Mumbai Rajdhani Express,Rajdhani,DHN,Dhanbad Jn,1985,3,Tue,130,Winter,Sunny,0.13,0,45.3,4.5,48.1
12628,Karnataka Superfast Express,Superfast,DDU,Pt Deen Dayal Upadhyaya,1275,5,Sun,85,Summer,Rainy,0.01,1,60.0,2.1,65.9
12810,Howrah Mumbai Mail,Mail Superfast,MTJ,Mathura Jn,1554,7,Sat,88,Autumn,Rainy,0.02,1,69.0,2.4,66.4
12002,Bhopal Shatabdi Express,Shatabdi,ST,Surat,962,10,Sun,120,Autumn,Sunny,0.11,1,34.1,2.4,32.2
12953,August Kranti Rajdhani,Rajdhani,CNB,Kanpur Central,963,5,Sun,130,Monsoon,Clear,0.1,1,16.1,1.9,14.3
12953,August Kranti Rajdhani,Rajdhani,NGP,Nagpur Jn,1422,7,Sat,130,Summer,Foggy,0.03,1,109.8,3.3,114.7
12951,Mumbai Rajdhani Express,Rajdhani,KOTA,Kota Jn,510,5,Thu,130,Autumn,Rainy,0.07,0,42.6,4.7,47.0
12951,Mumbai Rajdhani Express,Rajdhani,BPL,Bhopal Jn,1881,10,Sun,130,Autumn,Misty,0.12,1,27.4,2.9,27.5
12301,Howrah Rajdhani Express,Rajdhani,MTJ,Mathura Jn,1844,5,Mon,130,Summer,Misty,0.02,0,25.3,4.8,29.5
12953,August Kranti Rajdhani,Rajdhani,KOTA,Kota Jn,632,7,Wed,130,Summer,Misty,0.15,0,26.3,4.2,29.5
12259,Sealdah Bikaner Duronto,Duronto,BPL,Bhopal Jn,704,5,Thu,110,Summer,Foggy,0.0,0,64.3,4.5,69.8
12628,Karnataka Superfast Express,Superfast,GWL,Gwalior Jn,1632,2,Mon,85,Summer,Sunny,0.14,0,35.0,2.9,33.0
12431,Trivandrum Rajdhani Express,Rajdhani,NGP,Nagpur Jn,492,10,Thu,125,Autumn,Sunny,0.15,0,19.8,1.5,22.3
12259,Sealdah Bikaner Duronto,Duronto,BSP,Bilaspur Jn,393,7,Wed,110,Autumn,Misty,0.08,0,46.1,3.0,44.6
12628,Karnataka Superfast Express,Superfast,AGC,Agra Cantt,1730,3,Wed,85,Monsoon,Misty,0.16,0,31.5,3.6,34.8
12628,Karnataka Superfast Express,Superfast,MTJ,Mathura Jn,836,10,Thu,85,Winter,Rainy,0.08,0,55.2,1.6,48.6
12002,Bhopal Shatabdi Express,Shatabdi,KOTA,Kota Jn,1518,3,Thu,120,Winter,Foggy,0.92,0,99.1,3.6,110.3
12002,Bhopal Shatabdi Express,Shatabdi,PRYJ,Prayagraj Jn,1745,10,Fri,120,Autumn,Foggy,0.0,0,74.0,4.1,67.8
12431,Trivandrum Rajdhani Express,Rajdhani,CNB,Kanpur Central,1594,3,Wed,125,Autumn,Rainy,0.17,0,54.4,4.1,56.4
22436,Varanasi Vande Bharat Express,Vande Bharat,KOTA,Kota Jn,1963,10,Mon,140,Monsoon,Misty,0.05,0,26.1,1.2,27.2
20801,Magadh Express,Superfast,NGP,Nagpur Jn,1313,2,Wed,85,Monsoon,Foggy,0.07,0,71.5,3.2,83.6
12259,Sealdah Bikaner Duronto,Duronto,MTJ,Mathura Jn,249,10,Sat,110,Winter,Misty,0.64,1,26.4,2.0,25.4
12301,Howrah Rajdhani Express,Rajdhani,BSP,Bilaspur Jn,1099,15,Wed,130,Monsoon,Foggy,0.14,0,47.5,1.2,46.0
22436,Varanasi Vande Bharat Express,Vande Bharat,GWL,Gwalior Jn,1336,10,Fri,140,Winter,Rainy,0.19,0,38.8,2.6,44.4
12301,Howrah Rajdhani Express,Rajdhani,BRC,Vadodara Jn,1341,5,Sun,130,Summer,Misty,0.05,1,15.3,3.8,15.0
12628,Karnataka Superfast Express,Superfast,DHN,Dhanbad Jn,287,10,Thu,85,Monsoon,Sunny,0.06,0,42.5,4.6,49.7
12301,Howrah Rajdhani Express,Rajdhani,NGP,Nagpur Jn,1403,3,Tue,130,Monsoon,Rainy,0.09,0,35.4,1.9,40.7
12810,Howrah Mumbai Mail,Mail Superfast,DDU,Pt Deen Dayal Upadhyaya,1446,10,Sat,88,Autumn,Misty,0.08,1,50.6,2.9,46.1
12002,Bhopal Shatabdi Express,Shatabdi,BPL,Bhopal Jn,796,10,Sun,120,Autumn,Sunny,0.11,1,22.4,2.0,20.3
22436,Varanasi Vande Bharat Express,Vande Bharat,NGP,Nagpur Jn,1612,5,Thu,140,Monsoon,Clear,0.04,0,23.2,2.2,22.4
12002,Bhopal Shatabdi Express,Shatabdi,PRYJ,Prayagraj Jn,195,5,Wed,120,Autumn,Foggy,0.2,0,65.0,3.2,57.7
12002,Bhopal Shatabdi Express,Shatabdi,GWL,Gwalior Jn,965,3,Fri,120,Winter,Clear,0.08,0,31.9,3.3,29.8
12301,Howrah Rajdhani Express,Rajdhani,CNB,Kanpur Central,1242,7,Thu,130,Monsoon,Sunny,0.08,0,44.6,4.1,42.5
12259,Sealdah Bikaner Duronto,Duronto,CNB,Kanpur Central,2126,15,Fri,110,Autumn,Sunny,0.17,0,70.9,2.1,73.1
12951,Mumbai Rajdhani Express,Rajdhani,CNB,Kanpur Central,502,10,Sun,130,Monsoon,Foggy,0.13,1,73.7,3.3,81.3
12951,Mumbai Rajdhani Express,Rajdhani,PRYJ,Prayagraj Jn,429,10,Tue,130,Summer,Misty,0.12,0,24.9,4.8,25.1
22436,Varanasi Vande Bharat Express,Vande Bharat,AGC,Agra Cantt,890,5,Mon,140,Autumn,Misty,0.1,0,28.1,2.8,30.5
12431,Trivandrum Rajdhani Express,Rajdhani,BSP,Bilaspur Jn,365,2,Sat,125,Summer,Rainy,0.03,1,18.1,1.8,16.6
12431,Trivandrum Rajdhani Express,Rajdhani,CNB,Kanpur Central,752,5,Sat,125,Winter,Misty,0.94,1,16.4,2.8,19.3
12951,Mumbai Rajdhani Express,Rajdhani,NGP,Nagpur Jn,1678,3,Sat,130,Autumn,Misty,0.2,1,50.8,4.1,47.7
20801,Magadh Express,Superfast,NGP,Nagpur Jn,344,5,Fri,85,Winter,Foggy,0.79,0,104.6,4.2,121.4
12301,Howrah Rajdhani Express,Rajdhani,DDU,Pt Deen Dayal Upadhyaya,524,5,Fri,130,Autumn,Foggy,0.16,0,90.2,4.4,94.0
12259,Sealdah Bikaner Duronto,Duronto,KOTA,Kota Jn,1451,3,Tue,110,Autumn,Sunny,0.05,0,48.9,2.8,45.5
12810,Howrah Mumbai Mail,Mail Superfast,AGC,Agra Cantt,1156,5,Wed,88,Autumn,Rainy,0.16,0,65.8,3.4,68.5
12259,Sealdah Bikaner Duronto,Duronto,DDU,Pt Deen Dayal Upadhyaya,1348,15,Wed,110,Monsoon,Sunny,0.11,0,54.2,3.9,60.5
12002,Bhopal Shatabdi Express,Shatabdi,KOTA,Kota Jn,1033,2,Fri,120,Monsoon,Foggy,0.05,0,71.3,4.4,71.1
12953,August Kranti Rajdhani,Rajdhani,GWL,Gwalior Jn,2152,7,Thu,130,Summer,Rainy,0.13,0,65.5,3.1,62.7
12953,August Kranti Rajdhani,Rajdhani,BPL,Bhopal Jn,365,7,Tue,130,Autumn,Foggy,0.0,0,31.6,1.9,35.7
12628,Karnataka Superfast Express,Superfast,AGC,Agra Cantt,149,5,Thu,85,Autumn,Misty,0.18,0,24.6,4.0,28.6
22436,Varanasi Vande Bharat Express,Vande Bharat,AGC,Agra Cantt,425,2,Fri,140,Winter,Rainy,0.11,0,37.8,2.8,33.4
12628,Karnataka Superfast Express,Superfast,RTM,Ratlam Jn,1188,5,Sat,85,Autumn,Sunny,0.01,1,25.7,1.4,23.4
22436,Varanasi Vande Bharat Express,Vande Bharat,BSP,Bilaspur Jn,1099,15,Tue,140,Monsoon,Clear,0.04,0,25.3,2.9,24.3
12628,Karnataka Superfast Express,Superfast,BPL,Bhopal Jn,509,5,Mon,85,Autumn,Clear,0.1,0,23.7,3.4,27.8
12301,Howrah Rajdhani Express,Rajdhani,TATA,Tatanagar Jn,1968,2,Mon,130,Autumn,Sunny,0.12,0,26.4,2.0,27.8
12431,Trivandrum Rajdhani Express,Rajdhani,CNB,Kanpur Central,1119,7,Wed,125,Monsoon,Rainy,0.17,0,48.4,2.1,49.3
12002,Bhopal Shatabdi Express,Shatabdi,BPL,Bhopal Jn,768,5,Mon,120,Monsoon,Misty,0.09,0,14.7,1.3,15.0
12953,August Kranti Rajdhani,Rajdhani,TATA,Tatanagar Jn,973,5,Tue,130,Summer,Clear,0.15,0,36.3,3.0,36.0
22436,Varanasi Vande Bharat Express,Vande Bharat,NGP,Nagpur Jn,1426,5,Wed,140,Summer,Misty,0.13,0,23.6,1.8,22.5
12259,Sealdah Bikaner Duronto,Duronto,CNB,Kanpur Central,1176,15,Thu,110,Autumn,Rainy,0.05,0,79.9,4.7,84.8
12259,Sealdah Bikaner Duronto,Duronto,TATA,Tatanagar Jn,1711,10,Sat,110,Monsoon,Foggy,0.06,1,68.1,1.0,76.4
12431,Trivandrum Rajdhani Express,Rajdhani,DHN,Dhanbad Jn,1148,5,Wed,125,Winter,Sunny,0.04,0,28.7,4.3,29.3
12301,Howrah Rajdhani Express,Rajdhani,AGC,Agra Cantt,1902,5,Fri,130,Summer,Sunny,0.12,0,22.0,1.4,20.6
12431,Trivandrum Rajdhani Express,Rajdhani,ST,Surat,1636,2,Sun,125,Autumn,Foggy,0.05,1,70.1,1.4,73.0
12810,Howrah Mumbai Mail,Mail Superfast,BRC,Vadodara Jn,1794,5,Thu,88,Summer,Clear,0.06,0,50.8,4.5,51.8
12259,Sealdah Bikaner Duronto,Duronto,PRYJ,Prayagraj Jn,1293,2,Fri,110,Monsoon,Misty,0.11,0,53.7,1.6,48.3
12259,Sealdah Bikaner Duronto,Duronto,TATA,Tatanagar Jn,2018,5,Wed,110,Autumn,Sunny,0.04,0,37.2,2.8,40.2
12951,Mumbai Rajdhani Express,Rajdhani,KOTA,Kota Jn,2092,2,Mon,130,Autumn,Foggy,0.08,0,109.3,4.3,113.6
20801,Magadh Express,Superfast,GWL,Gwalior Jn,1467,3,Mon,85,Monsoon,Misty,0.1,0,63.9,3.9,63.3
12953,August Kranti Rajdhani,Rajdhani,TATA,Tatanagar Jn,881,3,Sun,130,Winter,Misty,0.97,1,24.4,4.1,26.2
12431,Trivandrum Rajdhani Express,Rajdhani,BSP,Bilaspur Jn,1491,15,Sat,125,Summer,Rainy,0.01,1,59.7,3.1,58.4
12951,Mumbai Rajdhani Express,Rajdhani,PRYJ,Prayagraj Jn,1420,10,Sun,130,Autumn,Clear,0.0,1,31.1,1.6,30.3
12259,Sealdah Bikaner Duronto,Duronto,CNB,Kanpur Central,725,5,Thu,110,Summer,Misty,0.19,0,35.0,4.1,34.0
12951,Mumbai Rajdhani Express,Rajdhani,DHN,Dhanbad Jn,1391,5,Tue,130,Monsoon,Clear,0.07,0,25.2,3.6,28.0
12810,Howrah Mumbai Mail,Mail Superfast,RTM,Ratlam Jn,1900,3,Tue,88,Monsoon,Clear,0.03,0,44.0,4.3,41.0
12301,Howrah Rajdhani Express,Rajdhani,ST,Surat,1658,3,Thu,130,Autumn,Foggy,0.04,0,115.4,1.4,108.1
22436,Varanasi Vande Bharat Express,Vande Bharat,KOTA,Kota Jn,1567,7,Sun,140,Summer,Clear,0.19,1,29.5,2.7,29.7
12953,August Kranti Rajdhani,Rajdhani,BRC,Vadodara Jn,1820,10,Thu,130,Winter,Clear,0.08,0,35.2,4.8,36.7
12810,Howrah Mumbai Mail,Mail Superfast,TATA,Tatanagar Jn,445,10,Mon,88,Autumn,Rainy,0.05,0,45.4,4.5,52.6
12628,Karnataka Superfast Express,Superfast,KOTA,Kota Jn,674,15,Fri,85,Winter,Sunny,0.1,0,15.4,4.0,14.1
12810,Howrah Mumbai Mail,Mail Superfast,AGC,Agra Cantt,815,5,Fri,88,Autumn,Sunny,0.08,0,55.7,4.0,63.1
12002,Bhopal Shatabdi Express,Shatabdi,ST,Surat,1628,5,Thu,120,Summer,Rainy,0.08,0,42.5,3.5,49.5
12431,Trivandrum Rajdhani Express,Rajdhani,ST,Surat,1644,5,Sat,125,Summer,Foggy,0.01,1,103.1,1.6,116.7
12431,Trivandrum Rajdhani Express,Rajdhani,BPL,Bhopal Jn,102,5,Thu,125,Autumn,Sunny,0.17,0,31.7,2.9,34.2
12259,Sealdah Bikaner Duronto,Duronto,NGP,Nagpur Jn,494,15,Fri,110,Monsoon,Misty,0.13,0,50.1,3.0,49.9
12002,Bhopal Shatabdi Express,Shatabdi,RTM,Ratlam Jn,1256,3,Sat,120,Winter,Clear,0.14,1,23.2,2.0,21.7
12810,Howrah Mumbai Mail,Mail Superfast,AGC,Agra Cantt,1192,5,Sat,88,Autumn,Misty,0.1,1,48.2,2.3,43.6
12301,Howrah Rajdhani Express,Rajdhani,NGP,Nagpur Jn,239,5,Mon,130,Summer,Sunny,0.0,0,20.5,1.6,20.1
12431,Trivandrum Rajdhani Express,Rajdhani,TATA,Tatanagar Jn,979,15,Wed,125,Summer,Misty,0.08,0,34.5,3.5,31.9
12259,Sealdah Bikaner Duronto,Duronto,AGC,Agra Cantt,2096,15,Tue,110,Monsoon,Rainy,0.16,0,82.1,3.7,81.6
22436,Varanasi Vande Bharat Express,Vande Bharat,DHN,Dhanbad Jn,617,3,Wed,140,Autumn,Clear,0.19,0,19.8,1.9,21.1
12259,Sealdah Bikaner Duronto,Duronto,MTJ,Mathura Jn,439,5,Thu,110,Autumn,Misty,0.2,0,69.1,2.6,60.1
12628,Karnataka Superfast Express,Superfast,KOTA,Kota Jn,1549,5,Sun,85,Summer,Clear,0.04,1,57.9,3.3,57.2
12953,August Kranti Rajdhani,Rajdhani,KOTA,Kota Jn,1026,5,Wed,130,Summer,Clear,0.14,0,35.1,3.2,35.9
12628,Karnataka Superfast Express,Superfast,MTJ,Mathura Jn,1825,15,Mon,85,Autumn,Rainy,0.08,0,69.6,2.9,68.5
12810,Howrah Mumbai Mail,Mail Superfast,RTM,Ratlam Jn,674,5,Sat,88,Winter,Clear,0.15,1,30.8,2.9,27.0
12628,Karnataka Superfast Express,Superfast,GWL,Gwalior Jn,892,5,Sun,85,Summer,Foggy,0.08,1,102.4,4.3,115.4
20801,Magadh Express,Superfast,NGP,Nagpur Jn,1228,7,Tue,85,Summer,Foggy,0.03,0,68.1,1.0,77.3
20801,Magadh Express,Superfast,BPL,Bhopal Jn,1961,5,Tue,85,Autumn,Rainy,0.16,0,103.2,1.3,90.0
12301,Howrah Rajdhani Express,Rajdhani,TATA,Tatanagar Jn,789,15,Wed,130,Winter,Foggy,0.77,0,63.1,4.0,54.9
20801,Magadh Express,Superfast,PRYJ,Prayagraj Jn,2125,10,Sun,85,Monsoon,Sunny,0.17,1,64.2,2.7,60.2
12810,Howrah Mumbai Mail,Mail Superfast,BSP,Bilaspur Jn,1129,7,Wed,88,Monsoon,Foggy,0.13,0,88.0,1.3,95.4
12431,Trivandrum Rajdhani Express,Rajdhani,RTM,Ratlam Jn,2098,10,Fri,125,Autumn,Rainy,0.02,0,74.8,3.4,67.9
22436,Varanasi Vande Bharat Express,Vande Bharat,PRYJ,Prayagraj Jn,1827,10,Mon,140,Winter,Sunny,0.07,0,30.6,3.9,29.3
12431,Trivandrum Rajdhani Express,Rajdhani,TATA,Tatanagar Jn,1868,2,Thu,125,Winter,Foggy,0.93,0,83.8,1.9,86.1
12951,Mumbai Rajdhani Express,Rajdhani,DDU,Pt Deen Dayal Upadhyaya,1509,7,Thu,130,Monsoon,Rainy,0.16,0,48.7,4.9,56.3
12431,Trivandrum Rajdhani Express,Rajdhani,DDU,Pt Deen Dayal Upadhyaya,1418,10,Sat,125,Monsoon,Sunny,0.04,1,35.4,4.0,40.4
12259,Sealdah Bikaner Duronto,Duronto,PRYJ,Prayagraj Jn,514,3,Fri,110,Summer,Rainy,0.17,0,54.7,3.6,60.4
12301,Howrah Rajdhani Express,Rajdhani,RTM,Ratlam Jn,1893,7,Wed,130,Autumn,Rainy,0.07,0,74.1,4.0,66.0
12953,August Kranti Rajdhani,Rajdhani,MTJ,Mathura Jn,411,5,Sun,130,Summer,Foggy,0.12,1,113.3,1.4,108.0
12810,Howrah Mumbai Mail,Mail Superfast,KOTA,Kota Jn,644,10,Sat,88,Monsoon,Misty,0.07,1,54.6,1.4,58.2
20801,Magadh Express,Superfast,BRC,Vadodara Jn,1107,5,Wed,85,Summer,Foggy,0.17,0,88.9,3.7,80.8
12628,Karnataka Superfast Express,Superfast,RTM,Ratlam Jn,1315,5,Tue,85,Autumn,Sunny,0.03,0,61.6,4.9,60.6
20801,Magadh Express,Superfast,RTM,Ratlam Jn,1685,5,Thu,85,Summer,Misty,0.12,0,78.2,3.8,71.7
12810,Howrah Mumbai Mail,Mail Superfast,GWL,Gwalior Jn,1562,3,Wed,88,Monsoon,Sunny,0.06,0,47.0,4.8,50.9
12953,August Kranti Rajdhani,Rajdhani,PRYJ,Prayagraj Jn,1384,3,Tue,130,Winter,Misty,0.88,0,22.7,4.2,21.3
12953,August Kranti Rajdhani,Rajdhani,TATA,Tatanagar Jn,317,15,Tue,130,Autumn,Rainy,0.11,0,45.3,3.5,44.5
12953,August Kranti Rajdhani,Rajdhani,NGP,Nagpur Jn,705,3,Mon,130,Monsoon,Foggy,0.17,0,90.7,3.7,88.8
12951,Mumbai Rajdhani Express,Rajdhani,DDU,Pt Deen Dayal Upadhyaya,646,10,Fri,130,Autumn,Foggy,0.14,0,75.3,1.9,73.8
12953,August Kranti Rajdhani,Rajdhani,GWL,Gwalior Jn,316,7,Tue,130,Monsoon,Clear,0.19,0,18.2,3.3,20.9
22436,Varanasi Vande Bharat Express,Vande Bharat,CNB,Kanpur Central,834,5,Thu,140,Summer,Sunny,0.05,0,15.1,1.1,17.2
12301,Howrah Rajdhani Express,Rajdhani,PRYJ,Prayagraj Jn,2043,5,Sat,130,Autumn,Foggy,0.08,1,64.0,4.4,70.9
12301,Howrah Rajdhani Express,Rajdhani,BSP,Bilaspur Jn,1744,5,Wed,130,Autumn,Clear,0.04,0,34.1,1.9,31.7
12953,August Kranti Rajdhani,Rajdhani,MTJ,Mathura Jn,1628,3,Mon,130,Winter,Misty,0.62,0,29.7,1.7,29.4
12951,Mumbai Rajdhani Express,Rajdhani,AGC,Agra Cantt,1635,3,Thu,130,Monsoon,Clear,0.16,0,27.5,4.8,30.0
12259,Sealdah Bikaner Duronto,Duronto,BRC,Vadodara Jn,824,15,Sun,110,Summer,Misty,0.07,1,51.9,3.8,57.5
12002,Bhopal Shatabdi Express,Shatabdi,TATA,Tatanagar Jn,592,5,Sun,120,Autumn,Clear,0.12,1,19.4,4.7,21.6
22436,Varanasi Vande Bharat Express,Vande Bharat,BPL,Bhopal Jn,1962,10,Tue,140,Summer,Misty,0.18,0,31.8,4.1,30.3
22436,Varanasi Vande Bharat Express,Vande Bharat,AGC,Agra Cantt,2110,5,Tue,140,Monsoon,Sunny,0.05,0,47.5,4.2,47.8
20801,Magadh Express,Superfast,BRC,Vadodara Jn,1714,5,Sun,85,Winter,Rainy,0.18,1,59.0,2.1,62.9
12301,Howrah Rajdhani Express,Rajdhani,GWL,Gwalior Jn,2112,3,Thu,130,Autumn,Clear,0.1,0,29.1,2.3,26.8
12810,Howrah Mumbai Mail,Mail Superfast,DHN,Dhanbad Jn,870,3,Sat,88,Winter,Misty,0.93,1,53.4,2.2,47.7
12953,August Kranti Rajdhani,Rajdhani,KOTA,Kota Jn,293,5,Sat,130,Monsoon,Clear,0.11,1,5.8,2.5,5.5
12301,Howrah Rajdhani Express,Rajdhani,DDU,Pt Deen Dayal Upadhyaya,283,5,Fri,130,Summer,Misty,0.07,0,21.0,1.4,18.8
12259,Sealdah Bikaner Duronto,Duronto,BRC,Vadodara Jn,163,2,Sat,110,Summer,Foggy,0.04,1,92.0,4.7,99.8
12259,Sealdah Bikaner Duronto,Duronto,KOTA,Kota Jn,1746,2,Thu,110,Summer,Rainy,0.18,0,65.6,1.6,70.7
12301,Howrah Rajdhani Express,Rajdhani,NGP,Nagpur Jn,1216,10,Fri,130,Monsoon,Sunny,0.19,0,28.1,3.8,25.1
12431,Trivandrum Rajdhani Express,Rajdhani,MTJ,Mathura Jn,1939,5,Fri,125,Winter,Foggy,0.62,0,87.5,3.7,98.9
12431,Trivandrum Rajdhani Express,Rajdhani,BRC,Vadodara Jn,1150,10,Tue,125,Monsoon,Sunny,0.19,0,25.6,2.1,23.7
12301,Howrah Rajdhani Express,Rajdhani,TATA,Tatanagar Jn,922,5,Tue,130,Winter,Misty,0.94,0,15.0,3.1,15.1
22436,Varanasi Vande Bharat Express,Vande Bharat,RTM,Ratlam Jn,376,5,Mon,140,Autumn,Sunny,0.02,0,16.2,2.7,15.0
12953,August Kranti Rajdhani,Rajdhani,DHN,Dhanbad Jn,158,5,Tue,130,Summer,Rainy,0.01,0,43.8,2.4,45.9
12628,Karnataka Superfast Express,Superfast,BSP,Bilaspur Jn,1295,3,Sat,85,Winter,Foggy,0.75,1,88.8,1.9,90.4
12628,Karnataka Superfast Express,Superfast,PRYJ,Prayagraj Jn,1400,2,Fri,85,Monsoon,Misty,0.03,0,22.5,1.4,22.4
12951,Mumbai Rajdhani Express,Rajdhani,PRYJ,Prayagraj Jn,687,3,Sat,130,Summer,Rainy,0.07,1,34.8,3.7,34.1
12628,Karnataka Superfast Express,Superfast,DHN,Dhanbad Jn,181,15,Sat,85,Winter,Misty,0.82,1,47.5,4.7,50.8
20801,Magadh Express,Superfast,GWL,Gwalior Jn,1513,15,Thu,85,Summer,Foggy,0.12,0,110.5,2.9,118.1
12002,Bhopal Shatabdi Express,Shatabdi,GWL,Gwalior Jn,1868,5,Wed,120,Summer,Rainy,0.15,0,51.8,1.6,51.2
12628,Karnataka Superfast Express,Superfast,GWL,Gwalior Jn,1824,10,Tue,85,Monsoon,Sunny,0.19,0,51.3,2.8,53.9
12301,Howrah Rajdhani Express,Rajdhani,KOTA,Kota Jn,882,5,Sat,130,Summer,Sunny,0.04,1,35.6,4.8,32.8
12259,Sealdah Bikaner Duronto,Duronto,BSP,Bilaspur Jn,974,10,Thu,110,Autumn,Rainy,0.13,0,45.8,1.6,42.3
20801,Magadh Express,Superfast,GWL,Gwalior Jn,741,10,Mon,85,Summer,Sunny,0.07,0,62.8,4.7,55.4
12951,Mumbai Rajdhani Express,Rajdhani,DDU,Pt Deen Dayal Upadhyaya,1219,5,Tue,130,Autumn,Misty,0.13,0,30.3,3.6,32.1
12628,Karnataka Superfast Express,Superfast,TATA,Tatanagar Jn,244,3,Sat,85,Summer,Foggy,0.06,1,46.7,4.1,42.1
12951,Mumbai Rajdhani Express,Rajdhani,AGC,Agra Cantt,1561,5,Sun,130,Winter,Rainy,0.19,1,61.1,4.0,64.7
12431,Trivandrum Rajdhani Express,Rajdhani,BPL,Bhopal Jn,754,5,Wed,125,Summer,Rainy,0.06,0,44.1,1.7,45.3
12953,August Kranti Rajdhani,Rajdhani,CNB,Kanpur Central,1121,3,Sat,130,Autumn,Rainy,0.14,1,41.6,3.7,43.1
12301,Howrah Rajdhani Express,Rajdhani,BPL,Bhopal Jn,1584,15,Tue,130,Winter,Misty,0.88,0,26.5,3.3,23.7
12431,Trivandrum Rajdhani Express,Rajdhani,NGP,Nagpur Jn,1615,3,Fri,125,Monsoon,Rainy,0.2,0,61.4,1.7,54.3
12628,Karnataka Superfast Express,Superfast,NGP,Nagpur Jn,2126,2,Wed,85,Monsoon,Clear,0.07,0,64.7,3.5,56.4
12259,Sealdah Bikaner Duronto,Duronto,TATA,Tatanagar Jn,196,15,Wed,110,Summer,Misty,0.06,0,14.7,2.3,15.8
12301,Howrah Rajdhani Express,Rajdhani,AGC,Agra Cantt,1463,2,Mon,130,Monsoon,Foggy,0.13,0,94.0,1.5,87.8
12951,Mumbai Rajdhani Express,Rajdhani,MTJ,Mathura Jn,247,5,Thu,130,Summer,Foggy,0.08,0,100.0,3.8,102.9
12259,Sealdah Bikaner Duronto,Duronto,KOTA,Kota Jn,1253,5,Wed,110,Monsoon,Misty,0.04,0,30.7,1.3,29.2
12259,Sealdah Bikaner Duronto,Duronto,TATA,Tatanagar Jn,538,5,Fri,110,Winter,Clear,0.16,0,37.8,1.3,34.9
22436,Varanasi Vande Bharat Express,Vande Bharat,ST,Surat,388,5,Sat,140,Winter,Rainy,0.17,1,63.0,3.3,60.6
12259,Sealdah Bikaner Duronto,Duronto,DHN,Dhanbad Jn,668,5,Sat,110,Winter,Misty,0.65,1,59.3,4.7,67.6
12301,Howrah Rajdhani Express,Rajdhani,DHN,Dhanbad Jn,425,10,Sat,130,Summer,Sunny,0.01,1,28.0,2.3,28.2
12628,Karnataka Superfast Express,Superfast,DDU,Pt Deen Dayal Upadhyaya,350,15,Thu,85,Summer,Foggy,0.06,0,48.0,1.7,47.4
12628,Karnataka Superfast Express,Superfast,DDU,Pt Deen Dayal Upadhyaya,1416,5,Mon,85,Winter,Sunny,0.04,0,51.9,1.6,50.5
20801,Magadh Express,Superfast,GWL,Gwalior Jn,1512,5,Fri,85,Monsoon,Sunny,0.09,0,63.1,3.1,58.6
22436,Varanasi Vande Bharat Express,Vande Bharat,ST,Surat,347,10,Mon,140,Autumn,Rainy,0.18,0,31.5,1.3,36.9
22436,Varanasi Vande Bharat Express,Vande Bharat,AGC,Agra Cantt,369,5,Fri,140,Monsoon,Misty,0.14,0,11.8,3.9,12.3
12810,Howrah Mumbai Mail,Mail Superfast,DHN,Dhanbad Jn,879,5,Thu,88,Monsoon,Misty,0.2,0,32.3,3.3,33.8
12431,Trivandrum Rajdhani Express,Rajdhani,BSP,Bilaspur Jn,2002,15,Thu,125,Monsoon,Foggy,0.09,0,99.2,1.6,91.3
12301,Howrah Rajdhani Express,Rajdhani,TATA,Tatanagar Jn,1879,5,Sat,130,Summer,Foggy,0.07,1,56.6,1.6,66.2
12431,Trivandrum Rajdhani Express,Rajdhani,KOTA,Kota Jn,1706,5,Wed,125,Monsoon,Sunny,0.0,0,31.5,2.2,31.6
12431,Trivandrum Rajdhani Express,Rajdhani,GWL,Gwalior Jn,344,7,Thu,125,Summer,Foggy,0.19,0,61.5,4.8,61.9
12810,Howrah Mumbai Mail,Mail Superfast,KOTA,Kota Jn,153,5,Tue,88,Autumn,Sunny,0.08,0,29.9,3.5,28.9
20801,Magadh Express,Superfast,KOTA,Kota Jn,624,7,Fri,85,Monsoon,Rainy,0.14,0,56.3,3.3,58.6
12628,Karnataka Superfast Express,Superfast,RTM,Ratlam Jn,2050,5,Wed,85,Summer,Rainy,0.13,0,69.5,3.2,73.4
20801,Magadh Express,Superfast,BSP,Bilaspur Jn,2024,2,Tue,85,Summer,Sunny,0.1,0,65.1,2.3,67.4
12002,Bhopal Shatabdi Express,Shatabdi,PRYJ,Prayagraj Jn,1189,3,Wed,120,Winter,Misty,0.8,0,31.3,2.8,35.0
12951,Mumbai Rajdhani Express,Rajdhani,BPL,Bhopal Jn,2076,5,Tue,130,Summer,Clear,0.07,0,40.4,4.1,40.6
12259,Sealdah Bikaner Duronto,Duronto,PRYJ,Prayagraj Jn,593,5,Fri,110,Summer,Sunny,0.19,0,52.8,3.9,56.5
12301,Howrah Rajdhani Express,Rajdhani,GWL,Gwalior Jn,690,5,Sat,130,Winter,Rainy,0.05,1,47.6,1.1,54.5
12431,Trivandrum Rajdhani Express,Rajdhani,DHN,Dhanbad Jn,1919,7,Tue,125,Autumn,Foggy,0.11,0,55.6,1.4,61.9
12002,Bhopal Shatabdi Express,Shatabdi,AGC,Agra Cantt,2054,7,Mon,120,Winter,Clear,0.17,0,29.8,1.6,31.0
12951,Mumbai Rajdhani Express,Rajdhani,NGP,Nagpur Jn,241,5,Thu,130,Monsoon,Foggy,0.04,0,36.7,2.3,34.5
12431,Trivandrum Rajdhani Express,Rajdhani,BRC,Vadodara Jn,769,5,Mon,125,Summer,Sunny,0.02,0,15.1,1.4,15.8
22436,Varanasi Vande Bharat Express,Vande Bharat,GWL,Gwalior Jn,354,10,Wed,140,Winter,Foggy,0.76,0,53.5,3.6,54.3
22436,Varanasi Vande Bharat Express,Vande Bharat,DHN,Dhanbad Jn,199,2,Sun,140,Monsoon,Sunny,0.05,1,9.8,3.6,9.9
12951,Mumbai Rajdhani Express,Rajdhani,RTM,Ratlam Jn,663,7,Sun,130,Summer,Sunny,0.19,1,26.0,2.3,24.1
12431,Trivandrum Rajdhani Express,Rajdhani,ST,Surat,919,2,Sat,125,Autumn,Misty,0.01,1,18.2,1.8,21.4
22436,Varanasi Vande Bharat Express,Vande Bharat,PRYJ,Prayagraj Jn,130,5,Wed,140,Summer,Foggy,0.04,0,59.0,2.1,63.7
12628,Karnataka Superfast Express,Superfast,AGC,Agra Cantt,1949,2,Wed,85,Autumn,Clear,0.13,0,63.5,2.8,60.4
12301,Howrah Rajdhani Express,Rajdhani,RTM,Ratlam Jn,537,5,Tue,130,Winter,Clear,0.08,0,20.0,1.8,19.0
20801,Magadh Express,Superfast,TATA,Tatanagar Jn,1041,5,Wed,85,Monsoon,Foggy,0.01,0,33.4,1.9,30.4
12259,Sealdah Bikaner Duronto,Duronto,RTM,Ratlam Jn,1700,5,Thu,110,Autumn,Rainy,0.09,0,89.0,4.7,78.7
22436,Varanasi Vande Bharat Express,Vande Bharat,PRYJ,Prayagraj Jn,145,5,Mon,140,Winter,Clear,0.12,0,11.1,4.7,11.5
20801,Magadh Express,Superfast,KOTA,Kota Jn,881,10,Mon,85,Winter,Rainy,0.04,0,46.2,4.0,53.7
22436,Varanasi Vande Bharat Express,Vande Bharat,MTJ,Mathura Jn,938,3,Tue,140,Monsoon,Foggy,0.19,0,80.3,4.7,93.5
12431,Trivandrum Rajdhani Express,Rajdhani,KOTA,Kota Jn,1964,5,Mon,125,Winter,Clear,0.14,0,21.5,2.1,24.0
22436,Varanasi Vande Bharat Express,Vande Bharat,GWL,Gwalior Jn,1871,15,Sat,140,Autumn,Clear,0.01,1,33.9,2.6,33.1
12951,Mumbai Rajdhani Express,Rajdhani,NGP,Nagpur Jn,930,5,Mon,130,Monsoon,Rainy,0.14,0,36.9,1.1,43.4
12951,Mumbai Rajdhani Express,Rajdhani,TATA,Tatanagar Jn,2101,5,Fri,130,Autumn,Misty,0.19,0,45.0,3.9,48.1
22436,Varanasi Vande Bharat Express,Vande Bharat,PRYJ,Prayagraj Jn,1628,7,Wed,140,Autumn,Foggy,0.11,0,71.2,3.9,69.5
12259,Sealdah Bikaner Duronto,Duronto,BPL,Bhopal Jn,2125,10,Wed,110,Monsoon,Sunny,0.16,0,44.3,2.4,43.0
12002,Bhopal Shatabdi Express,Shatabdi,AGC,Agra Cantt,772,2,Wed,120,Autumn,Foggy,0.15,0,128.3,2.4,123.4
12002,Bhopal Shatabdi Express,Shatabdi,TATA,Tatanagar Jn,1723,3,Sun,120,Summer,Sunny,0.16,1,56.6,4.3,49.3
12953,August Kranti Rajdhani,Rajdhani,ST,Surat,774,5,Fri,130,Winter,Misty,0.6,0,28.2,3.7,25.6
12259,Sealdah Bikaner Duronto,Duronto,CNB,Kanpur Central,1771,3,Thu,110,Autumn,Sunny,0.12,0,46.5,1.9,51.9
12628,Karnataka Superfast Express,Superfast,DDU,Pt Deen Dayal Upadhyaya,395,5,Mon,85,Winter,Foggy,0.66,0,116.7,2.0,106.6
12951,Mumbai Rajdhani Express,Rajdhani,ST,Surat,392,3,Mon,130,Monsoon,Clear,0.04,0,23.1,2.0,23.7
12259,Sealdah Bikaner Duronto,Duronto,NGP,Nagpur Jn,1688,7,Thu,110,Winter,Misty,0.72,0,37.4,1.8,36.2
12951,Mumbai Rajdhani Express,Rajdhani,NGP,Nagpur Jn,227,5,Thu,130,Winter,Foggy,0.73,0,72.0,3.8,71.2
22436,Varanasi Vande Bharat Express,Vande Bharat,GWL,Gwalior Jn,1656,2,Sat,140,Monsoon,Foggy,0.2,1,57.7,4.9,62.5
22436,Varanasi Vande Bharat Express,Vande Bharat,BPL,Bhopal Jn,2022,2,Thu,140,Monsoon,Sunny,0.12,0,33.2,2.3,31.3
12431,Trivandrum Rajdhani Express,Rajdhani,RTM,Ratlam Jn,625,2,Fri,125,Autumn,Clear,0.0,0,22.7,4.7,21.4
12301,Howrah Rajdhani Express,Rajdhani,DHN,Dhanbad Jn,2111,5,Fri,130,Winter,Rainy,0.12,0,47.4,4.6,50.6
12259,Sealdah Bikaner Duronto,Duronto,GWL,Gwalior Jn,2091,5,Mon,110,Summer,Clear,0.04,0,65.8,1.0,60.8
12951,Mumbai Rajdhani Express,Rajdhani,MTJ,Mathura Jn,2120,5,Tue,130,Summer,Rainy,0.17,0,52.6,3.9,59.5
12002,Bhopal Shatabdi Express,Shatabdi,KOTA,Kota Jn,1861,2,Tue,120,Winter,Foggy,0.8,0,72.5,3.8,84.3
12301,Howrah Rajdhani Express,Rajdhani,CNB,Kanpur Central,1176,7,Sat,130,Autumn,Clear,0.01,1,23.5,2.9,25.5
12002,Bhopal Shatabdi Express,Shatabdi,BRC,Vadodara Jn,904,15,Mon,120,Summer,Clear,0.11,0,27.6,3.6,24.2
12002,Bhopal Shatabdi Express,Shatabdi,PRYJ,Prayagraj Jn,929,5,Thu,120,Winter,Misty,0.62,0,25.8,2.2,26.7
12259,Sealdah Bikaner Duronto,Duronto,ST,Surat,1189,2,Fri,110,Winter,Clear,0.1,0,52.5,2.2,52.8
12628,Karnataka Superfast Express,Superfast,RTM,Ratlam Jn,505,5,Sat,85,Autumn,Foggy,0.1,1,115.0,2.6,105.4
12002,Bhopal Shatabdi Express,Shatabdi,NGP,Nagpur Jn,397,5,Tue,120,Summer,Clear,0.1,0,25.1,2.0,27.3
12810,Howrah Mumbai Mail,Mail Superfast,GWL,Gwalior Jn,1716,2,Mon,88,Autumn,Clear,0.17,0,47.4,1.8,49.3
12431,Trivandrum Rajdhani Express,Rajdhani,PRYJ,Prayagraj Jn,2187,10,Sun,125,Summer,Sunny,0.1,1,43.0,3.6,45.9
22436,Varanasi Vande Bharat Express,Vande Bharat,GWL,Gwalior Jn,447,5,Fri,140,Winter,Foggy,0.63,0,60.2,4.1,64.4
12259,Sealdah Bikaner Duronto,Duronto,MTJ,Mathura Jn,2024,15,Sun,110,Monsoon,Rainy,0.17,1,86.7,2.5,84.0
20801,Magadh Express,Superfast,KOTA,Kota Jn,1502,3,Thu,85,Monsoon,Clear,0.14,0,20.4,2.0,21.9
12810,Howrah Mumbai Mail,Mail Superfast,PRYJ,Prayagraj Jn,1427,5,Fri,88,Summer,Rainy,0.19,0,59.8,3.3,61.4
12810,Howrah Mumbai Mail,Mail Superfast,PRYJ,Prayagraj Jn,670,5,Thu,88,Summer,Misty,0.18,0,40.1,1.8,37.7
12953,August Kranti Rajdhani,Rajdhani,AGC,Agra Cantt,580,5,Tue,130,Autumn,Misty,0.1,0,20.9,3.6,23.1
12431,Trivandrum Rajdhani Express,Rajdhani,AGC,Agra Cantt,1980,7,Tue,125,Autumn,Foggy,0.14,0,65.3,1.6,57.3
12953,August Kranti Rajdhani,Rajdhani,GWL,Gwalior Jn,1143,15,Mon,130,Winter,Sunny,0.16,0,30.2,2.8,29.6
12628,Karnataka Superfast Express,Superfast,MTJ,Mathura Jn,2051,10,Mon,85,Autumn,Foggy,0.12,0,62.5,2.5,65.2
12951,Mumbai Rajdhani Express,Rajdhani,ST,Surat,1199,5,Sun,130,Winter,Rainy,0.02,1,66.4,4.1,65.1
12951,Mumbai Rajdhani Express,Rajdhani,BRC,Vadodara Jn,1044,5,Wed,130,Monsoon,Rainy,0.09,0,57.5,3.5,56.6
12628,Karnataka Superfast Express,Superfast,KOTA,Kota Jn,1669,5,Mon,85,Monsoon,Sunny,0.03,0,35.6,3.2,34.4
12810,Howrah Mumbai Mail,Mail Superfast,DHN,Dhanbad Jn,1764,5,Thu,88,Winter,Clear,0.05,0,63.8,2.0,57.1
12628,Karnataka Superfast Express,Superfast,MTJ,Mathura Jn,1882,10,Mon,85,Winter,Sunny,0.13,0,42.0,2.8,42.7
12002,Bhopal Shatabdi Express,Shatabdi,DDU,Pt Deen Dayal Upadhyaya,1212,5,Thu,120,Autumn,Clear,0.11,0,32.9,4.5,30.3
12953,August Kranti Rajdhani,Rajdhani,AGC,Agra Cantt,1688,15,Wed,130,Winter,Foggy,0.8,0,89.4,3.4,92.8
12301,Howrah Rajdhani Express,Rajdhani,RTM,Ratlam Jn,1118,5,Tue,130,Monsoon,Rainy,0.08,0,60.1,4.6,52.8
20801,Magadh Express,Superfast,RTM,Ratlam Jn,189,10,Sat,85,Winter,Foggy,0.89,1,46.8,3.3,47.9
12301,Howrah Rajdhani Express,Rajdhani,MTJ,Mathura Jn,1164,15,Wed,130,Summer,Rainy,0.07,0,42.6,1.6,42.4
12953,August Kranti Rajdhani,Rajdhani,DHN,Dhanbad Jn,1036,3,Tue,130,Winter,Foggy,0.75,0,83.3,3.8,82.7
12810,Howrah Mumbai Mail,Mail Superfast,BPL,Bhopal Jn,1240,5,Tue,88,Monsoon,Sunny,0.17,0,32.7,1.9,32.5
12628,Karnataka Superfast Express,Superfast,TATA,Tatanagar Jn,820,5,Mon,85,Winter,Misty,0.86,0,69.8,3.2,63.9
12628,Karnataka Superfast Express,Superfast,PRYJ,Prayagraj Jn,1202,5,Sat,85,Winter,Clear,0.15,1,54.8,3.1,53.9
12259,Sealdah Bikaner Duronto,Duronto,DDU,Pt Deen Dayal Upadhyaya,1106,2,Tue,110,Summer,Misty,0.19,0,27.2,2.3,27.2
12951,Mumbai Rajdhani Express,Rajdhani,GWL,Gwalior Jn,641,5,Tue,130,Summer,Clear,0.09,0,44.9,4.4,43.9
12810,Howrah Mumbai Mail,Mail Superfast,BPL,Bhopal Jn,1116,5,Tue,88,Autumn,Sunny,0.14,0,52.7,3.6,62.0
12431,Trivandrum Rajdhani Express,Rajdhani,CNB,Kanpur Central,1754,15,Sun,125,Autumn,Foggy,0.11,1,95.0,4.8,92.1
12301,Howrah Rajdhani Express,Rajdhani,DHN,Dhanbad Jn,2146,5,Wed,130,Autumn,Sunny,0.1,0,28.5,4.2,30.3
20801,Magadh Express,Superfast,BSP,Bilaspur Jn,197,7,Thu,85,Autumn,Foggy,0.06,0,85.0,2.9,78.5
12002,Bhopal Shatabdi Express,Shatabdi,BPL,Bhopal Jn,682,2,Sun,120,Summer,Rainy,0.08,1,43.7,4.6,45.4
12628,Karnataka Superfast Express,Superfast,BPL,Bhopal Jn,696,3,Tue,85,Autumn,Clear,0.05,0,25.7,2.2,26.0
12301,Howrah Rajdhani Express,Rajdhani,BSP,Bilaspur Jn,1553,15,Sat,130,Autumn,Clear,0.12,1,31.0,1.2,32.6
12810,Howrah Mumbai Mail,Mail Superfast,BSP,Bilaspur Jn,697,5,Fri,88,Summer,Clear,0.2,0,34.6,1.2,33.3
12259,Sealdah Bikaner Duronto,Duronto,ST,Surat,1985,7,Thu,110,Autumn,Rainy,0.16,0,51.5,3.5,52.5
12431,Trivandrum Rajdhani Express,Rajdhani,GWL,Gwalior Jn,2172,3,Sun,125,Winter,Misty,0.89,1,40.4,5.0,36.8
12259,Sealdah Bikaner Duronto,Duronto,NGP,Nagpur Jn,904,3,Sat,110,Autumn,Rainy,0.03,1,45.2,3.5,50.8
12301,Howrah Rajdhani Express,Rajdhani,PRYJ,Prayagraj Jn,1145,5,Tue,130,Autumn,Sunny,0.09,0,15.4,1.0,13.9
12810,Howrah Mumbai Mail,Mail Superfast,DDU,Pt Deen Dayal Upadhyaya,778,15,Thu,88,Winter,Sunny,0.09,0,48.4,1.5,45.3
12259,Sealdah Bikaner Duronto,Duronto,TATA,Tatanagar Jn,1454,7,Thu,110,Monsoon,Misty,0.11,0,54.0,3.1,49.1
20801,Magadh Express,Superfast,CNB,Kanpur Central,1104,5,Sat,85,Monsoon,Misty,0.16,1,41.6,4.3,44.3
12301,Howrah Rajdhani Express,Rajdhani,ST,Surat,706,5,Fri,130,Monsoon,Rainy,0.02,0,66.8,4.4,67.5
12002,Bhopal Shatabdi Express,Shatabdi,BSP,Bilaspur Jn,1817,7,Mon,120,Monsoon,Foggy,0.15,0,108.4,2.2,100.1
12951,Mumbai Rajdhani Express,Rajdhani,GWL,Gwalior Jn,225,7,Thu,130,Autumn,Sunny,0.08,0,16.2,4.8,17.6
12431,Trivandrum Rajdhani Express,Rajdhani,BSP,Bilaspur Jn,1063,5,Thu,125,Summer,Foggy,0.09,0,71.3,2.0,64.5
22436,Varanasi Vande Bharat Express,Vande Bharat,BRC,Vadodara Jn,2117,3,Mon,140,Winter,Sunny,0.11,0,37.2,4.7,35.1
12002,Bhopal Shatabdi Express,Shatabdi,ST,Surat,1293,7,Mon,120,Autumn,Sunny,0.01,0,32.6,3.7,37.2
12002,Bhopal Shatabdi Express,Shatabdi,BSP,Bilaspur Jn,437,2,Wed,120,Monsoon,Clear,0.01,0,20.3,3.5,22.4
12002,Bhopal Shatabdi Express,Shatabdi,BSP,Bilaspur Jn,1293,3,Thu,120,Autumn,Clear,0.05,0,36.7,4.3,39.5
12953,August Kranti Rajdhani,Rajdhani,BRC,Vadodara Jn,1487,5,Thu,130,Summer,Rainy,0.01,0,58.0,3.8,57.8
12810,Howrah Mumbai Mail,Mail Superfast,NGP,Nagpur Jn,1063,5,Sat,88,Autumn,Foggy,0.16,1,75.2,3.7,86.7
22436,Varanasi Vande Bharat Express,Vande Bharat,KOTA,Kota Jn,400,5,Mon,140,Autumn,Sunny,0.03,0,22.0,4.1,21.5
12431,Trivandrum Rajdhani Express,Rajdhani,GWL,Gwalior Jn,1339,5,Thu,125,Winter,Misty,0.89,0,31.2,4.6,32.7
12951,Mumbai Rajdhani Express,Rajdhani,ST,Surat,2138,15,Sun,130,Monsoon,Foggy,0.04,1,104.0,3.6,109.8
12002,Bhopal Shatabdi Express,Shatabdi,TATA,Tatanagar Jn,853,2,Wed,120,Autumn,Rainy,0.19,0,49.8,4.5,52.4
12951,Mumbai Rajdhani Express,Rajdhani,BSP,Bilaspur Jn,1238,5,Tue,130,Summer,Misty,0.12,0,39.6,3.9,36.6
12259,Sealdah Bikaner Duronto,Duronto,DDU,Pt Deen Dayal Upadhyaya,2077,5,Wed,110,Monsoon,Rainy,0.0,0,64.4,1.8,63.8
12953,August Kranti Rajdhani,Rajdhani,PRYJ,Prayagraj Jn,261,15,Fri,130,Summer,Foggy,0.15,0,70.4,4.9,61.3
12431,Trivandrum Rajdhani Express,Rajdhani,ST,Surat,357,15,Wed,125,Monsoon,Clear,0.08,0,12.3,4.3,12.0
12259,Sealdah Bikaner Duronto,Duronto,TATA,Tatanagar Jn,258,5,Fri,110,Summer,Foggy,0.05,0,79.8,3.7,93.7
12628,Karnataka Superfast Express,Superfast,ST,Surat,1861,2,Tue,85,Autumn,Sunny,0.08,0,68.1,4.8,67.2
12301,Howrah Rajdhani Express,Rajdhani,ST,Surat,2134,5,Fri,130,Monsoon,Misty,0.13,0,51.1,3.1,47.1
12628,Karnataka Superfast Express,Superfast,BSP,Bilaspur Jn,920,2,Thu,85,Monsoon,Sunny,0.11,0,16.9,3.7,19.7
12002,Bhopal Shatabdi Express,Shatabdi,BSP,Bilaspur Jn,1153,10,Sat,120,Monsoon,Sunny,0.13,1,12.9,1.6,12.1
12259,Sealdah Bikaner Duronto,Duronto,BRC,Vadodara Jn,380,3,Sun,110,Monsoon,Rainy,0.2,1,99.3,4.9,91.6
12810,Howrah Mumbai Mail,Mail Superfast,KOTA,Kota Jn,2005,3,Mon,88,Autumn,Rainy,0.02,0,78.1,2.9,81.6
22436,Varanasi Vande Bharat Express,Vande Bharat,AGC,Agra Cantt,1125,2,Tue,140,Autumn,Sunny,0.11,0,46.0,4.6,40.1
12002,Bhopal Shatabdi Express,Shatabdi,KOTA,Kota Jn,895,15,Wed,120,Summer,Misty,0.16,0,35.2,5.0,36.8
12259,Sealdah Bikaner Duronto,Duronto,TATA,Tatanagar Jn,1748,5,Thu,110,Autumn,Clear,0.16,0,44.3,1.7,41.8
12628,Karnataka Superfast Express,Superfast,TATA,Tatanagar Jn,1686,7,Sat,85,Autumn,Misty,0.15,1,34.4,3.6,39.9
12431,Trivandrum Rajdhani Express,Rajdhani,RTM,Ratlam Jn,1625,7,Mon,125,Monsoon,Clear,0.2,0,40.9,2.7,46.7
22436,Varanasi Vande Bharat Express,Vande Bharat,PRYJ,Prayagraj Jn,2124,7,Fri,140,Winter,Misty,0.65,0,28.8,1.5,26.5
12259,Sealdah Bikaner Duronto,Duronto,RTM,Ratlam Jn,536,2,Wed,110,Autumn,Rainy,0.01,0,90.8,4.8,79.0
12810,Howrah Mumbai Mail,Mail Superfast,AGC,Agra Cantt,1590,3,Sun,88,Autumn,Clear,0.2,1,46.1,3.0,47.4
12951,Mumbai Rajdhani Express,Rajdhani,MTJ,Mathura Jn,510,7,Wed,130,Summer,Clear,0.17,0,21.7,1.5,24.5
20801,Magadh Express,Superfast,RTM,Ratlam Jn,1375,3,Fri,85,Winter,Sunny,0.01,0,48.5,4.2,47.4
12953,August Kranti Rajdhani,Rajdhani,MTJ,Mathura Jn,266,5,Fri,130,Monsoon,Clear,0.18,0,19.3,4.7,22.3
22436,Varanasi Vande Bharat Express,Vande Bharat,BRC,Vadodara Jn,274,15,Fri,140,Winter,Clear,0.18,0,14.3,4.2,16.2
12002,Bhopal Shatabdi Express,Shatabdi,PRYJ,Prayagraj Jn,858,3,Fri,120,Summer,Clear,0.07,0,20.9,3.5,23.2
12953,August Kranti Rajdhani,Rajdhani,RTM,Ratlam Jn,868,15,Thu,130,Winter,Misty,0.95,0,25.8,3.2,28.3
12301,Howrah Rajdhani Express,Rajdhani,RTM,Ratlam Jn,1785,5,Sun,130,Monsoon,Rainy,0.03,1,59.2,2.1,57.4
12951,Mumbai Rajdhani Express,Rajdhani,BRC,Vadodara Jn,855,3,Thu,130,Summer,Rainy,0.14,0,43.7,4.9,47.5
12628,Karnataka Superfast Express,Superfast,DDU,Pt Deen Dayal Upadhyaya,993,5,Mon,85,Winter,Foggy,0.65,0,99.1,4.8,116.0
22436,Varanasi Vande Bharat Express,Vande Bharat,AGC,Agra Cantt,604,7,Tue,140,Autumn,Sunny,0.03,0,5.3,2.3,5.1
12810,Howrah Mumbai Mail,Mail Superfast,BPL,Bhopal Jn,1546,5,Sat,88,Summer,Sunny,0.04,1,72.4,4.5,63.8
12301,Howrah Rajdhani Express,Rajdhani,ST,Surat,351,2,Wed,130,Winter,Foggy,0.79,0,46.8,4.0,53.0
12810,Howrah Mumbai Mail,Mail Superfast,KOTA,Kota Jn,156,15,Wed,88,Monsoon,Sunny,0.09,0,38.6,4.1,37.0
12431,Trivandrum Rajdhani Express,Rajdhani,RTM,Ratlam Jn,1204,5,Sat,125,Monsoon,Foggy,0.19,1,57.3,2.9,52.8
12431,Trivandrum Rajdhani Express,Rajdhani,GWL,Gwalior Jn,1618,5,Tue,125,Summer,Clear,0.05,0,26.3,3.8,24.5
12951,Mumbai Rajdhani Express,Rajdhani,BRC,Vadodara Jn,1132,5,Fri,130,Winter,Sunny,0.18,0,24.5,4.0,24.1
20801,Magadh Express,Superfast,PRYJ,Prayagraj Jn,113,5,Sun,85,Summer,Foggy,0.2,1,82.2,4.8,96.7
12628,Karnataka Superfast Express,Superfast,KOTA,Kota Jn,1213,5,Mon,85,Monsoon,Foggy,0.05,0,141.1,3.5,138.4
12259,Sealdah Bikaner Duronto,Duronto,BRC,Vadodara Jn,1103,7,Thu,110,Autumn,Misty,0.04,0,25.7,1.2,27.1
12628,Karnataka Superfast Express,Superfast,GWL,Gwalior Jn,661,5,Fri,85,Winter,Clear,0.02,0,21.7,2.6,21.9
12953,August Kranti Rajdhani,Rajdhani,DDU,Pt Deen Dayal Upadhyaya,655,5,Mon,130,Winter,Misty,0.78,0,29.6,4.0,26.3
12301,Howrah Rajdhani Express,Rajdhani,BRC,Vadodara Jn,1069,3,Wed,130,Autumn,Sunny,0.02,0,20.4,1.4,19.8
12628,Karnataka Superfast Express,Superfast,ST,Surat,126,15,Thu,85,Monsoon,Misty,0.03,0,22.0,4.3,25.1
20801,Magadh Express,Superfast,RTM,Ratlam Jn,1529,7,Fri,85,Monsoon,Clear,0.09,0,50.6,4.0,56.3
22436,Varanasi Vande Bharat Express,Vande Bharat,NGP,Nagpur Jn,742,5,Fri,140,Winter,Rainy,0.04,0,39.7,3.9,40.2
12431,Trivandrum Rajdhani Express,Rajdhani,RTM,Ratlam Jn,936,7,Fri,125,Summer,Clear,0.02,0,33.8,3.5,36.0
12301,Howrah Rajdhani Express,Rajdhani,KOTA,Kota Jn,131,5,Sat,130,Winter,Sunny,0.09,1,11.2,2.5,12.7
12002,Bhopal Shatabdi Express,Shatabdi,RTM,Ratlam Jn,1039,5,Mon,120,Summer,Foggy,0.02,0,77.1,2.1,73.2
20801,Magadh Express,Superfast,BSP,Bilaspur Jn,983,15,Fri,85,Monsoon,Foggy,0.03,0,111.1,2.7,121.5
12951,Mumbai Rajdhani Express,Rajdhani,RTM,Ratlam Jn,2004,3,Thu,130,Monsoon,Foggy,0.15,0,119.5,4.5,106.7
12628,Karnataka Superfast Express,Superfast,DDU,Pt Deen Dayal Upadhyaya,653,2,Sat,85,Winter,Misty,0.79,1,48.3,3.1,43.0
12953,August Kranti Rajdhani,Rajdhani,TATA,Tatanagar Jn,442,7,Fri,130,Winter,Sunny,0.11,0,17.5,3.1,18.9
12953,August Kranti Rajdhani,Rajdhani,KOTA,Kota Jn,940,5,Sun,130,Summer,Clear,0.09,1,21.6,4.2,20.8
22436,Varanasi Vande Bharat Express,Vande Bharat,GWL,Gwalior Jn,1231,7,Sat,140,Winter,Rainy,0.09,1,43.2,1.1,39.9
12951,Mumbai Rajdhani Express,Rajdhani,TATA,Tatanagar Jn,432,3,Sun,130,Winter,Clear,0.06,1,29.3,3.8,26.2
12259,Sealdah Bikaner Duronto,Duronto,ST,Surat,1381,10,Sun,110,Winter,Sunny,0.2,1,54.8,3.7,54.7
12810,Howrah Mumbai Mail,Mail Superfast,DHN,Dhanbad Jn,705,15,Wed,88,Monsoon,Sunny,0.02,0,43.1,2.1,39.3
12810,Howrah Mumbai Mail,Mail Superfast,CNB,Kanpur Central,265,10,Fri,88,Winter,Rainy,0.08,0,27.9,2.9,26.6
12628,Karnataka Superfast Express,Superfast,GWL,Gwalior Jn,1226,5,Wed,85,Monsoon,Clear,0.07,0,43.5,2.6,46.7
12628,Karnataka Superfast Express,Superfast,AGC,Agra Cantt,797,10,Wed,85,Winter,Rainy,0.06,0,60.7,3.9,61.3
12301,Howrah Rajdhani Express,Rajdhani,RTM,Ratlam Jn,1984,7,Tue,130,Autumn,Misty,0.17,0,27.6,4.1,24.4
12953,August Kranti Rajdhani,Rajdhani,KOTA,Kota Jn,292,3,Tue,130,Winter,Clear,0.05,0,16.0,4.5,15.9
12953,August Kranti Rajdhani,Rajdhani,BSP,Bilaspur Jn,1159,5,Fri,130,Winter,Rainy,0.13,0,58.8,3.2,55.2
12628,Karnataka Superfast Express,Superfast,CNB,Kanpur Central,734,3,Sat,85,Winter,Foggy,0.71,1,110.9,1.6,103.9
12953,August Kranti Rajdhani,Rajdhani,PRYJ,Prayagraj Jn,184,5,Sat,130,Monsoon,Foggy,0.06,1,54.5,4.5,55.7
22436,Varanasi Vande Bharat Express,Vande Bharat,MTJ,Mathura Jn,267,10,Sun,140,Monsoon,Clear,0.09,1,6.1,2.2,6.3
12259,Sealdah Bikaner Duronto,Duronto,DHN,Dhanbad Jn,1038,7,Wed,110,Monsoon,Clear,0.04,0,50.4,2.4,44.9
12951,Mumbai Rajdhani Express,Rajdhani,NGP,Nagpur Jn,1246,5,Mon,130,Autumn,Foggy,0.06,0,120.2,3.1,106.9
12951,Mumbai Rajdhani Express,Rajdhani,DHN,Dhanbad Jn,2151,5,Tue,130,Winter,Rainy,0.05,0,70.3,4.3,66.4
12259,Sealdah Bikaner Duronto,Duronto,ST,Surat,985,5,Wed,110,Winter,Rainy,0.05,0,83.7,4.9,83.0
20801,Magadh Express,Superfast,AGC,Agra Cantt,679,3,Sat,85,Winter,Foggy,0.89,1,74.2,1.4,83.6
12951,Mumbai Rajdhani Express,Rajdhani,PRYJ,Prayagraj Jn,910,15,Tue,130,Summer,Misty,0.02,0,21.4,1.9,22.6
12628,Karnataka Superfast Express,Superfast,ST,Surat,2168,15,Thu,85,Winter,Clear,0.19,0,44.3,4.0,44.3
12301,Howrah Rajdhani Express,Rajdhani,DHN,Dhanbad Jn,954,2,Fri,130,Winter,Clear,0.18,0,26.4,5.0,29.9
12301,Howrah Rajdhani Express,Rajdhani,BRC,Vadodara Jn,153,5,Fri,130,Summer,Misty,0.1,0,15.9,3.8,14.9
20801,Magadh Express,Superfast,BRC,Vadodara Jn,975,10,Sat,85,Autumn,Clear,0.18,1,42.6,2.5,47.9
12951,Mumbai Rajdhani Express,Rajdhani,BRC,Vadodara Jn,1274,3,Wed,130,Winter,Clear,0.17,0,21.3,3.2,19.3
20801,Magadh Express,Superfast,KOTA,Kota Jn,745,5,Sun,85,Autumn,Sunny,0.03,1,41.2,3.4,47.2
12431,Trivandrum Rajdhani Express,Rajdhani,MTJ,Mathura Jn,1145,2,Wed,125,Monsoon,Foggy,0.02,0,75.0,3.8,69.8
12259,Sealdah Bikaner Duronto,Duronto,NGP,Nagpur Jn,1719,10,Mon,110,Monsoon,Sunny,0.1,0,51.1,2.7,59.1
22436,Varanasi Vande Bharat Express,Vande Bharat,BRC,Vadodara Jn,173,2,Sat,140,Summer,Foggy,0.16,1,51.7,4.8,53.3
20801,Magadh Express,Superfast,BRC,Vadodara Jn,1966,3,Sun,85,Winter,Foggy,0.66,1,73.8,2.3,81.8
12628,Karnataka Superfast Express,Superfast,MTJ,Mathura Jn,2185,5,Wed,85,Monsoon,Clear,0.16,0,33.9,2.7,31.4
12002,Bhopal Shatabdi Express,Shatabdi,PRYJ,Prayagraj Jn,265,3,Tue,120,Monsoon,Rainy,0.15,0,30.9,2.0,30.6
12431,Trivandrum Rajdhani Express,Rajdhani,DHN,Dhanbad Jn,659,10,Tue,125,Monsoon,Rainy,0.05,0,31.6,1.2,30.1
12431,Trivandrum Rajdhani Express,Rajdhani,DDU,Pt Deen Dayal Upadhyaya,2178,7,Sat,125,Winter,Misty,0.93,1,36.3,5.0,41.7
12810,Howrah Mumbai Mail,Mail Superfast,MTJ,Mathura Jn,1955,5,Fri,88,Summer,Clear,0.14,0,40.7,3.3,39.2
12301,Howrah Rajdhani Express,Rajdhani,DHN,Dhanbad Jn,1968,3,Fri,130,Autumn,Rainy,0.17,0,45.7,4.6,47.6
12301,Howrah Rajdhani Express,Rajdhani,NGP,Nagpur Jn,521,5,Fri,130,Summer,Sunny,0.07,0,14.3,1.1,12.5
12628,Karnataka Superfast Express,Superfast,KOTA,Kota Jn,1013,5,Tue,85,Winter,Sunny,0.17,0,64.9,4.1,66.3
20801,Magadh Express,Superfast,CNB,Kanpur Central,2037,5,Mon,85,Autumn,Misty,0.14,0,31.4,2.6,36.5
12431,Trivandrum Rajdhani Express,Rajdhani,KOTA,Kota Jn,1034,5,Sat,125,Summer,Rainy,0.11,1,40.1,2.3,38.4
12953,August Kranti Rajdhani,Rajdhani,KOTA,Kota Jn,1511,10,Sat,130,Winter,Rainy,0.17,1,37.8,4.5,39.7
12953,August Kranti Rajdhani,Rajdhani,DHN,Dhanbad Jn,1569,5,Sun,130,Summer,Foggy,0.12,1,89.8,2.7,93.1
12301,Howrah Rajdhani Express,Rajdhani,AGC,Agra Cantt,2073,10,Thu,130,Winter,Sunny,0.0,0,45.3,1.4,41.5
12259,Sealdah Bikaner Duronto,Duronto,PRYJ,Prayagraj Jn,1193,10,Wed,110,Winter,Rainy,0.17,0,51.3,3.2,54.4
12953,August Kranti Rajdhani,Rajdhani,MTJ,Mathura Jn,772,15,Sat,130,Winter,Clear,0.17,1,17.1,4.0,16.6
12301,Howrah Rajdhani Express,Rajdhani,BRC,Vadodara Jn,407,3,Mon,130,Winter,Foggy,0.8,0,74.8,3.7,65.6
12951,Mumbai Rajdhani Express,Rajdhani,ST,Surat,1243,3,Mon,130,Autumn,Misty,0.01,0,29.7,2.2,30.1
12002,Bhopal Shatabdi Express,Shatabdi,TATA,Tatanagar Jn,1784,5,Sat,120,Summer,Misty,0.19,1,23.1,1.2,22.2
12810,Howrah Mumbai Mail,Mail Superfast,ST,Surat,1700,5,Thu,88,Autumn,Foggy,0.12,0,137.3,1.2,141.0
12002,Bhopal Shatabdi Express,Shatabdi,PRYJ,Prayagraj Jn,477,15,Tue,120,Monsoon,Clear,0.11,0,25.5,3.9,22.6
12951,Mumbai Rajdhani Express,Rajdhani,KOTA,Kota Jn,1176,3,Fri,130,Winter,Rainy,0.0,0,57.9,4.9,51.3
12259,Sealdah Bikaner Duronto,Duronto,DDU,Pt Deen Dayal Upadhyaya,1743,3,Tue,110,Summer,Rainy,0.18,0,79.5,2.9,87.2
12002,Bhopal Shatabdi Express,Shatabdi,NGP,Nagpur Jn,1655,3,Mon,120,Winter,Misty,0.67,0,34.3,1.9,36.3
12431,Trivandrum Rajdhani Express,Rajdhani,BPL,Bhopal Jn,993,15,Fri,125,Monsoon,Foggy,0.02,0,45.0,1.3,48.4
12951,Mumbai Rajdhani Express,Rajdhani,DDU,Pt Deen Dayal Upadhyaya,1720,5,Tue,130,Monsoon,Clear,0.03,0,49.2,3.0,42.8
12628,Karnataka Superfast Express,Superfast,BPL,Bhopal Jn,543,5,Tue,85,Monsoon,Clear,0.08,0,57.8,4.6,57.8
12953,August Kranti Rajdhani,Rajdhani,KOTA,Kota Jn,477,15,Tue,130,Winter,Clear,0.17,0,27.3,4.6,30.1
12953,August Kranti Rajdhani,Rajdhani,BSP,Bilaspur Jn,2112,15,Thu,130,Summer,Misty,0.11,0,30.2,1.9,27.5
12953,August Kranti Rajdhani,Rajdhani,RTM,Ratlam Jn,1404,10,Mon,130,Summer,Misty,0.14,0,15.9,1.1,18.5
20801,Magadh Express,Superfast,CNB,Kanpur Central,587,15,Sat,85,Autumn,Foggy,0.14,1,87.2,2.9,87.3
12301,Howrah Rajdhani Express,Rajdhani,CNB,Kanpur Central,109,10,Sun,130,Summer,Clear,0.07,1,16.0,3.2,15.4
12259,Sealdah Bikaner Duronto,Duronto,NGP,Nagpur Jn,1599,2,Tue,110,Winter,Foggy,0.87,0,89.7,4.1,101.8
12810,Howrah Mumbai Mail,Mail Superfast,GWL,Gwalior Jn,813,3,Fri,88,Summer,Clear,0.1,0,21.3,4.9,19.8
12951,Mumbai Rajdhani Express,Rajdhani,CNB,Kanpur Central,1282,2,Fri,130,Monsoon,Sunny,0.09,0,25.2,4.8,22.4
12259,Sealdah Bikaner Duronto,Duronto,DHN,Dhanbad Jn,1127,5,Mon,110,Summer,Misty,0.09,0,30.4,3.6,29.4
12953,August Kranti Rajdhani,Rajdhani,NGP,Nagpur Jn,2178,15,Mon,130,Winter,Rainy,0.07,0,51.4,4.8,49.1
22436,Varanasi Vande Bharat Express,Vande Bharat,AGC,Agra Cantt,1699,15,Tue,140,Summer,Misty,0.08,0,26.2,1.8,25.3
12810,Howrah Mumbai Mail,Mail Superfast,GWL,Gwalior Jn,1989,15,Sun,88,Winter,Misty,0.63,1,52.0,3.4,51.4
20801,Magadh Express,Superfast,PRYJ,Prayagraj Jn,630,7,Thu,85,Autumn,Sunny,0.17,0,31.7,3.1,30.4
12259,Sealdah Bikaner Duronto,Duronto,NGP,Nagpur Jn,1072,7,Fri,110,Winter,Foggy,0.86,0,56.6,1.2,50.6
12259,Sealdah Bikaner Duronto,Duronto,DHN,Dhanbad Jn,1970,2,Thu,110,Autumn,Misty,0.07,0,30.6,1.1,28.2
12259,Sealdah Bikaner Duronto,Duronto,TATA,Tatanagar Jn,1710,15,Wed,110,Monsoon,Rainy,0.04,0,68.8,3.4,62.9
12810,Howrah Mumbai Mail,Mail Superfast,KOTA,Kota Jn,1202,10,Sat,88,Summer,Sunny,0.14,1,51.1,4.3,45.6
20801,Magadh Express,Superfast,BSP,Bilaspur Jn,426,7,Mon,85,Monsoon,Foggy,0.03,0,127.2,1.7,112.6
12002,Bhopal Shatabdi Express,Shatabdi,BSP,Bilaspur Jn,803,10,Wed,120,Autumn,Sunny,0.19,0,27.8,4.8,26.9
12259,Sealdah Bikaner Duronto,Duronto,BRC,Vadodara Jn,1612,7,Tue,110,Winter,Misty,0.88,0,42.6,1.1,42.4
12301,Howrah Rajdhani Express,Rajdhani,TATA,Tatanagar Jn,2097,5,Fri,130,Monsoon,Clear,0.12,0,33.8,4.3,38.1
12953,August Kranti Rajdhani,Rajdhani,TATA,Tatanagar Jn,2083,5,Fri,130,Winter,Clear,0.18,0,38.8,1.2,36.6
20801,Magadh Express,Superfast,RTM,Ratlam Jn,960,10,Wed,85,Winter,Clear,0.17,0,26.8,2.2,28.3
22436,Varanasi Vande Bharat Express,Vande Bharat,RTM,Ratlam Jn,978,10,Sat,140,Summer,Rainy,0.12,1,43.1,2.9,46.8
12301,Howrah Rajdhani Express,Rajdhani,BPL,Bhopal Jn,1188,5,Sun,130,Monsoon,Clear,0.0,1,47.6,3.8,43.8
12951,Mumbai Rajdhani Express,Rajdhani,DHN,Dhanbad Jn,599,15,Wed,130,Summer,Foggy,0.08,0,121.5,3.2,112.8
12951,Mumbai Rajdhani Express,Rajdhani,MTJ,Mathura Jn,1526,10,Wed,130,Summer,Sunny,0.17,0,16.3,1.7,14.9
12301,Howrah Rajdhani Express,Rajdhani,GWL,Gwalior Jn,1942,15,Mon,130,Monsoon,Misty,0.1,0,40.5,2.1,45.4
12259,Sealdah Bikaner Duronto,Duronto,CNB,Kanpur Central,1828,7,Wed,110,Monsoon,Misty,0.13,0,40.7,4.2,45.1
12002,Bhopal Shatabdi Express,Shatabdi,MTJ,Mathura Jn,1853,7,Fri,120,Winter,Clear,0.16,0,23.4,1.1,27.5
12951,Mumbai Rajdhani Express,Rajdhani,ST,Surat,1050,3,Tue,130,Monsoon,Rainy,0.13,0,68.8,4.8,63.1
12259,Sealdah Bikaner Duronto,Duronto,BRC,Vadodara Jn,238,5,Tue,110,Winter,Rainy,0.07,0,56.3,3.5,53.4
12810,Howrah Mumbai Mail,Mail Superfast,MTJ,Mathura Jn,2109,5,Wed,88,Autumn,Foggy,0.12,0,163.4,3.0,156.9
12431,Trivandrum Rajdhani Express,Rajdhani,DDU,Pt Deen Dayal Upadhyaya,631,7,Wed,125,Autumn,Sunny,0.15,0,44.2,4.4,41.7
12259,Sealdah Bikaner Duronto,Duronto,MTJ,Mathura Jn,808,3,Tue,110,Winter,Misty,0.69,0,32.5,3.9,36.4
12951,Mumbai Rajdhani Express,Rajdhani,NGP,Nagpur Jn,133,3,Wed,130,Winter,Clear,0.08,0,19.6,3.1,19.7
12628,Karnataka Superfast Express,Superfast,DDU,Pt Deen Dayal Upadhyaya,776,15,Fri,85,Autumn,Rainy,0.0,0,70.2,2.6,73.5
12431,Trivandrum Rajdhani Express,Rajdhani,AGC,Agra Cantt,2081,5,Wed,125,Monsoon,Misty,0.13,0,47.2,2.5,41.7
12259,Sealdah Bikaner Duronto,Duronto,KOTA,Kota Jn,1957,10,Fri,110,Winter,Misty,0.93,0,59.0,4.6,58.1
12002,Bhopal Shatabdi Express,Shatabdi,DDU,Pt Deen Dayal Upadhyaya,1972,5,Thu,120,Winter,Foggy,0.67,0,114.7,1.8,101.7
20801,Magadh Express,Superfast,KOTA,Kota Jn,735,5,Sun,85,Winter,Rainy,0.04,1,92.3,4.0,88.1
20801,Magadh Express,Superfast,BRC,Vadodara Jn,689,5,Sat,85,Monsoon,Sunny,0.11,1,27.7,4.6,28.9
12628,Karnataka Superfast Express,Superfast,DHN,Dhanbad Jn,1361,5,Fri,85,Summer,Rainy,0.11,0,61.2,2.7,66.8
12301,Howrah Rajdhani Express,Rajdhani,MTJ,Mathura Jn,1139,15,Tue,130,Winter,Misty,0.73,0,17.6,3.4,19.5
12431,Trivandrum Rajdhani Express,Rajdhani,PRYJ,Prayagraj Jn,814,15,Sun,125,Autumn,Clear,0.04,1,12.1,1.3,12.2
12953,August Kranti Rajdhani,Rajdhani,BSP,Bilaspur Jn,1438,5,Thu,130,Winter,Sunny,0.1,0,49.8,3.3,44.3
12628,Karnataka Superfast Express,Superfast,KOTA,Kota Jn,1592,10,Tue,85,Winter,Clear,0.03,0,55.2,3.9,64.1
12951,Mumbai Rajdhani Express,Rajdhani,MTJ,Mathura Jn,2007,15,Sun,130,Autumn,Misty,0.16,1,31.0,2.4,28.9
12259,Sealdah Bikaner Duronto,Duronto,NGP,Nagpur Jn,1715,2,Fri,110,Monsoon,Sunny,0.05,0,63.0,4.2,73.1
12951,Mumbai Rajdhani Express,Rajdhani,MTJ,Mathura Jn,1413,3,Wed,130,Summer,Foggy,0.13,0,109.9,2.8,96.7
20801,Magadh Express,Superfast,BSP,Bilaspur Jn,785,7,Sun,85,Winter,Clear,0.16,1,32.8,3.7,29.5
12953,August Kranti Rajdhani,Rajdhani,RTM,Ratlam Jn,2025,3,Mon,130,Summer,Clear,0.12,0,31.6,1.8,36.0
22436,Varanasi Vande Bharat Express,Vande Bharat,KOTA,Kota Jn,573,5,Thu,140,Winter,Sunny,0.15,0,29.8,1.6,30.6
12002,Bhopal Shatabdi Express,Shatabdi,ST,Surat,1749,3,Mon,120,Winter,Clear,0.02,0,15.2,1.5,17.1
12951,Mumbai Rajdhani Express,Rajdhani,BPL,Bhopal Jn,1118,5,Tue,130,Monsoon,Misty,0.15,0,34.2,4.7,37.7
12301,Howrah Rajdhani Express,Rajdhani,AGC,Agra Cantt,1334,3,Tue,130,Winter,Sunny,0.09,0,29.7,1.6,32.9
22436,Varanasi Vande Bharat Express,Vande Bharat,MTJ,Mathura Jn,1480,2,Mon,140,Autumn,Misty,0.03,0,30.2,3.3,31.4
12951,Mumbai Rajdhani Express,Rajdhani,TATA,Tatanagar Jn,1533,10,Sun,130,Summer,Rainy,0.2,1,62.3,4.4,59.5
12628,Karnataka Superfast Express,Superfast,DDU,Pt Deen Dayal Upadhyaya,2133,2,Sat,85,Monsoon,Sunny,0.16,1,38.5,4.1,42.4
12259,Sealdah Bikaner Duronto,Duronto,CNB,Kanpur Central,633,5,Wed,110,Monsoon,Foggy,0.06,0,66.5,4.4,62.0
12002,Bhopal Shatabdi Express,Shatabdi,ST,Surat,1582,5,Tue,120,Autumn,Clear,0.08,0,34.3,2.9,33.1
12431,Trivandrum Rajdhani Express,Rajdhani,DDU,Pt Deen Dayal Upadhyaya,191,10,Sat,125,Winter,Foggy,0.77,1,55.7,1.9,53.3
22436,Varanasi Vande Bharat Express,Vande Bharat,AGC,Agra Cantt,131,5,Wed,140,Monsoon,Sunny,0.17,0,19.9,3.8,23.3
12259,Sealdah Bikaner Duronto,Duronto,BSP,Bilaspur Jn,1949,7,Thu,110,Autumn,Misty,0.18,0,64.2,2.7,61.9
12259,Sealdah Bikaner Duronto,Duronto,BPL,Bhopal Jn,806,5,Fri,110,Monsoon,Rainy,0.06,0,57.3,2.0,67.3
12951,Mumbai Rajdhani Express,Rajdhani,CNB,Kanpur Central,948,2,Mon,130,Winter,Misty,0.65,0,26.4,4.2,27.1
12628,Karnataka Superfast Express,Superfast,BRC,Vadodara Jn,468,15,Thu,85,Autumn,Rainy,0.15,0,47.3,1.6,45.0
12431,Trivandrum Rajdhani Express,Rajdhani,BRC,Vadodara Jn,349,15,Tue,125,Winter,Clear,0.19,0,13.4,1.3,13.8
22436,Varanasi Vande Bharat Express,Vande Bharat,RTM,Ratlam Jn,295,5,Mon,140,Autumn,Sunny,0.07,0,15.5,2.4,14.2
12002,Bhopal Shatabdi Express,Shatabdi,BRC,Vadodara Jn,1882,5,Sat,120,Summer,Clear,0.0,1,46.5,2.4,44.2
12431,Trivandrum Rajdhani Express,Rajdhani,GWL,Gwalior Jn,221,5,Sat,125,Autumn,Misty,0.05,1,11.0,1.5,9.9
12628,Karnataka Superfast Express,Superfast,PRYJ,Prayagraj Jn,1891,10,Thu,85,Summer,Foggy,0.18,0,77.2,2.7,88.8
12628,Karnataka Superfast Express,Superfast,TATA,Tatanagar Jn,1189,10,Tue,85,Autumn,Clear,0.01,0,31.0,2.7,36.2
22436,Varanasi Vande Bharat Express,Vande Bharat,DHN,Dhanbad Jn,2014,3,Mon,140,Winter,Foggy,0.84,0,96.1,4.7,103.5
12628,Karnataka Superfast Express,Superfast,CNB,Kanpur Central,1204,2,Sun,85,Winter,Misty,0.9,1,43.3,2.3,48.0
12810,Howrah Mumbai Mail,Mail Superfast,PRYJ,Prayagraj Jn,2135,10,Fri,88,Winter,Misty,0.72,0,52.4,4.1,52.5
12628,Karnataka Superfast Express,Superfast,NGP,Nagpur Jn,592,10,Mon,85,Summer,Foggy,0.12,0,67.0,2.5,76.2
12628,Karnataka Superfast Express,Superfast,BPL,Bhopal Jn,1190,5,Wed,85,Winter,Foggy,0.79,0,66.8,1.9,73.8
12953,August Kranti Rajdhani,Rajdhani,NGP,Nagpur Jn,566,15,Fri,130,Monsoon,Misty,0.11,0,24.9,4.2,22.3
12002,Bhopal Shatabdi Express,Shatabdi,ST,Surat,802,3,Tue,120,Autumn,Clear,0.1,0,9.0,1.4,10.0
12951,Mumbai Rajdhani Express,Rajdhani,NGP,Nagpur Jn,442,5,Sun,130,Monsoon,Clear,0.17,1,17.4,2.5,17.4
20801,Magadh Express,Superfast,BPL,Bhopal Jn,191,5,Tue,85,Winter,Clear,0.2,0,42.1,4.7,38.5
22436,Varanasi Vande Bharat Express,Vande Bharat,CNB,Kanpur Central,758,3,Thu,140,Monsoon,Rainy,0.11,0,26.9,2.8,26.3
12431,Trivandrum Rajdhani Express,Rajdhani,CNB,Kanpur Central,352,2,Wed,125,Autumn,Clear,0.11,0,9.3,2.0,9.4
12431,Trivandrum Rajdhani Express,Rajdhani,NGP,Nagpur Jn,448,5,Mon,125,Summer,Sunny,0.08,0,13.8,3.4,15.4
12431,Trivandrum Rajdhani Express,Rajdhani,NGP,Nagpur Jn,1834,5,Sun,125,Monsoon,Sunny,0.12,1,34.9,2.9,34.1
12431,Trivandrum Rajdhani Express,Rajdhani,NGP,Nagpur Jn,1552,5,Sat,125,Winter,Rainy,0.01,1,54.8,3.9,57.3
12951,Mumbai Rajdhani Express,Rajdhani,BPL,Bhopal Jn,1018,7,Fri,130,Summer,Sunny,0.1,0,22.8,3.9,21.0
12431,Trivandrum Rajdhani Express,Rajdhani,PRYJ,Prayagraj Jn,285,10,Sun,125,Autumn,Sunny,0.06,1,14.1,3.8,15.3
12810,Howrah Mumbai Mail,Mail Superfast,BSP,Bilaspur Jn,2195,5,Fri,88,Autumn,Clear,0.05,0,37.8,1.6,42.2
12259,Sealdah Bikaner Duronto,Duronto,BRC,Vadodara Jn,1556,5,Thu,110,Summer,Sunny,0.2,0,45.8,4.3,45.8
20801,Magadh Express,Superfast,DHN,Dhanbad Jn,2155,5,Sun,85,Summer,Rainy,0.11,1,75.7,3.5,81.6
12431,Trivandrum Rajdhani Express,Rajdhani,KOTA,Kota Jn,1840,2,Sun,125,Autumn,Misty,0.12,1,29.2,3.5,26.6
20801,Magadh Express,Superfast,BSP,Bilaspur Jn,768,5,Sun,85,Summer,Rainy,0.13,1,50.4,3.9,47.3
12951,Mumbai Rajdhani Express,Rajdhani,AGC,Agra Cantt,1415,3,Tue,130,Summer,Clear,0.18,0,26.9,2.6,28.1
12810,Howrah Mumbai Mail,Mail Superfast,DHN,Dhanbad Jn,498,10,Wed,88,Autumn,Sunny,0.05,0,5.3,2.3,5.8
12810,Howrah Mumbai Mail,Mail Superfast,MTJ,Mathura Jn,2025,15,Mon,88,Autumn,Foggy,0.17,0,92.4,4.6,89.9
20801,Magadh Express,Superfast,DHN,Dhanbad Jn,111,10,Fri,85,Winter,Misty,0.82,0,32.3,2.8,36.8
22436,Varanasi Vande Bharat Express,Vande Bharat,BPL,Bhopal Jn,528,5,Wed,140,Autumn,Misty,0.17,0,36.3,4.4,32.0
12953,August Kranti Rajdhani,Rajdhani,GWL,Gwalior Jn,1903,5,Fri,130,Summer,Misty,0.08,0,31.4,4.7,33.3
22436,Varanasi Vande Bharat Express,Vande Bharat,AGC,Agra Cantt,301,3,Wed,140,Monsoon,Rainy,0.16,0,38.6,1.5,35.6
12259,Sealdah Bikaner Duronto,Duronto,RTM,Ratlam Jn,388,15,Sat,110,Autumn,Clear,0.07,1,43.9,1.3,50.5
20801,Magadh Express,Superfast,CNB,Kanpur Central,1118,10,Sun,85,Autumn,Sunny,0.08,1,60.1,4.9,63.4
20801,Magadh Express,Superfast,ST,Surat,1333,5,Thu,85,Autumn,Clear,0.01,0,61.9,2.2,66.9
12951,Mumbai Rajdhani Express,Rajdhani,MTJ,Mathura Jn,1881,10,Thu,130,Autumn,Rainy,0.16,0,56.5,3.0,52.0
12810,Howrah Mumbai Mail,Mail Superfast,AGC,Agra Cantt,1492,2,Thu,88,Monsoon,Foggy,0.15,0,96.8,3.3,102.4
12628,Karnataka Superfast Express,Superfast,RTM,Ratlam Jn,1613,5,Sun,85,Winter,Foggy,0.65,1,141.3,4.2,144.8
12810,Howrah Mumbai Mail,Mail Superfast,ST,Surat,1521,5,Mon,88,Autumn,Rainy,0.12,0,58.3,4.7,59.6
12002,Bhopal Shatabdi Express,Shatabdi,BRC,Vadodara Jn,1951,10,Tue,120,Summer,Rainy,0.04,0,60.8,4.9,64.3
22436,Varanasi Vande Bharat Express,Vande Bharat,GWL,Gwalior Jn,509,3,Mon,140,Winter,Clear,0.04,0,23.6,2.5,23.6
12810,Howrah Mumbai Mail,Mail Superfast,CNB,Kanpur Central,161,3,Sun,88,Autumn,Clear,0.0,1,34.0,2.9,29.6
12002,Bhopal Shatabdi Express,Shatabdi,RTM,Ratlam Jn,1567,15,Sun,120,Winter,Sunny,0.12,1,57.7,4.7,51.1
12810,Howrah Mumbai Mail,Mail Superfast,BPL,Bhopal Jn,1840,3,Tue,88,Autumn,Rainy,0.17,0,47.5,1.6,44.4
12431,Trivandrum Rajdhani Express,Rajdhani,AGC,Agra Cantt,1680,2,Tue,125,Autumn,Rainy,0.14,0,53.3,2.8,59.2
12810,Howrah Mumbai Mail,Mail Superfast,CNB,Kanpur Central,1052,7,Tue,88,Monsoon,Sunny,0.02,0,37.9,4.5,43.9
12301,Howrah Rajdhani Express,Rajdhani,MTJ,Mathura Jn,1486,5,Wed,130,Monsoon,Rainy,0.13,0,33.2,4.5,37.2
12628,Karnataka Superfast Express,Superfast,KOTA,Kota Jn,2112,3,Sat,85,Autumn,Rainy,0.15,1,91.9,2.8,88.1
12002,Bhopal Shatabdi Express,Shatabdi,BPL,Bhopal Jn,1654,5,Tue,120,Winter,Sunny,0.17,0,50.9,4.3,53.2
12951,Mumbai Rajdhani Express,Rajdhani,NGP,Nagpur Jn,1685,5,Fri,130,Winter,Clear,0.12,0,30.4,4.3,31.5
12628,Karnataka Superfast Express,Superfast,AGC,Agra Cantt,1039,7,Sat,85,Summer,Rainy,0.12,1,77.8,4.4,70.3
22436,Varanasi Vande Bharat Express,Vande Bharat,CNB,Kanpur Central,1273,3,Mon,140,Autumn,Foggy,0.09,0,68.3,4.4,60.1
12810,Howrah Mumbai Mail,Mail Superfast,MTJ,Mathura Jn,1581,3,Thu,88,Winter,Misty,0.68,0,65.0,2.9,66.0
12953,August Kranti Rajdhani,Rajdhani,BRC,Vadodara Jn,605,5,Mon,130,Monsoon,Sunny,0.13,0,25.8,3.1,25.5
12301,Howrah Rajdhani Express,Rajdhani,DHN,Dhanbad Jn,734,2,Fri,130,Autumn,Misty,0.11,0,27.8,2.2,28.0
12002,Bhopal Shatabdi Express,Shatabdi,TATA,Tatanagar Jn,663,5,Thu,120,Winter,Rainy,0.17,0,29.4,2.5,27.4
12301,Howrah Rajdhani Express,Rajdhani,DDU,Pt Deen Dayal Upadhyaya,934,5,Wed,130,Summer,Rainy,0.03,0,29.1,3.4,28.5
22436,Varanasi Vande Bharat Express,Vande Bharat,KOTA,Kota Jn,743,5,Mon,140,Autumn,Clear,0.08,0,25.9,4.9,25.3
12628,Karnataka Superfast Express,Superfast,KOTA,Kota Jn,161,5,Tue,85,Winter,Clear,0.16,0,41.3,1.9,48.3
12953,August Kranti Rajdhani,Rajdhani,GWL,Gwalior Jn,222,15,Thu,130,Autumn,Foggy,0.02,0,74.5,3.9,77.2
22436,Varanasi Vande Bharat Express,Vande Bharat,MTJ,Mathura Jn,1407,5,Mon,140,Summer,Misty,0.06,0,21.1,3.6,21.0
12951,Mumbai Rajdhani Express,Rajdhani,DHN,Dhanbad Jn,666,5,Thu,130,Monsoon,Foggy,0.16,0,92.0,2.3,104.6
12951,Mumbai Rajdhani Express,Rajdhani,RTM,Ratlam Jn,1755,5,Sat,130,Winter,Foggy,0.93,1,73.6,1.0,77.6
20801,Magadh Express,Superfast,GWL,Gwalior Jn,288,10,Thu,85,Winter,Rainy,0.0,0,78.7,2.7,70.2
12301,Howrah Rajdhani Express,Rajdhani,BSP,Bilaspur Jn,1020,5,Wed,130,Monsoon,Clear,0.14,0,19.6,1.0,20.7
12301,Howrah Rajdhani Express,Rajdhani,PRYJ,Prayagraj Jn,161,7,Sun,130,Monsoon,Misty,0.09,1,19.0,4.1,20.2
12002,Bhopal Shatabdi Express,Shatabdi,GWL,Gwalior Jn,1980,2,Fri,120,Autumn,Sunny,0.08,0,41.3,3.1,40.6
12953,August Kranti Rajdhani,Rajdhani,BSP,Bilaspur Jn,2087,3,Sat,130,Winter,Foggy,0.81,1,83.1,2.5,95.2
12431,Trivandrum Rajdhani Express,Rajdhani,BSP,Bilaspur Jn,191,3,Thu,125,Winter,Misty,0.69,0,28.1,1.5,26.0
12259,Sealdah Bikaner Duronto,Duronto,BPL,Bhopal Jn,422,2,Sun,110,Summer,Foggy,0.0,1,146.2,4.0,134.7
12259,Sealdah Bikaner Duronto,Duronto,AGC,Agra Cantt,1971,5,Fri,110,Monsoon,Clear,0.09,0,49.2,3.8,55.2
12810,Howrah Mumbai Mail,Mail Superfast,GWL,Gwalior Jn,692,5,Fri,88,Summer,Clear,0.02,0,38.4,1.4,41.3
12002,Bhopal Shatabdi Express,Shatabdi,KOTA,Kota Jn,404,15,Fri,120,Autumn,Rainy,0.1,0,58.5,1.2,52.5
12259,Sealdah Bikaner Duronto,Duronto,MTJ,Mathura Jn,1302,7,Tue,110,Winter,Misty,0.74,0,48.5,2.9,54.6
20801,Magadh Express,Superfast,KOTA,Kota Jn,173,2,Tue,85,Monsoon,Foggy,0.17,0,135.6,1.3,121.1
12301,Howrah Rajdhani Express,Rajdhani,MTJ,Mathura Jn,657,5,Mon,130,Autumn,Sunny,0.04,0,29.8,4.4,29.3
12259,Sealdah Bikaner Duronto,Duronto,BSP,Bilaspur Jn,2088,5,Sat,110,Monsoon,Clear,0.01,1,40.4,1.6,41.0
22436,Varanasi Vande Bharat Express,Vande Bharat,KOTA,Kota Jn,1628,2,Thu,140,Winter,Foggy,0.98,0,67.7,2.9,59.7
22436,Varanasi Vande Bharat Express,Vande Bharat,BRC,Vadodara Jn,1999,3,Fri,140,Monsoon,Clear,0.12,0,32.9,4.9,34.8
12301,Howrah Rajdhani Express,Rajdhani,BRC,Vadodara Jn,1904,2,Sat,130,Winter,Rainy,0.05,1,33.5,4.3,32.6
12951,Mumbai Rajdhani Express,Rajdhani,ST,Surat,1379,7,Thu,130,Monsoon,Clear,0.18,0,31.6,3.8,30.3
20801,Magadh Express,Superfast,CNB,Kanpur Central,973,10,Thu,85,Autumn,Misty,0.11,0,38.7,2.4,43.8
22436,Varanasi Vande Bharat Express,Vande Bharat,PRYJ,Prayagraj Jn,1373,3,Sun,140,Summer,Foggy,0.04,1,90.0,1.9,104.6
12259,Sealdah Bikaner Duronto,Duronto,ST,Surat,1751,5,Tue,110,Monsoon,Misty,0.13,0,42.2,3.7,37.9
12259,Sealdah Bikaner Duronto,Duronto,BPL,Bhopal Jn,720,10,Wed,110,Summer,Rainy,0.17,0,51.4,3.1,50.7
12951,Mumbai Rajdhani Express,Rajdhani,DDU,Pt Deen Dayal Upadhyaya,997,5,Thu,130,Autumn,Sunny,0.12,0,34.8,4.6,30.5
12259,Sealdah Bikaner Duronto,Duronto,DHN,Dhanbad Jn,664,2,Tue,110,Autumn,Rainy,0.08,0,52.7,2.3,46.7
12951,Mumbai Rajdhani Express,Rajdhani,GWL,Gwalior Jn,427,7,Wed,130,Autumn,Misty,0.07,0,11.7,4.8,13.7
12951,Mumbai Rajdhani Express,Rajdhani,CNB,Kanpur Central,1367,2,Wed,130,Monsoon,Clear,0.01,0,32.5,3.7,29.1
22436,Varanasi Vande Bharat Express,Vande Bharat,BRC,Vadodara Jn,488,2,Mon,140,Autumn,Misty,0.19,0,13.6,1.6,14.1
12002,Bhopal Shatabdi Express,Shatabdi,KOTA,Kota Jn,1619,5,Sat,120,Winter,Foggy,0.89,1,79.5,2.3,70.2
12002,Bhopal Shatabdi Express,Shatabdi,ST,Surat,1385,7,Mon,120,Summer,Sunny,0.09,0,36.3,4.5,33.2
12951,Mumbai Rajdhani Express,Rajdhani,BRC,Vadodara Jn,849,7,Wed,130,Winter,Rainy,0.04,0,58.2,4.9,62.7
20801,Magadh Express,Superfast,AGC,Agra Cantt,2116,3,Mon,85,Autumn,Rainy,0.01,0,94.7,4.1,83.9
20801,Magadh Express,Superfast,NGP,Nagpur Jn,369,2,Wed,85,Winter,Sunny,0.13,0,32.9,1.0,28.9
20801,Magadh Express,Superfast,RTM,Ratlam Jn,585,2,Wed,85,Winter,Sunny,0.14,0,22.6,2.1,26.2
20801,Magadh Express,Superfast,DDU,Pt Deen Dayal Upadhyaya,1328,3,Sun,85,Monsoon,Clear,0.01,1,69.3,4.8,72.9
20801,Magadh Express,Superfast,PRYJ,Prayagraj Jn,1097,7,Tue,85,Monsoon,Rainy,0.15,0,48.7,3.7,50.1
12431,Trivandrum Rajdhani Express,Rajdhani,PRYJ,Prayagraj Jn,1855,2,Fri,125,Winter,Clear,0.08,0,25.7,1.3,26.2
12810,Howrah Mumbai Mail,Mail Superfast,ST,Surat,613,5,Sun,88,Summer,Foggy,0.1,1,69.4,3.6,72.1
12628,Karnataka Superfast Express,Superfast,ST,Surat,743,7,Mon,85,Autumn,Foggy,0.09,0,92.8,2.3,84.5
22436,Varanasi Vande Bharat Express,Vande Bharat,BPL,Bhopal Jn,1702,5,Tue,140,Autumn,Rainy,0.05,0,34.0,2.1,32.4
20801,Magadh Express,Superfast,DDU,Pt Deen Dayal Upadhyaya,1360,7,Sun,85,Summer,Sunny,0.16,1,32.0,4.4,29.9
12951,Mumbai Rajdhani Express,Rajdhani,PRYJ,Prayagraj Jn,123,10,Mon,130,Autumn,Clear,0.07,0,19.8,3.0,22.6
12301,Howrah Rajdhani Express,Rajdhani,BPL,Bhopal Jn,1253,7,Tue,130,Summer,Misty,0.19,0,50.5,4.8,51.2
20801,Magadh Express,Superfast,CNB,Kanpur Central,862,3,Sun,85,Autumn,Rainy,0.17,1,64.8,1.7,70.5
12628,Karnataka Superfast Express,Superfast,GWL,Gwalior Jn,679,15,Sat,85,Summer,Clear,0.18,1,39.8,2.5,45.6
12431,Trivandrum Rajdhani Express,Rajdhani,BPL,Bhopal Jn,569,3,Mon,125,Summer,Clear,0.18,0,28.5,4.2,33.4
12628,Karnataka Superfast Express,Superfast,GWL,Gwalior Jn,800,3,Sat,85,Summer,Clear,0.13,1,71.8,2.4,66.1
12953,August Kranti Rajdhani,Rajdhani,PRYJ,Prayagraj Jn,1876,3,Thu,130,Winter,Rainy,0.11,0,40.1,4.1,45.9
20801,Magadh Express,Superfast,BSP,Bilaspur Jn,485,10,Wed,85,Autumn,Foggy,0.03,0,58.4,3.2,50.9
12259,Sealdah Bikaner Duronto,Duronto,BSP,Bilaspur Jn,984,3,Tue,110,Autumn,Misty,0.15,0,46.9,3.2,45.8
12002,Bhopal Shatabdi Express,Shatabdi,DHN,Dhanbad Jn,1373,2,Fri,120,Monsoon,Rainy,0.19,0,55.1,3.6,51.7
12431,Trivandrum Rajdhani Express,Rajdhani,KOTA,Kota Jn,1306,5,Mon,125,Winter,Sunny,0.11,0,32.7,3.5,36.5
12810,Howrah Mumbai Mail,Mail Superfast,BRC,Vadodara Jn,965,5,Wed,88,Monsoon,Foggy,0.2,0,125.9,4.7,144.7
12259,Sealdah Bikaner Duronto,Duronto,PRYJ,Prayagraj Jn,153,5,Fri,110,Summer,Clear,0.13,0,33.7,1.1,31.8
12628,Karnataka Superfast Express,Superfast,TATA,Tatanagar Jn,620,3,Tue,85,Summer,Foggy,0.1,0,79.1,2.0,73.0
12002,Bhopal Shatabdi Express,Shatabdi,CNB,Kanpur Central,1767,5,Mon,120,Autumn,Rainy,0.18,0,65.7,2.6,63.9
12431,Trivandrum Rajdhani Express,Rajdhani,BPL,Bhopal Jn,493,5,Thu,125,Monsoon,Foggy,0.18,0,31.6,1.5,35.2
20801,Magadh Express,Superfast,BRC,Vadodara Jn,267,5,Thu,85,Winter,Foggy,0.72,0,86.5,3.3,93.6
12953,August Kranti Rajdhani,Rajdhani,TATA,Tatanagar Jn,764,5,Wed,130,Winter,Misty,0.75,0,26.6,3.3,29.2
22436,Varanasi Vande Bharat Express,Vande Bharat,GWL,Gwalior Jn,1762,7,Thu,140,Winter,Misty,0.62,0,46.0,4.9,40.5
12951,Mumbai Rajdhani Express,Rajdhani,GWL,Gwalior Jn,2197,10,Tue,130,Autumn,Sunny,0.02,0,26.3,2.4,25.7
12810,Howrah Mumbai Mail,Mail Superfast,MTJ,Mathura Jn,1703,5,Sat,88,Winter,Foggy,0.99,1,76.6,3.7,89.9
20801,Magadh Express,Superfast,GWL,Gwalior Jn,791,10,Tue,85,Autumn,Sunny,0.03,0,51.3,1.5,58.0
12810,Howrah Mumbai Mail,Mail Superfast,KOTA,Kota Jn,1507,7,Wed,88,Summer,Foggy,0.13,0,117.1,2.1,103.0
12953,August Kranti Rajdhani,Rajdhani,DDU,Pt Deen Dayal Upadhyaya,704,5,Thu,130,Winter,Misty,0.97,0,27.6,3.9,26.0
20801,Magadh Express,Superfast,PRYJ,Prayagraj Jn,1487,5,Sat,85,Autumn,Rainy,0.04,1,101.7,4.5,89.4
12259,Sealdah Bikaner Duronto,Duronto,NGP,Nagpur Jn,1105,5,Mon,110,Monsoon,Misty,0.05,0,64.7,4.8,75.2
12628,Karnataka Superfast Express,Superfast,BRC,Vadodara Jn,214,7,Mon,85,Monsoon,Misty,0.1,0,40.0,4.9,41.4
20801,Magadh Express,Superfast,NGP,Nagpur Jn,1744,5,Wed,85,Autumn,Rainy,0.16,0,86.3,3.9,90.8
12628,Karnataka Superfast Express,Superfast,AGC,Agra Cantt,1209,10,Tue,85,Autumn,Rainy,0.11,0,68.5,2.5,70.0
12810,Howrah Mumbai Mail,Mail Superfast,KOTA,Kota Jn,190,2,Mon,88,Summer,Rainy,0.06,0,102.6,3.3,91.2
12810,Howrah Mumbai Mail,Mail Superfast,CNB,Kanpur Central,684,7,Mon,88,Monsoon,Sunny,0.15,0,35.3,4.1,35.9
22436,Varanasi Vande Bharat Express,Vande Bharat,TATA,Tatanagar Jn,1231,5,Tue,140,Winter,Foggy,0.95,0,77.7,2.0,87.7
12002,Bhopal Shatabdi Express,Shatabdi,GWL,Gwalior Jn,1184,5,Mon,120,Monsoon,Clear,0.2,0,40.5,2.0,43.1
12259,Sealdah Bikaner Duronto,Duronto,BSP,Bilaspur Jn,1790,5,Wed,110,Summer,Clear,0.09,0,40.7,3.6,46.2
12951,Mumbai Rajdhani Express,Rajdhani,ST,Surat,1559,5,Fri,130,Winter,Foggy,0.98,0,71.3,1.6,63.1
12810,Howrah Mumbai Mail,Mail Superfast,AGC,Agra Cantt,1244,5,Tue,88,Summer,Rainy,0.16,0,79.6,2.7,85.8
12431,Trivandrum Rajdhani Express,Rajdhani,ST,Surat,770,2,Mon,125,Autumn,Sunny,0.13,0,18.2,3.8,20.3
12431,Trivandrum Rajdhani Express,Rajdhani,BPL,Bhopal Jn,1426,10,Thu,125,Summer,Misty,0.09,0,29.2,1.8,33.0
12951,Mumbai Rajdhani Express,Rajdhani,NGP,Nagpur Jn,1899,3,Sun,130,Winter,Rainy,0.16,1,28.0,1.1,32.5
12002,Bhopal Shatabdi Express,Shatabdi,BPL,Bhopal Jn,863,7,Sun,120,Summer,Sunny,0.01,1,27.7,2.9,30.5
12301,Howrah Rajdhani Express,Rajdhani,ST,Surat,605,5,Fri,130,Monsoon,Sunny,0.19,0,29.0,4.1,25.3
12951,Mumbai Rajdhani Express,Rajdhani,RTM,Ratlam Jn,1537,5,Mon,130,Summer,Foggy,0.12,0,94.9,3.1,110.6
12002,Bhopal Shatabdi Express,Shatabdi,PRYJ,Prayagraj Jn,1629,7,Sat,120,Autumn,Sunny,0.07,1,34.4,4.3,38.5
12002,Bhopal Shatabdi Express,Shatabdi,NGP,Nagpur Jn,878,5,Sat,120,Autumn,Sunny,0.14,1,6.3,1.0,6.3
12628,Karnataka Superfast Express,Superfast,DHN,Dhanbad Jn,1848,3,Wed,85,Summer,Sunny,0.05,0,57.6,3.0,66.6
12431,Trivandrum Rajdhani Express,Rajdhani,ST,Surat,594,5,Fri,125,Summer,Foggy,0.12,0,39.3,4.3,46.0
22436,Varanasi Vande Bharat Express,Vande Bharat,KOTA,Kota Jn,1010,5,Thu,140,Winter,Rainy,0.13,0,57.7,3.8,51.2
12810,Howrah Mumbai Mail,Mail Superfast,CNB,Kanpur Central,1428,15,Sun,88,Monsoon,Foggy,0.1,1,71.0,4.0,62.2
12628,Karnataka Superfast Express,Superfast,DDU,Pt Deen Dayal Upadhyaya,2182,2,Tue,85,Summer,Sunny,0.18,0,56.8,3.5,59.5
20801,Magadh Express,Superfast,KOTA,Kota Jn,1548,10,Sat,85,Summer,Sunny,0.15,1,54.4,1.2,48.7
12259,Sealdah Bikaner Duronto,Duronto,RTM,Ratlam Jn,2061,5,Wed,110,Winter,Foggy,0.7,0,107.6,1.3,107.9
22436,Varanasi Vande Bharat Express,Vande Bharat,TATA,Tatanagar Jn,1038,5,Tue,140,Winter,Foggy,0.87,0,68.0,4.1,79.6
22436,Varanasi Vande Bharat Express,Vande Bharat,RTM,Ratlam Jn,334,5,Sun,140,Autumn,Sunny,0.08,1,19.9,3.7,20.7
22436,Varanasi Vande Bharat Express,Vande Bharat,AGC,Agra Cantt,1404,5,Sat,140,Monsoon,Foggy,0.01,1,114.0,3.3,108.8
12259,Sealdah Bikaner Duronto,Duronto,BRC,Vadodara Jn,1501,7,Thu,110,Monsoon,Clear,0.02,0,31.5,2.7,29.5
20801,Magadh Express,Superfast,RTM,Ratlam Jn,1565,5,Fri,85,Monsoon,Foggy,0.11,0,110.9,1.2,129.6
12002,Bhopal Shatabdi Express,Shatabdi,GWL,Gwalior Jn,2132,3,Tue,120,Winter,Clear,0.12,0,33.1,1.5,36.3
12628,Karnataka Superfast Express,Superfast,DHN,Dhanbad Jn,1959,10,Sat,85,Autumn,Misty,0.08,1,64.1,1.1,64.6
22436,Varanasi Vande Bharat Express,Vande Bharat,KOTA,Kota Jn,859,5,Thu,140,Autumn,Foggy,0.05,0,90.0,2.8,88.0
12953,August Kranti Rajdhani,Rajdhani,CNB,Kanpur Central,1071,5,Fri,130,Autumn,Misty,0.08,0,41.4,4.8,37.0
12810,Howrah Mumbai Mail,Mail Superfast,RTM,Ratlam Jn,871,2,Mon,88,Winter,Foggy,0.73,0,113.8,4.8,128.2
12951,Mumbai Rajdhani Express,Rajdhani,KOTA,Kota Jn,1529,15,Mon,130,Winter,Rainy,0.17,0,45.6,4.2,43.8
12810,Howrah Mumbai Mail,Mail Superfast,BPL,Bhopal Jn,2001,10,Mon,88,Winter,Clear,0.03,0,48.0,2.2,51.1
12431,Trivandrum Rajdhani Express,Rajdhani,PRYJ,Prayagraj Jn,924,10,Thu,125,Monsoon,Clear,0.08,0,26.3,4.6,22.9
12810,Howrah Mumbai Mail,Mail Superfast,TATA,Tatanagar Jn,1545,7,Wed,88,Winter,Clear,0.08,0,67.4,3.8,59.0
20801,Magadh Express,Superfast,GWL,Gwalior Jn,550,7,Fri,85,Summer,Foggy,0.09,0,73.3,1.5,80.4
12259,Sealdah Bikaner Duronto,Duronto,PRYJ,Prayagraj Jn,551,5,Thu,110,Winter,Sunny,0.07,0,33.0,3.1,35.9
22436,Varanasi Vande Bharat Express,Vande Bharat,TATA,Tatanagar Jn,1473,10,Wed,140,Monsoon,Misty,0.12,0,17.6,2.4,16.8
12628,Karnataka Superfast Express,Superfast,MTJ,Mathura Jn,1359,5,Wed,85,Monsoon,Rainy,0.15,0,86.2,4.1,83.6
12628,Karnataka Superfast Express,Superfast,DHN,Dhanbad Jn,1946,5,Fri,85,Summer,Rainy,0.06,0,88.6,1.9,95.4
12953,August Kranti Rajdhani,Rajdhani,DHN,Dhanbad Jn,1444,10,Sat,130,Summer,Sunny,0.04,1,27.5,1.5,26.9
12953,August Kranti Rajdhani,Rajdhani,NGP,Nagpur Jn,524,2,Sun,130,Monsoon,Clear,0.05,1,28.4,5.0,28.9
12951,Mumbai Rajdhani Express,Rajdhani,DDU,Pt Deen Dayal Upadhyaya,2061,7,Tue,130,Winter,Foggy,0.9,0,77.0,2.2,79.1
12259,Sealdah Bikaner Duronto,Duronto,BPL,Bhopal Jn,141,2,Sun,110,Summer,Sunny,0.01,1,50.5,2.2,45.7
12301,Howrah Rajdhani Express,Rajdhani,BSP,Bilaspur Jn,323,2,Mon,130,Summer,Misty,0.04,0,15.2,1.6,17.2
12431,Trivandrum Rajdhani Express,Rajdhani,AGC,Agra Cantt,1704,5,Sun,125,Autumn,Rainy,0.11,1,52.4,2.3,52.9
12951,Mumbai Rajdhani Express,Rajdhani,CNB,Kanpur Central,381,5,Thu,130,Winter,Misty,0.84,0,27.2,3.8,28.1
12628,Karnataka Superfast Express,Superfast,BRC,Vadodara Jn,296,5,Mon,85,Summer,Misty,0.11,0,34.1,2.2,31.0
12002,Bhopal Shatabdi Express,Shatabdi,BSP,Bilaspur Jn,898,5,Sat,120,Summer,Clear,0.17,1,12.5,2.8,14.6
12628,Karnataka Superfast Express,Superfast,NGP,Nagpur Jn,1723,2,Thu,85,Autumn,Misty,0.15,0,67.8,1.1,59.1
12259,Sealdah Bikaner Duronto,Duronto,DDU,Pt Deen Dayal Upadhyaya,1662,2,Sat,110,Summer,Misty,0.17,1,63.4,1.6,63.6
12810,Howrah Mumbai Mail,Mail Superfast,BRC,Vadodara Jn,1337,5,Thu,88,Monsoon,Sunny,0.2,0,35.1,4.4,38.2
12259,Sealdah Bikaner Duronto,Duronto,ST,Surat,1248,10,Tue,110,Summer,Misty,0.12,0,33.8,2.6,31.4
12002,Bhopal Shatabdi Express,Shatabdi,RTM,Ratlam Jn,1057,2,Tue,120,Summer,Misty,0.2,0,8.0,1.5,8.2
22436,Varanasi Vande Bharat Express,Vande Bharat,RTM,Ratlam Jn,908,5,Tue,140,Winter,Sunny,0.0,0,22.0,2.6,19.6
12431,Trivandrum Rajdhani Express,Rajdhani,AGC,Agra Cantt,681,15,Sun,125,Winter,Foggy,0.94,1,89.2,3.4,96.5
12951,Mumbai Rajdhani Express,Rajdhani,KOTA,Kota Jn,808,5,Wed,130,Monsoon,Sunny,0.01,0,25.9,3.9,28.1
12628,Karnataka Superfast Express,Superfast,MTJ,Mathura Jn,1312,15,Sat,85,Summer,Clear,0.03,1,67.5,1.3,65.9
12951,Mumbai Rajdhani Express,Rajdhani,BRC,Vadodara Jn,642,5,Thu,130,Summer,Sunny,0.13,0,3.4,1.2,3.5
12810,Howrah Mumbai Mail,Mail Superfast,NGP,Nagpur Jn,2050,15,Fri,88,Autumn,Clear,0.17,0,39.2,2.3,44.5
20801,Magadh Express,Superfast,BSP,Bilaspur Jn,1573,5,Sun,85,Summer,Rainy,0.01,1,71.0,3.1,74.6
22436,Varanasi Vande Bharat Express,Vande Bharat,KOTA,Kota Jn,1505,10,Tue,140,Monsoon,Misty,0.01,0,18.9,2.6,17.8
12953,August Kranti Rajdhani,Rajdhani,DDU,Pt Deen Dayal Upadhyaya,868,15,Sat,130,Summer,Sunny,0.1,1,29.2,3.3,33.4
12951,Mumbai Rajdhani Express,Rajdhani,BRC,Vadodara Jn,1519,10,Fri,130,Autumn,Misty,0.01,0,30.5,4.2,35.3
22436,Varanasi Vande Bharat Express,Vande Bharat,BPL,Bhopal Jn,247,5,Sun,140,Winter,Foggy,0.72,1,71.3,3.4,74.5
20801,Magadh Express,Superfast,AGC,Agra Cantt,818,5,Sat,85,Winter,Foggy,0.64,1,124.6,4.6,134.7
12953,August Kranti Rajdhani,Rajdhani,BPL,Bhopal Jn,1284,5,Tue,130,Summer,Clear,0.07,0,19.4,1.6,17.7
20801,Magadh Express,Superfast,BSP,Bilaspur Jn,106,5,Sat,85,Autumn,Sunny,0.18,1,25.8,1.8,27.4
12951,Mumbai Rajdhani Express,Rajdhani,MTJ,Mathura Jn,1454,2,Fri,130,Autumn,Misty,0.12,0,26.2,2.1,25.3
12301,Howrah Rajdhani Express,Rajdhani,DHN,Dhanbad Jn,1382,5,Fri,130,Monsoon,Clear,0.12,0,39.7,4.2,42.8
12002,Bhopal Shatabdi Express,Shatabdi,GWL,Gwalior Jn,1396,10,Thu,120,Summer,Sunny,0.19,0,31.3,1.9,28.8
12002,Bhopal Shatabdi Express,Shatabdi,BSP,Bilaspur Jn,1735,7,Wed,120,Summer,Clear,0.08,0,26.9,3.2,26.1
12951,Mumbai Rajdhani Express,Rajdhani,NGP,Nagpur Jn,579,3,Wed,130,Summer,Sunny,0.12,0,26.9,2.3,31.2
20801,Magadh Express,Superfast,AGC,Agra Cantt,1997,5,Wed,85,Autumn,Sunny,0.09,0,39.2,3.6,37.8
12810,Howrah Mumbai Mail,Mail Superfast,NGP,Nagpur Jn,411,7,Sun,88,Summer,Clear,0.09,1,52.4,3.7,55.0
12628,Karnataka Superfast Express,Superfast,RTM,Ratlam Jn,265,2,Sat,85,Winter,Sunny,0.13,1,41.3,2.1,37.4
12002,Bhopal Shatabdi Express,Shatabdi,BRC,Vadodara Jn,486,5,Sun,120,Winter,Sunny,0.17,1,26.4,4.1,23.7
12259,Sealdah Bikaner Duronto,Duronto,CNB,Kanpur Central,2145,10,Tue,110,Autumn,Misty,0.08,0,41.8,2.2,38.7
22436,Varanasi Vande Bharat Express,Vande Bharat,CNB,Kanpur Central,1695,5,Wed,140,Monsoon,Misty,0.11,0,36.0,5.0,41.7
12301,Howrah Rajdhani Express,Rajdhani,KOTA,Kota Jn,2067,5,Fri,130,Autumn,Foggy,0.13,0,120.6,4.3,106.0
12301,Howrah Rajdhani Express,Rajdhani,MTJ,Mathura Jn,586,10,Sun,130,Autumn,Rainy,0.16,1,53.4,3.9,47.3
12002,Bhopal Shatabdi Express,Shatabdi,KOTA,Kota Jn,361,2,Mon,120,Summer,Sunny,0.0,0,24.4,2.1,24.2
22436,Varanasi Vande Bharat Express,Vande Bharat,MTJ,Mathura Jn,558,3,Sat,140,Autumn,Misty,0.18,1,26.0,2.9,25.3
20801,Magadh Express,Superfast,PRYJ,Prayagraj Jn,915,3,Wed,85,Winter,Sunny,0.1,0,32.1,3.9,35.1
12301,Howrah Rajdhani Express,Rajdhani,GWL,Gwalior Jn,355,2,Thu,130,Winter,Sunny,0.14,0,17.3,2.4,17.1
12628,Karnataka Superfast Express,Superfast,TATA,Tatanagar Jn,1437,5,Mon,85,Winter,Rainy,0.13,0,93.3,2.1,91.9
12951,Mumbai Rajdhani Express,Rajdhani,BSP,Bilaspur Jn,800,2,Wed,130,Summer,Foggy,0.17,0,87.1,1.2,88.8
12628,Karnataka Superfast Express,Superfast,TATA,Tatanagar Jn,947,10,Tue,85,Summer,Misty,0.2,0,60.6,3.7,66.5
12431,Trivandrum Rajdhani Express,Rajdhani,GWL,Gwalior Jn,567,10,Sat,125,Winter,Misty,0.73,1,19.8,1.7,17.4
22436,Varanasi Vande Bharat Express,Vande Bharat,ST,Surat,742,5,Mon,140,Summer,Sunny,0.13,0,31.7,4.6,35.4
12953,August Kranti Rajdhani,Rajdhani,TATA,Tatanagar Jn,1988,3,Fri,130,Summer,Rainy,0.18,0,57.9,3.1,59.6
12431,Trivandrum Rajdhani Express,Rajdhani,BPL,Bhopal Jn,1616,5,Thu,125,Winter,Clear,0.08,0,20.8,1.0,20.6
22436,Varanasi Vande Bharat Express,Vande Bharat,TATA,Tatanagar Jn,621,15,Sat,140,Monsoon,Sunny,0.15,1,36.5,3.4,34.5
12259,Sealdah Bikaner Duronto,Duronto,PRYJ,Prayagraj Jn,1533,15,Thu,110,Summer,Misty,0.14,0,67.9,1.7,59.2
12002,Bhopal Shatabdi Express,Shatabdi,DDU,Pt Deen Dayal Upadhyaya,1735,10,Thu,120,Autumn,Rainy,0.14,0,57.8,4.1,58.7
12810,Howrah Mumbai Mail,Mail Superfast,PRYJ,Prayagraj Jn,1217,10,Fri,88,Summer,Rainy,0.07,0,40.8,3.5,43.4
12002,Bhopal Shatabdi Express,Shatabdi,PRYJ,Prayagraj Jn,2046,5,Sun,120,Winter,Foggy,0.71,1,100.9,4.1,102.8
20801,Magadh Express,Superfast,GWL,Gwalior Jn,1973,5,Thu,85,Winter,Misty,0.6,0,54.6,3.7,53.6
20801,Magadh Express,Superfast,TATA,Tatanagar Jn,2185,5,Fri,85,Monsoon,Foggy,0.06,0,143.9,4.2,153.6
12431,Trivandrum Rajdhani Express,Rajdhani,CNB,Kanpur Central,537,10,Sat,125,Monsoon,Sunny,0.08,1,21.5,2.2,25.1
12810,Howrah Mumbai Mail,Mail Superfast,AGC,Agra Cantt,140,7,Mon,88,Summer,Misty,0.16,0,28.3,4.9,29.2
12431,Trivandrum Rajdhani Express,Rajdhani,ST,Surat,350,2,Thu,125,Autumn,Rainy,0.11,0,37.6,4.4,40.6
12953,August Kranti Rajdhani,Rajdhani,BRC,Vadodara Jn,878,2,Sun,130,Summer,Clear,0.11,1,23.5,2.3,22.7
12431,Trivandrum Rajdhani Express,Rajdhani,MTJ,Mathura Jn,1068,2,Sun,125,Winter,Misty,0.74,1,23.5,1.6,21.6
12951,Mumbai Rajdhani Express,Rajdhani,ST,Surat,1698,10,Mon,130,Summer,Clear,0.14,0,29.9,1.4,32.8
12259,Sealdah Bikaner Duronto,Duronto,GWL,Gwalior Jn,884,15,Wed,110,Winter,Misty,0.7,0,56.3,4.9,50.3
12810,Howrah Mumbai Mail,Mail Superfast,GWL,Gwalior Jn,179,3,Thu,88,Winter,Misty,0.9,0,27.2,3.1,31.6
12628,Karnataka Superfast Express,Superfast,GWL,Gwalior Jn,1310,5,Wed,85,Winter,Clear,0.05,0,36.0,4.8,34.9
12951,Mumbai Rajdhani Express,Rajdhani,GWL,Gwalior Jn,1741,7,Thu,130,Monsoon,Rainy,0.19,0,49.5,1.7,52.3
12259,Sealdah Bikaner Duronto,Duronto,PRYJ,Prayagraj Jn,1842,5,Fri,110,Autumn,Foggy,0.03,0,73.0,1.7,85.6
12628,Karnataka Superfast Express,Superfast,RTM,Ratlam Jn,1159,15,Sat,85,Monsoon,Foggy,0.16,1,93.0,2.2,96.7
12628,Karnataka Superfast Express,Superfast,PRYJ,Prayagraj Jn,1049,5,Thu,85,Monsoon,Sunny,0.02,0,44.8,2.3,51.2
12002,Bhopal Shatabdi Express,Shatabdi,MTJ,Mathura Jn,330,2,Wed,120,Monsoon,Sunny,0.02,0,19.2,4.0,17.0
22436,Varanasi Vande Bharat Express,Vande Bharat,BSP,Bilaspur Jn,686,15,Sat,140,Autumn,Sunny,0.18,1,6.7,3.0,7.2
12953,August Kranti Rajdhani,Rajdhani,DDU,Pt Deen Dayal Upadhyaya,1415,7,Tue,130,Monsoon,Misty,0.06,0,21.8,1.7,22.9
12259,Sealdah Bikaner Duronto,Duronto,BRC,Vadodara Jn,1608,3,Thu,110,Winter,Misty,0.73,0,43.2,2.8,38.4
12953,August Kranti Rajdhani,Rajdhani,TATA,Tatanagar Jn,479,5,Sat,130,Winter,Rainy,0.06,1,36.8,2.8,38.5
12002,Bhopal Shatabdi Express,Shatabdi,MTJ,Mathura Jn,1989,3,Thu,120,Monsoon,Clear,0.17,0,24.7,2.4,22.6
20801,Magadh Express,Superfast,BPL,Bhopal Jn,932,2,Tue,85,Monsoon,Rainy,0.17,0,56.1,2.3,61.3
22436,Varanasi Vande Bharat Express,Vande Bharat,TATA,Tatanagar Jn,846,10,Sun,140,Winter,Sunny,0.05,1,30.5,4.7,30.4
12002,Bhopal Shatabdi Express,Shatabdi,DHN,Dhanbad Jn,2065,15,Fri,120,Winter,Rainy,0.16,0,51.2,1.8,54.2
22436,Varanasi Vande Bharat Express,Vande Bharat,BPL,Bhopal Jn,971,7,Sat,140,Monsoon,Foggy,0.07,1,110.4,3.9,110.0
22436,Varanasi Vande Bharat Express,Vande Bharat,CNB,Kanpur Central,2059,5,Fri,140,Winter,Rainy,0.08,0,48.7,2.2,50.5
12002,Bhopal Shatabdi Express,Shatabdi,PRYJ,Prayagraj Jn,1371,5,Sun,120,Autumn,Misty,0.19,1,19.6,1.8,19.1
20801,Magadh Express,Superfast,MTJ,Mathura Jn,1498,2,Thu,85,Autumn,Rainy,0.19,0,77.3,3.4,76.6
12953,August Kranti Rajdhani,Rajdhani,AGC,Agra Cantt,1058,7,Thu,130,Summer,Misty,0.0,0,22.6,1.7,22.3
12301,Howrah Rajdhani Express,Rajdhani,NGP,Nagpur Jn,1307,10,Fri,130,Monsoon,Rainy,0.03,0,61.1,2.1,54.5
20801,Magadh Express,Superfast,DDU,Pt Deen Dayal Upadhyaya,1619,15,Thu,85,Monsoon,Foggy,0.03,0,109.0,2.3,108.4
12953,August Kranti Rajdhani,Rajdhani,DDU,Pt Deen Dayal Upadhyaya,1906,15,Mon,130,Winter,Sunny,0.03,0,52.1,3.9,47.3
12002,Bhopal Shatabdi Express,Shatabdi,MTJ,Mathura Jn,1950,3,Fri,120,Summer,Misty,0.18,0,37.8,2.8,35.2
12953,August Kranti Rajdhani,Rajdhani,MTJ,Mathura Jn,944,10,Wed,130,Monsoon,Clear,0.16,0,25.4,3.0,25.2
22436,Varanasi Vande Bharat Express,Vande Bharat,KOTA,Kota Jn,2159,7,Sat,140,Summer,Clear,0.04,1,32.9,4.0,37.2
22436,Varanasi Vande Bharat Express,Vande Bharat,PRYJ,Prayagraj Jn,1478,2,Tue,140,Autumn,Misty,0.02,0,33.9,4.6,30.5
20801,Magadh Express,Superfast,NGP,Nagpur Jn,292,7,Sun,85,Summer,Clear,0.09,1,28.7,2.3,29.4
12301,Howrah Rajdhani Express,Rajdhani,PRYJ,Prayagraj Jn,1382,2,Tue,130,Summer,Rainy,0.02,0,52.8,4.0,58.1
12301,Howrah Rajdhani Express,Rajdhani,ST,Surat,426,2,Sat,130,Winter,Clear,0.12,1,12.8,2.0,14.4
20801,Magadh Express,Superfast,BPL,Bhopal Jn,1096,10,Wed,85,Summer,Rainy,0.07,0,50.8,1.2,45.9
22436,Varanasi Vande Bharat Express,Vande Bharat,ST,Surat,1326,5,Wed,140,Monsoon,Clear,0.18,0,14.3,3.9,16.4
12259,Sealdah Bikaner Duronto,Duronto,BSP,Bilaspur Jn,1746,5,Sat,110,Autumn,Sunny,0.08,1,37.0,4.7,35.9
20801,Magadh Express,Superfast,RTM,Ratlam Jn,347,2,Tue,85,Monsoon,Sunny,0.16,0,40.1,3.5,35.1
12301,Howrah Rajdhani Express,Rajdhani,BRC,Vadodara Jn,452,7,Wed,130,Monsoon,Foggy,0.13,0,61.2,4.4,64.2
22436,Varanasi Vande Bharat Express,Vande Bharat,BRC,Vadodara Jn,274,5,Thu,140,Monsoon,Sunny,0.08,0,25.0,4.4,25.2
12002,Bhopal Shatabdi Express,Shatabdi,BPL,Bhopal Jn,1649,10,Mon,120,Summer,Misty,0.12,0,30.2,1.0,31.3
12810,Howrah Mumbai Mail,Mail Superfast,MTJ,Mathura Jn,529,15,Mon,88,Autumn,Clear,0.01,0,51.4,4.8,46.0
12259,Sealdah Bikaner Duronto,Duronto,CNB,Kanpur Central,275,7,Sun,110,Monsoon,Foggy,0.17,1,102.5,4.9,89.6
12951,Mumbai Rajdhani Express,Rajdhani,MTJ,Mathura Jn,650,3,Tue,130,Autumn,Foggy,0.04,0,48.1,2.1,54.4
20801,Magadh Express,Superfast,RTM,Ratlam Jn,1786,2,Fri,85,Monsoon,Sunny,0.19,0,42.7,2.7,40.8
20801,Magadh Express,Superfast,NGP,Nagpur Jn,2171,5,Sat,85,Winter,Misty,0.67,1,52.1,4.8,48.3
12259,Sealdah Bikaner Duronto,Duronto,DHN,Dhanbad Jn,1446,15,Wed,110,Winter,Sunny,0.17,0,25.2,1.5,29.4
12301,Howrah Rajdhani Express,Rajdhani,DHN,Dhanbad Jn,1209,2,Fri,130,Winter,Clear,0.15,0,34.7,1.8,33.8
12953,August Kranti Rajdhani,Rajdhani,BSP,Bilaspur Jn,1915,7,Mon,130,Autumn,Sunny,0.11,0,38.9,4.8,36.1
12431,Trivandrum Rajdhani Express,Rajdhani,ST,Surat,134,2,Sun,125,Monsoon,Clear,0.05,1,24.0,3.5,21.1
12628,Karnataka Superfast Express,Superfast,CNB,Kanpur Central,623,10,Sun,85,Autumn,Clear,0.04,1,24.8,1.5,26.7
12002,Bhopal Shatabdi Express,Shatabdi,TATA,Tatanagar Jn,1558,15,Sun,120,Summer,Clear,0.12,1,27.9,2.8,25.9
22436,Varanasi Vande Bharat Express,Vande Bharat,ST,Surat,1214,3,Mon,140,Autumn,Misty,0.17,0,16.9,3.3,15.3
22436,Varanasi Vande Bharat Express,Vande Bharat,ST,Surat,691,5,Fri,140,Autumn,Misty,0.06,0,31.1,4.0,31.4
20801,Magadh Express,Superfast,DDU,Pt Deen Dayal Upadhyaya,1147,10,Sat,85,Autumn,Sunny,0.15,1,31.8,1.8,33.8
12002,Bhopal Shatabdi Express,Shatabdi,KOTA,Kota Jn,976,5,Wed,120,Winter,Rainy,0.17,0,44.1,2.7,50.9
12628,Karnataka Superfast Express,Superfast,MTJ,Mathura Jn,981,2,Thu,85,Autumn,Clear,0.14,0,19.4,2.9,21.5
12002,Bhopal Shatabdi Express,Shatabdi,DHN,Dhanbad Jn,1068,10,Mon,120,Winter,Misty,0.73,0,34.5,4.6,38.7
20801,Magadh Express,Superfast,AGC,Agra Cantt,140,7,Tue,85,Autumn,Misty,0.12,0,39.8,2.9,43.1
12259,Sealdah Bikaner Duronto,Duronto,DHN,Dhanbad Jn,985,15,Fri,110,Winter,Clear,0.16,0,41.6,1.4,48.4
12431,Trivandrum Rajdhani Express,Rajdhani,KOTA,Kota Jn,1659,2,Tue,125,Winter,Clear,0.04,0,35.4,4.0,39.7
22436,Varanasi Vande Bharat Express,Vande Bharat,ST,Surat,1244,10,Sun,140,Monsoon,Rainy,0.17,1,42.8,4.2,47.6
22436,Varanasi Vande Bharat Express,Vande Bharat,BPL,Bhopal Jn,1103,10,Sun,140,Winter,Foggy,0.7,1,107.4,1.2,98.9
12002,Bhopal Shatabdi Express,Shatabdi,KOTA,Kota Jn,163,5,Wed,120,Summer,Clear,0.13,0,10.5,2.4,10.2
22436,Varanasi Vande Bharat Express,Vande Bharat,KOTA,Kota Jn,1927,15,Sat,140,Winter,Misty,0.71,1,42.1,4.5,43.1
12259,Sealdah Bikaner Duronto,Duronto,AGC,Agra Cantt,423,15,Mon,110,Summer,Sunny,0.09,0,34.2,3.4,33.6
12002,Bhopal Shatabdi Express,Shatabdi,MTJ,Mathura Jn,558,10,Wed,120,Monsoon,Misty,0.11,0,10.7,1.1,9.4
12953,August Kranti Rajdhani,Rajdhani,PRYJ,Prayagraj Jn,1757,5,Sun,130,Winter,Sunny,0.16,1,42.8,3.9,38.4
12810,Howrah Mumbai Mail,Mail Superfast,BPL,Bhopal Jn,619,5,Fri,88,Autumn,Misty,0.13,0,61.4,2.9,66.0
12431,Trivandrum Rajdhani Express,Rajdhani,MTJ,Mathura Jn,462,3,Mon,125,Summer,Foggy,0.16,0,83.8,3.3,82.1
22436,Varanasi Vande Bharat Express,Vande Bharat,GWL,Gwalior Jn,925,10,Wed,140,Winter,Clear,0.08,0,26.4,3.4,27.9
12628,Karnataka Superfast Express,Superfast,MTJ,Mathura Jn,1939,2,Fri,85,Monsoon,Misty,0.09,0,39.5,3.0,38.6
12953,August Kranti Rajdhani,Rajdhani,GWL,Gwalior Jn,139,5,Wed,130,Monsoon,Foggy,0.04,0,59.0,1.3,66.0
12951,Mumbai Rajdhani Express,Rajdhani,AGC,Agra Cantt,108,2,Wed,130,Winter,Sunny,0.15,0,13.2,1.1,13.7
12810,Howrah Mumbai Mail,Mail Superfast,DDU,Pt Deen Dayal Upadhyaya,555,2,Sat,88,Autumn,Foggy,0.05,1,97.4,1.0,105.2
12301,Howrah Rajdhani Express,Rajdhani,DHN,Dhanbad Jn,478,10,Mon,130,Winter,Misty,0.98,0,22.8,3.3,25.4
12628,Karnataka Superfast Express,Superfast,KOTA,Kota Jn,1983,2,Sat,85,Autumn,Sunny,0.19,1,58.6,2.6,51.1
22436,Varanasi Vande Bharat Express,Vande Bharat,TATA,Tatanagar Jn,1691,5,Sun,140,Autumn,Foggy,0.2,1,82.2,1.2,74.6
20801,Magadh Express,Superfast,CNB,Kanpur Central,496,5,Wed,85,Summer,Sunny,0.09,0,37.2,4.8,39.3
20801,Magadh Express,Superfast,CNB,Kanpur Central,679,5,Sat,85,Monsoon,Rainy,0.07,1,50.8,1.6,46.5
12951,Mumbai Rajdhani Express,Rajdhani,BRC,Vadodara Jn,1237,10,Wed,130,Summer,Rainy,0.15,0,33.7,2.6,36.0
12810,Howrah Mumbai Mail,Mail Superfast,TATA,Tatanagar Jn,319,3,Thu,88,Autumn,Foggy,0.03,0,101.6,1.2,95.3
12002,Bhopal Shatabdi Express,Shatabdi,DDU,Pt Deen Dayal Upadhyaya,664,5,Sun,120,Winter,Misty,0.66,1,26.3,3.1,29.4
12301,Howrah Rajdhani Express,Rajdhani,KOTA,Kota Jn,2135,5,Mon,130,Monsoon,Misty,0.18,0,28.0,3.8,28.3
12259,Sealdah Bikaner Duronto,Duronto,NGP,Nagpur Jn,1010,7,Tue,110,Autumn,Rainy,0.03,0,52.6,5.0,48.6
12002,Bhopal Shatabdi Express,Shatabdi,CNB,Kanpur Central,1814,3,Sat,120,Monsoon,Clear,0.11,1,49.8,3.5,43.6
12259,Sealdah Bikaner Duronto,Duronto,PRYJ,Prayagraj Jn,229,2,Mon,110,Monsoon,Foggy,0.02,0,40.8,2.9,46.6
12953,August Kranti Rajdhani,Rajdhani,RTM,Ratlam Jn,467,5,Fri,130,Summer,Foggy,0.02,0,96.2,1.8,83.9
12301,Howrah Rajdhani Express,Rajdhani,BRC,Vadodara Jn,1183,7,Wed,130,Winter,Sunny,0.01,0,21.7,1.0,19.1
12810,Howrah Mumbai Mail,Mail Superfast,MTJ,Mathura Jn,691,15,Thu,88,Winter,Rainy,0.13,0,51.6,2.7,53.5
12951,Mumbai Rajdhani Express,Rajdhani,BRC,Vadodara Jn,1598,15,Fri,130,Winter,Rainy,0.05,0,80.7,3.9,73.1
12810,Howrah Mumbai Mail,Mail Superfast,RTM,Ratlam Jn,1778,5,Wed,88,Autumn,Clear,0.1,0,32.3,1.7,36.7
12002,Bhopal Shatabdi Express,Shatabdi,TATA,Tatanagar Jn,115,10,Thu,120,Summer,Foggy,0.09,0,69.1,4.4,71.2
12002,Bhopal Shatabdi Express,Shatabdi,TATA,Tatanagar Jn,1910,10,Tue,120,Monsoon,Clear,0.19,0,52.2,4.4,47.2
12810,Howrah Mumbai Mail,Mail Superfast,DHN,Dhanbad Jn,429,5,Fri,88,Monsoon,Foggy,0.09,0,94.2,3.3,106.7
12953,August Kranti Rajdhani,Rajdhani,MTJ,Mathura Jn,614,5,Fri,130,Autumn,Rainy,0.19,0,30.2,2.3,34.9
12301,Howrah Rajdhani Express,Rajdhani,BSP,Bilaspur Jn,552,5,Sat,130,Autumn,Misty,0.03,1,17.8,1.3,16.6
12259,Sealdah Bikaner Duronto,Duronto,KOTA,Kota Jn,170,10,Wed,110,Monsoon,Misty,0.16,0,29.8,3.6,31.9
22436,Varanasi Vande Bharat Express,Vande Bharat,DHN,Dhanbad Jn,901,3,Mon,140,Winter,Misty,0.8,0,28.2,3.1,30.7
12628,Karnataka Superfast Express,Superfast,AGC,Agra Cantt,2159,5,Sat,85,Monsoon,Misty,0.17,1,53.4,3.9,57.2
12301,Howrah Rajdhani Express,Rajdhani,CNB,Kanpur Central,174,7,Mon,130,Autumn,Foggy,0.05,0,133.6,4.4,120.0
12810,Howrah Mumbai Mail,Mail Superfast,RTM,Ratlam Jn,863,5,Sat,88,Monsoon,Clear,0.16,1,34.5,4.5,35.6
12810,Howrah Mumbai Mail,Mail Superfast,PRYJ,Prayagraj Jn,1081,15,Sat,88,Autumn,Clear,0.16,1,37.5,1.6,43.3
12951,Mumbai Rajdhani Express,Rajdhani,RTM,Ratlam Jn,1929,2,Tue,130,Winter,Sunny,0.02,0,22.9,1.3,26.6
12951,Mumbai Rajdhani Express,Rajdhani,RTM,Ratlam Jn,2133,3,Wed,130,Autumn,Clear,0.05,0,35.1,3.4,32.4
22436,Varanasi Vande Bharat Express,Vande Bharat,BSP,Bilaspur Jn,1553,2,Sat,140,Autumn,Sunny,0.15,1,23.7,3.9,23.1
12810,Howrah Mumbai Mail,Mail Superfast,TATA,Tatanagar Jn,1593,2,Sat,88,Autumn,Misty,0.07,1,36.5,3.5,38.4
12002,Bhopal Shatabdi Express,Shatabdi,DDU,Pt Deen Dayal Upadhyaya,1917,2,Mon,120,Winter,Foggy,0.97,0,87.0,2.9,100.4
12628,Karnataka Superfast Express,Superfast,BPL,Bhopal Jn,2197,3,Mon,85,Autumn,Clear,0.09,0,52.2,4.1,57.3
20801,Magadh Express,Superfast,BSP,Bilaspur Jn,594,5,Sun,85,Autumn,Rainy,0.1,1,68.5,2.9,61.5
12953,August Kranti Rajdhani,Rajdhani,TATA,Tatanagar Jn,161,7,Mon,130,Winter,Sunny,0.16,0,21.7,4.1,24.1
12810,Howrah Mumbai Mail,Mail Superfast,NGP,Nagpur Jn,652,5,Sun,88,Monsoon,Sunny,0.16,1,57.7,4.5,64.2
22436,Varanasi Vande Bharat Express,Vande Bharat,GWL,Gwalior Jn,1666,7,Fri,140,Winter,Foggy,0.84,0,114.0,4.4,108.1
12259,Sealdah Bikaner Duronto,Duronto,BRC,Vadodara Jn,1593,5,Thu,110,Winter,Sunny,0.12,0,23.2,1.4,26.2
12301,Howrah Rajdhani Express,Rajdhani,BSP,Bilaspur Jn,2067,2,Wed,130,Summer,Foggy,0.01,0,135.5,1.9,125.5
12002,Bhopal Shatabdi Express,Shatabdi,MTJ,Mathura Jn,1009,5,Sun,120,Summer,Clear,0.12,1,29.0,2.2,29.0
12628,Karnataka Superfast Express,Superfast,ST,Surat,405,2,Mon,85,Monsoon,Clear,0.15,0,25.2,2.3,28.9
12431,Trivandrum Rajdhani Express,Rajdhani,DDU,Pt Deen Dayal Upadhyaya,1103,5,Wed,125,Autumn,Rainy,0.08,0,62.3,3.7,67.7
12953,August Kranti Rajdhani,Rajdhani,BRC,Vadodara Jn,585,5,Mon,130,Winter,Rainy,0.0,0,61.6,4.6,56.4
12301,Howrah Rajdhani Express,Rajdhani,TATA,Tatanagar Jn,1480,7,Mon,130,Monsoon,Foggy,0.05,0,74.2,4.0,73.2
22436,Varanasi Vande Bharat Express,Vande Bharat,BSP,Bilaspur Jn,648,5,Thu,140,Autumn,Rainy,0.16,0,42.8,3.4,47.8
12951,Mumbai Rajdhani Express,Rajdhani,DHN,Dhanbad Jn,1670,2,Sat,130,Autumn,Sunny,0.05,1,33.4,1.6,34.1
12259,Sealdah Bikaner Duronto,Duronto,DHN,Dhanbad Jn,250,7,Wed,110,Autumn,Foggy,0.09,0,66.0,1.3,74.4
12301,Howrah Rajdhani Express,Rajdhani,DHN,Dhanbad Jn,1041,15,Wed,130,Autumn,Misty,0.2,0,21.8,3.7,24.8
12259,Sealdah Bikaner Duronto,Duronto,MTJ,Mathura Jn,1314,3,Tue,110,Winter,Sunny,0.18,0,43.4,4.4,48.0
12951,Mumbai Rajdhani Express,Rajdhani,KOTA,Kota Jn,1715,10,Fri,130,Summer,Rainy,0.05,0,64.2,4.9,63.9
12810,Howrah Mumbai Mail,Mail Superfast,ST,Surat,142,15,Thu,88,Autumn,Foggy,0.05,0,72.7,3.6,66.1
12628,Karnataka Superfast Express,Superfast,AGC,Agra Cantt,666,7,Tue,85,Autumn,Foggy,0.08,0,94.2,3.4,88.3
12431,Trivandrum Rajdhani Express,Rajdhani,PRYJ,Prayagraj Jn,1711,5,Mon,125,Autumn,Clear,0.16,0,29.7,1.7,32.0
12259,Sealdah Bikaner Duronto,Duronto,DHN,Dhanbad Jn,1812,3,Mon,110,Summer,Foggy,0.04,0,116.4,4.8,118.9
12810,Howrah Mumbai Mail,Mail Superfast,DHN,Dhanbad Jn,1417,10,Mon,88,Monsoon,Sunny,0.14,0,43.2,2.8,43.2
12259,Sealdah Bikaner Duronto,Duronto,AGC,Agra Cantt,213,5,Wed,110,Summer,Foggy,0.17,0,66.1,4.3,73.1
12628,Karnataka Superfast Express,Superfast,TATA,Tatanagar Jn,838,2,Thu,85,Summer,Foggy,0.15,0,82.2,3.8,94.2
12431,Trivandrum Rajdhani Express,Rajdhani,TATA,Tatanagar Jn,2114,3,Wed,125,Autumn,Foggy,0.12,0,70.6,2.7,68.2
12953,August Kranti Rajdhani,Rajdhani,AGC,Agra Cantt,1755,5,Mon,130,Monsoon,Rainy,0.17,0,23.4,1.1,25.6
12002,Bhopal Shatabdi Express,Shatabdi,KOTA,Kota Jn,156,3,Mon,120,Summer,Foggy,0.2,0,69.3,5.0,71.5
12431,Trivandrum Rajdhani Express,Rajdhani,TATA,Tatanagar Jn,392,15,Mon,125,Winter,Foggy,0.82,0,50.8,2.9,52.4
12628,Karnataka Superfast Express,Superfast,BPL,Bhopal Jn,234,5,Sun,85,Winter,Rainy,0.14,1,64.7,3.3,65.5
12810,Howrah Mumbai Mail,Mail Superfast,BSP,Bilaspur Jn,563,15,Wed,88,Autumn,Misty,0.04,0,11.9,1.6,10.6
12951,Mumbai Rajdhani Express,Rajdhani,CNB,Kanpur Central,1431,5,Tue,130,Winter,Foggy,0.9,0,101.1,1.2,97.8
12953,August Kranti Rajdhani,Rajdhani,AGC,Agra Cantt,1992,5,Mon,130,Summer,Misty,0.04,0,42.9,5.0,38.4
22436,Varanasi Vande Bharat Express,Vande Bharat,TATA,Tatanagar Jn,1322,10,Thu,140,Summer,Rainy,0.13,0,44.5,1.2,45.1
12259,Sealdah Bikaner Duronto,Duronto,TATA,Tatanagar Jn,1344,7,Tue,110,Autumn,Sunny,0.11,0,56.9,4.9,55.5
12951,Mumbai Rajdhani Express,Rajdhani,BPL,Bhopal Jn,1881,5,Sat,130,Winter,Misty,0.94,1,46.2,4.3,46.3
12259,Sealdah Bikaner Duronto,Duronto,DHN,Dhanbad Jn,141,3,Thu,110,Winter,Sunny,0.01,0,47.3,3.3,52.2
22436,Varanasi Vande Bharat Express,Vande Bharat,BSP,Bilaspur Jn,1244,5,Wed,140,Monsoon,Sunny,0.12,0,30.9,3.2,30.1
12002,Bhopal Shatabdi Express,Shatabdi,BSP,Bilaspur Jn,809,2,Tue,120,Monsoon,Sunny,0.05,0,31.2,4.8,32.4
12259,Sealdah Bikaner Duronto,Duronto,AGC,Agra Cantt,1026,7,Sun,110,Winter,Clear,0.12,1,56.8,2.1,53.8
12951,Mumbai Rajdhani Express,Rajdhani,RTM,Ratlam Jn,1266,5,Sun,130,Autumn,Misty,0.1,1,31.9,3.5,34.0
12628,Karnataka Superfast Express,Superfast,GWL,Gwalior Jn,209,7,Tue,85,Autumn,Sunny,0.0,0,69.1,3.3,60.1
12628,Karnataka Superfast Express,Superfast,BRC,Vadodara Jn,335,15,Tue,85,Monsoon,Rainy,0.02,0,79.4,4.1,76.8
12951,Mumbai Rajdhani Express,Rajdhani,BRC,Vadodara Jn,408,15,Tue,130,Summer,Foggy,0.08,0,49.4,2.8,56.8
12951,Mumbai Rajdhani Express,Rajdhani,GWL,Gwalior Jn,1935,7,Tue,130,Monsoon,Clear,0.11,0,35.8,3.5,36.4
12628,Karnataka Superfast Express,Superfast,BRC,Vadodara Jn,624,10,Thu,85,Monsoon,Sunny,0.14,0,32.5,4.4,34.4
12953,August Kranti Rajdhani,Rajdhani,NGP,Nagpur Jn,681,2,Thu,130,Monsoon,Foggy,0.02,0,81.2,4.6,79.5
12002,Bhopal Shatabdi Express,Shatabdi,NGP,Nagpur Jn,1207,2,Sat,120,Monsoon,Rainy,0.17,1,41.3,1.8,39.1
12259,Sealdah Bikaner Duronto,Duronto,AGC,Agra Cantt,671,3,Mon,110,Monsoon,Clear,0.05,0,27.1,3.3,27.0
12431,Trivandrum Rajdhani Express,Rajdhani,BPL,Bhopal Jn,619,7,Fri,125,Autumn,Sunny,0.05,0,29.8,3.8,33.5
22436,Varanasi Vande Bharat Express,Vande Bharat,CNB,Kanpur Central,1416,3,Fri,140,Summer,Rainy,0.13,0,56.0,3.4,56.1
12301,Howrah Rajdhani Express,Rajdhani,BPL,Bhopal Jn,955,5,Sat,130,Autumn,Misty,0.04,1,43.1,4.0,37.6
12301,Howrah Rajdhani Express,Rajdhani,AGC,Agra Cantt,779,7,Mon,130,Monsoon,Misty,0.19,0,19.9,2.9,22.9
12953,August Kranti Rajdhani,Rajdhani,AGC,Agra Cantt,803,7,Sat,130,Monsoon,Misty,0.11,1,36.4,3.8,36.6
12301,Howrah Rajdhani Express,Rajdhani,DHN,Dhanbad Jn,2075,5,Tue,130,Winter,Misty,0.71,0,35.5,3.6,32.0
12259,Sealdah Bikaner Duronto,Duronto,DDU,Pt Deen Dayal Upadhyaya,751,5,Wed,110,Winter,Misty,0.76,0,44.5,1.7,41.3
12953,August Kranti Rajdhani,Rajdhani,KOTA,Kota Jn,1328,15,Wed,130,Autumn,Sunny,0.15,0,17.1,1.7,18.9
12951,Mumbai Rajdhani Express,Rajdhani,BRC,Vadodara Jn,1220,3,Sun,130,Summer,Sunny,0.05,1,24.0,2.1,23.3
12951,Mumbai Rajdhani Express,Rajdhani,PRYJ,Prayagraj Jn,1916,2,Sat,130,Autumn,Foggy,0.03,1,74.5,1.5,67.6
20801,Magadh Express,Superfast,AGC,Agra Cantt,1267,2,Thu,85,Summer,Sunny,0.01,0,20.5,1.1,23.5
22436,Varanasi Vande Bharat Express,Vande Bharat,PRYJ,Prayagraj Jn,827,5,Tue,140,Summer,Rainy,0.15,0,38.5,1.6,34.8
12951,Mumbai Rajdhani Express,Rajdhani,GWL,Gwalior Jn,252,7,Mon,130,Summer,Foggy,0.1,0,107.9,2.6,100.4
12951,Mumbai Rajdhani Express,Rajdhani,BPL,Bhopal Jn,1549,2,Thu,130,Summer,Foggy,0.06,0,74.2,1.1,75.5
12301,Howrah Rajdhani Express,Rajdhani,NGP,Nagpur Jn,911,10,Tue,130,Summer,Clear,0.04,0,30.7,1.5,28.2
12810,Howrah Mumbai Mail,Mail Superfast,MTJ,Mathura Jn,919,3,Sat,88,Winter,Foggy,0.72,1,115.7,2.6,117.1
12431,Trivandrum Rajdhani Express,Rajdhani,BPL,Bhopal Jn,1821,2,Sat,125,Autumn,Misty,0.07,1,44.7,2.7,41.1
20801,Magadh Express,Superfast,MTJ,Mathura Jn,384,15,Tue,85,Winter,Rainy,0.18,0,33.2,2.3,30.2
12431,Trivandrum Rajdhani Express,Rajdhani,PRYJ,Prayagraj Jn,848,2,Fri,125,Summer,Sunny,0.06,0,31.6,4.5,34.5
12810,Howrah Mumbai Mail,Mail Superfast,MTJ,Mathura Jn,789,5,Sun,88,Monsoon,Clear,0.15,1,37.1,2.1,33.8
20801,Magadh Express,Superfast,MTJ,Mathura Jn,1301,7,Thu,85,Winter,Sunny,0.07,0,51.8,4.0,48.0
12301,Howrah Rajdhani Express,Rajdhani,CNB,Kanpur Central,808,5,Fri,130,Winter,Rainy,0.14,0,29.0,3.1,34.1
12259,Sealdah Bikaner Duronto,Duronto,RTM,Ratlam Jn,1197,5,Fri,110,Monsoon,Rainy,0.1,0,53.7,1.4,49.5
20801,Magadh Express,Superfast,ST,Surat,2053,3,Sun,85,Winter,Misty,0.91,1,43.3,2.0,41.6
22436,Varanasi Vande Bharat Express,Vande Bharat,MTJ,Mathura Jn,1172,5,Tue,140,Autumn,Misty,0.19,0,28.8,1.8,27.0
22436,Varanasi Vande Bharat Express,Vande Bharat,CNB,Kanpur Central,1150,10,Sun,140,Autumn,Rainy,0.18,1,60.2,4.4,53.4
22436,Varanasi Vande Bharat Express,Vande Bharat,AGC,Agra Cantt,237,2,Sat,140,Monsoon,Clear,0.1,1,5.5,1.6,5.2
20801,Magadh Express,Superfast,TATA,Tatanagar Jn,267,15,Mon,85,Winter,Misty,0.72,0,45.6,3.6,49.5
12301,Howrah Rajdhani Express,Rajdhani,DHN,Dhanbad Jn,1033,5,Thu,130,Winter,Rainy,0.18,0,52.6,2.8,56.9
12951,Mumbai Rajdhani Express,Rajdhani,GWL,Gwalior Jn,1757,15,Thu,130,Autumn,Sunny,0.0,0,46.0,3.8,50.8
12002,Bhopal Shatabdi Express,Shatabdi,GWL,Gwalior Jn,432,2,Thu,120,Autumn,Misty,0.13,0,38.2,4.1,36.6
12301,Howrah Rajdhani Express,Rajdhani,AGC,Agra Cantt,291,10,Tue,130,Monsoon,Misty,0.16,0,12.3,2.9,11.2
12953,August Kranti Rajdhani,Rajdhani,DDU,Pt Deen Dayal Upadhyaya,1389,7,Fri,130,Autumn,Foggy,0.0,0,108.7,4.4,106.4
12002,Bhopal Shatabdi Express,Shatabdi,TATA,Tatanagar Jn,1830,3,Mon,120,Autumn,Clear,0.05,0,32.9,3.2,34.0
12002,Bhopal Shatabdi Express,Shatabdi,TATA,Tatanagar Jn,160,15,Mon,120,Winter,Foggy,0.91,0,88.3,1.8,81.8
12953,August Kranti Rajdhani,Rajdhani,TATA,Tatanagar Jn,754,15,Fri,130,Winter,Misty,0.93,0,9.7,1.5,9.0
12628,Karnataka Superfast Express,Superfast,BPL,Bhopal Jn,1361,5,Mon,85,Autumn,Clear,0.11,0,27.3,1.7,30.4
12628,Karnataka Superfast Express,Superfast,DDU,Pt Deen Dayal Upadhyaya,1072,7,Sat,85,Summer,Clear,0.13,1,56.0,2.2,59.9
20801,Magadh Express,Superfast,PRYJ,Prayagraj Jn,835,3,Thu,85,Autumn,Clear,0.2,0,55.0,3.5,56.0
12951,Mumbai Rajdhani Express,Rajdhani,AGC,Agra Cantt,2199,5,Wed,130,Summer,Rainy,0.05,0,55.1,3.6,52.3
22436,Varanasi Vande Bharat Express,Vande Bharat,BPL,Bhopal Jn,122,10,Sat,140,Winter,Foggy,0.79,1,63.7,3.5,69.5
22436,Varanasi Vande Bharat Express,Vande Bharat,AGC,Agra Cantt,1134,5,Sat,140,Winter,Clear,0.08,1,34.7,4.6,30.7
12951,Mumbai Rajdhani Express,Rajdhani,BRC,Vadodara Jn,1788,5,Thu,130,Winter,Misty,0.99,0,29.1,1.2,31.9
12953,August Kranti Rajdhani,Rajdhani,NGP,Nagpur Jn,368,15,Fri,130,Winter,Misty,0.86,0,18.4,1.6,18.1
12810,Howrah Mumbai Mail,Mail Superfast,TATA,Tatanagar Jn,178,15,Wed,88,Monsoon,Clear,0.13,0,45.9,1.6,44.8
12259,Sealdah Bikaner Duronto,Duronto,PRYJ,Prayagraj Jn,1816,2,Tue,110,Autumn,Rainy,0.02,0,60.5,2.7,54.6
12002,Bhopal Shatabdi Express,Shatabdi,DHN,Dhanbad Jn,235,5,Thu,120,Autumn,Foggy,0.03,0,38.2,4.4,44.1
12002,Bhopal Shatabdi Express,Shatabdi,BSP,Bilaspur Jn,994,7,Thu,120,Summer,Rainy,0.06,0,50.7,4.2,50.4
12431,Trivandrum Rajdhani Express,Rajdhani,BSP,Bilaspur Jn,1309,5,Mon,125,Winter,Sunny,0.0,0,22.9,2.2,23.8
12301,Howrah Rajdhani Express,Rajdhani,PRYJ,Prayagraj Jn,1978,7,Mon,130,Winter,Sunny,0.19,0,31.2,2.0,32.1
12951,Mumbai Rajdhani Express,Rajdhani,RTM,Ratlam Jn,1302,5,Fri,130,Autumn,Foggy,0.0,0,95.7,2.5,90.5
12951,Mumbai Rajdhani Express,Rajdhani,AGC,Agra Cantt,424,15,Wed,130,Summer,Foggy,0.05,0,71.5,4.2,73.7
12810,Howrah Mumbai Mail,Mail Superfast,TATA,Tatanagar Jn,1950,15,Fri,88,Summer,Clear,0.07,0,48.4,2.0,42.8
12301,Howrah Rajdhani Express,Rajdhani,GWL,Gwalior Jn,257,10,Tue,130,Summer,Sunny,0.05,0,20.0,2.6,20.6
20801,Magadh Express,Superfast,BRC,Vadodara Jn,2084,5,Tue,85,Monsoon,Misty,0.06,0,12.2,1.5,13.2
20801,Magadh Express,Superfast,CNB,Kanpur Central,627,2,Thu,85,Summer,Sunny,0.19,0,50.0,2.5,49.0
12301,Howrah Rajdhani Express,Rajdhani,KOTA,Kota Jn,732,5,Tue,130,Monsoon,Foggy,0.12,0,102.3,1.9,92.2
12301,Howrah Rajdhani Express,Rajdhani,CNB,Kanpur Central,867,7,Fri,130,Autumn,Foggy,0.09,0,61.5,4.7,71.1
12810,Howrah Mumbai Mail,Mail Superfast,BSP,Bilaspur Jn,876,3,Fri,88,Summer,Clear,0.07,0,25.6,1.6,30.0
12951,Mumbai Rajdhani Express,Rajdhani,BSP,Bilaspur Jn,2010,10,Mon,130,Monsoon,Rainy,0.01,0,70.3,1.6,65.6
12628,Karnataka Superfast Express,Superfast,TATA,Tatanagar Jn,1330,3,Mon,85,Monsoon,Misty,0.01,0,45.5,1.1,44.5
12259,Sealdah Bikaner Duronto,Duronto,KOTA,Kota Jn,1880,7,Sat,110,Autumn,Sunny,0.01,1,63.5,4.3,56.1
12002,Bhopal Shatabdi Express,Shatabdi,MTJ,Mathura Jn,719,2,Mon,120,Monsoon,Misty,0.19,0,34.3,3.1,31.2
12951,Mumbai Rajdhani Express,Rajdhani,PRYJ,Prayagraj Jn,519,5,Thu,130,Autumn,Foggy,0.12,0,73.1,3.2,66.6
12953,August Kranti Rajdhani,Rajdhani,BSP,Bilaspur Jn,639,2,Sun,130,Winter,Rainy,0.08,1,32.8,1.3,29.0
12431,Trivandrum Rajdhani Express,Rajdhani,PRYJ,Prayagraj Jn,1863,7,Thu,125,Autumn,Clear,0.19,0,37.1,4.9,35.6
12810,Howrah Mumbai Mail,Mail Superfast,TATA,Tatanagar Jn,1358,15,Sun,88,Winter,Rainy,0.05,1,62.0,2.0,54.4
12628,Karnataka Superfast Express,Superfast,BPL,Bhopal Jn,312,15,Sat,85,Monsoon,Foggy,0.02,1,36.3,3.0,41.8
12301,Howrah Rajdhani Express,Rajdhani,BRC,Vadodara Jn,1466,3,Sun,130,Summer,Clear,0.03,1,28.8,3.4,31.7
12431,Trivandrum Rajdhani Express,Rajdhani,ST,Surat,1371,5,Tue,125,Monsoon,Sunny,0.16,0,22.6,4.4,22.6
12951,Mumbai Rajdhani Express,Rajdhani,BPL,Bhopal Jn,1391,3,Sat,130,Autumn,Sunny,0.15,1,36.3,4.7,34.3
12431,Trivandrum Rajdhani Express,Rajdhani,GWL,Gwalior Jn,2030,2,Wed,125,Winter,Misty,0.63,0,47.0,4.9,53.6
12628,Karnataka Superfast Express,Superfast,NGP,Nagpur Jn,1670,5,Tue,85,Monsoon,Clear,0.05,0,26.3,4.9,24.0
12953,August Kranti Rajdhani,Rajdhani,DHN,Dhanbad Jn,423,3,Wed,130,Winter,Rainy,0.07,0,39.4,2.3,37.5
12628,Karnataka Superfast Express,Superfast,PRYJ,Prayagraj Jn,2114,15,Sat,85,Winter,Foggy,0.62,1,100.4,1.0,89.8
12951,Mumbai Rajdhani Express,Rajdhani,DDU,Pt Deen Dayal Upadhyaya,1231,2,Wed,130,Monsoon,Rainy,0.02,0,51.3,5.0,58.7
12953,August Kranti Rajdhani,Rajdhani,ST,Surat,756,2,Sat,130,Summer,Misty,0.08,1,16.8,2.0,15.3
12953,August Kranti Rajdhani,Rajdhani,GWL,Gwalior Jn,150,5,Sat,130,Monsoon,Clear,0.13,1,13.2,2.6,11.8
12810,Howrah Mumbai Mail,Mail Superfast,DDU,Pt Deen Dayal Upadhyaya,1503,10,Thu,88,Summer,Sunny,0.14,0,20.0,1.5,22.0
12431,Trivandrum Rajdhani Express,Rajdhani,MTJ,Mathura Jn,318,10,Wed,125,Winter,Misty,0.96,0,31.9,2.9,27.8
12951,Mumbai Rajdhani Express,Rajdhani,PRYJ,Prayagraj Jn,479,5,Tue,130,Winter,Clear,0.12,0,17.4,4.5,19.1
12002,Bhopal Shatabdi Express,Shatabdi,DHN,Dhanbad Jn,1229,7,Thu,120,Autumn,Clear,0.02,0,31.3,3.2,29.9
22436,Varanasi Vande Bharat Express,Vande Bharat,PRYJ,Prayagraj Jn,1962,5,Sat,140,Autumn,Clear,0.06,1,20.2,1.6,19.6
12431,Trivandrum Rajdhani Express,Rajdhani,NGP,Nagpur Jn,1588,5,Mon,125,Autumn,Foggy,0.19,0,140.0,2.2,125.3
12002,Bhopal Shatabdi Express,Shatabdi,BSP,Bilaspur Jn,360,5,Sat,120,Summer,Clear,0.09,1,18.3,2.6,17.7
12259,Sealdah Bikaner Duronto,Duronto,DDU,Pt Deen Dayal Upadhyaya,2090,10,Tue,110,Monsoon,Foggy,0.18,0,95.2,5.0,93.1
12951,Mumbai Rajdhani Express,Rajdhani,AGC,Agra Cantt,401,5,Tue,130,Winter,Sunny,0.15,0,24.1,1.1,22.0
12431,Trivandrum Rajdhani Express,Rajdhani,ST,Surat,1454,2,Tue,125,Autumn,Misty,0.08,0,13.9,2.6,16.3
12951,Mumbai Rajdhani Express,Rajdhani,KOTA,Kota Jn,132,3,Sat,130,Winter,Foggy,0.71,1,30.8,1.0,34.8
12002,Bhopal Shatabdi Express,Shatabdi,ST,Surat,654,2,Sun,120,Summer,Clear,0.03,1,20.5,3.4,20.7
12259,Sealdah Bikaner Duronto,Duronto,PRYJ,Prayagraj Jn,864,10,Thu,110,Monsoon,Sunny,0.17,0,31.9,1.2,31.6
12951,Mumbai Rajdhani Express,Rajdhani,KOTA,Kota Jn,2119,5,Sun,130,Autumn,Rainy,0.18,1,33.5,3.6,38.8
12810,Howrah Mumbai Mail,Mail Superfast,DDU,Pt Deen Dayal Upadhyaya,1022,3,Fri,88,Monsoon,Rainy,0.19,0,31.4,1.5,29.5
20801,Magadh Express,Superfast,GWL,Gwalior Jn,1259,7,Wed,85,Monsoon,Misty,0.04,0,48.4,2.6,45.8
12002,Bhopal Shatabdi Express,Shatabdi,BRC,Vadodara Jn,1768,10,Thu,120,Autumn,Clear,0.06,0,28.4,1.0,29.2
12301,Howrah Rajdhani Express,Rajdhani,TATA,Tatanagar Jn,1933,2,Tue,130,Monsoon,Misty,0.08,0,44.7,2.2,39.7
12951,Mumbai Rajdhani Express,Rajdhani,KOTA,Kota Jn,1595,2,Tue,130,Monsoon,Clear,0.07,0,38.8,1.3,36.8
22436,Varanasi Vande Bharat Express,Vande Bharat,BPL,Bhopal Jn,484,7,Tue,140,Winter,Foggy,0.8,0,64.7,2.7,69.8
22436,Varanasi Vande Bharat Express,Vande Bharat,RTM,Ratlam Jn,1186,2,Tue,140,Monsoon,Rainy,0.09,0,54.1,3.8,56.4
22436,Varanasi Vande Bharat Express,Vande Bharat,NGP,Nagpur Jn,1407,15,Sun,140,Monsoon,Foggy,0.12,1,46.0,1.5,45.0
12301,Howrah Rajdhani Express,Rajdhani,GWL,Gwalior Jn,1859,7,Sat,130,Monsoon,Foggy,0.12,1,63.0,2.6,56.5
20801,Magadh Express,Superfast,BPL,Bhopal Jn,128,7,Wed,85,Autumn,Foggy,0.11,0,54.0,3.7,54.4
12431,Trivandrum Rajdhani Express,Rajdhani,DHN,Dhanbad Jn,124,3,Sat,125,Winter,Misty,0.71,1,25.7,3.3,24.9
12301,Howrah Rajdhani Express,Rajdhani,BPL,Bhopal Jn,688,15,Tue,130,Summer,Sunny,0.17,0,26.9,1.9,27.7
12810,Howrah Mumbai Mail,Mail Superfast,ST,Surat,771,10,Tue,88,Summer,Rainy,0.05,0,107.0,4.7,103.4
20801,Magadh Express,Superfast,NGP,Nagpur Jn,1069,5,Tue,85,Monsoon,Sunny,0.09,0,35.6,1.9,39.9
12002,Bhopal Shatabdi Express,Shatabdi,ST,Surat,100,3,Fri,120,Winter,Rainy,0.14,0,39.1,2.7,43.3
12810,Howrah Mumbai Mail,Mail Superfast,MTJ,Mathura Jn,389,5,Tue,88,Summer,Rainy,0.1,0,39.7,4.6,45.4
12810,Howrah Mumbai Mail,Mail Superfast,DDU,Pt Deen Dayal Upadhyaya,1912,7,Wed,88,Summer,Foggy,0.01,0,114.3,2.7,125.5
12628,Karnataka Superfast Express,Superfast,BRC,Vadodara Jn,1107,5,Mon,85,Winter,Foggy,0.92,0,104.6,3.7,116.9
12002,Bhopal Shatabdi Express,Shatabdi,BPL,Bhopal Jn,408,10,Thu,120,Autumn,Foggy,0.04,0,131.7,4.5,115.9
12301,Howrah Rajdhani Express,Rajdhani,BSP,Bilaspur Jn,1914,2,Wed,130,Autumn,Clear,0.19,0,26.4,1.8,27.8
12259,Sealdah Bikaner Duronto,Duronto,KOTA,Kota Jn,447,2,Fri,110,Monsoon,Sunny,0.13,0,59.6,3.6,63.5
12951,Mumbai Rajdhani Express,Rajdhani,KOTA,Kota Jn,1879,15,Thu,130,Monsoon,Clear,0.14,0,34.0,4.1,38.2
20801,Magadh Express,Superfast,BSP,Bilaspur Jn,263,5,Mon,85,Autumn,Sunny,0.0,0,33.9,3.8,33.8
12259,Sealdah Bikaner Duronto,Duronto,NGP,Nagpur Jn,390,5,Sun,110,Autumn,Rainy,0.19,1,50.1,3.3,49.8
12628,Karnataka Superfast Express,Superfast,PRYJ,Prayagraj Jn,1237,3,Sat,85,Autumn,Misty,0.17,1,55.3,2.0,55.2
12951,Mumbai Rajdhani Express,Rajdhani,PRYJ,Prayagraj Jn,1255,5,Sat,130,Monsoon,Rainy,0.0,1,52.0,1.6,48.4
20801,Magadh Express,Superfast,MTJ,Mathura Jn,405,3,Thu,85,Winter,Sunny,0.02,0,34.8,2.3,30.8
12628,Karnataka Superfast Express,Superfast,MTJ,Mathura Jn,1944,10,Mon,85,Winter,Clear,0.04,0,69.4,4.0,76.4
20801,Magadh Express,Superfast,CNB,Kanpur Central,761,7,Sat,85,Monsoon,Foggy,0.06,1,91.4,2.6,91.6
12953,August Kranti Rajdhani,Rajdhani,DHN,Dhanbad Jn,2078,2,Fri,130,Summer,Sunny,0.04,0,34.4,2.3,34.2
12301,Howrah Rajdhani Express,Rajdhani,DDU,Pt Deen Dayal Upadhyaya,1615,10,Mon,130,Summer,Rainy,0.12,0,52.1,2.2,51.5
12810,Howrah Mumbai Mail,Mail Superfast,GWL,Gwalior Jn,1917,5,Mon,88,Monsoon,Misty,0.09,0,61.7,3.3,66.9
12951,Mumbai Rajdhani Express,Rajdhani,TATA,Tatanagar Jn,588,2,Fri,130,Autumn,Sunny,0.04,0,32.9,4.4,29.5
12301,Howrah Rajdhani Express,Rajdhani,BRC,Vadodara Jn,1814,7,Thu,130,Autumn,Sunny,0.0,0,23.7,2.4,20.9
12259,Sealdah Bikaner Duronto,Duronto,BPL,Bhopal Jn,1568,15,Sat,110,Autumn,Rainy,0.07,1,80.6,2.4,81.3
12810,Howrah Mumbai Mail,Mail Superfast,ST,Surat,1482,10,Mon,88,Winter,Foggy,0.81,0,104.5,4.2,108.3
12810,Howrah Mumbai Mail,Mail Superfast,AGC,Agra Cantt,1339,5,Mon,88,Summer,Sunny,0.18,0,43.0,1.3,41.6
12810,Howrah Mumbai Mail,Mail Superfast,ST,Surat,1844,2,Tue,88,Summer,Sunny,0.11,0,32.0,3.1,37.1
22436,Varanasi Vande Bharat Express,Vande Bharat,BPL,Bhopal Jn,1321,5,Mon,140,Summer,Foggy,0.04,0,77.3,1.6,89.0
12951,Mumbai Rajdhani Express,Rajdhani,DHN,Dhanbad Jn,1014,2,Sat,130,Monsoon,Clear,0.11,1,34.0,4.9,36.5
20801,Magadh Express,Superfast,ST,Surat,2048,15,Fri,85,Autumn,Clear,0.16,0,85.1,4.5,76.1
12431,Trivandrum Rajdhani Express,Rajdhani,KOTA,Kota Jn,1200,3,Sun,125,Monsoon,Rainy,0.2,1,36.6,1.8,42.4
12628,Karnataka Superfast Express,Superfast,AGC,Agra Cantt,2186,2,Sun,85,Autumn,Foggy,0.06,1,109.2,3.3,119.1
12810,Howrah Mumbai Mail,Mail Superfast,NGP,Nagpur Jn,284,5,Mon,88,Monsoon,Misty,0.17,0,38.4,3.6,41.2
12951,Mumbai Rajdhani Express,Rajdhani,DHN,Dhanbad Jn,673,7,Tue,130,Winter,Rainy,0.18,0,59.5,3.1,60.1
12810,Howrah Mumbai Mail,Mail Superfast,KOTA,Kota Jn,1902,15,Mon,88,Summer,Clear,0.11,0,49.7,2.9,43.7
22436,Varanasi Vande Bharat Express,Vande Bharat,NGP,Nagpur Jn,1194,5,Wed,140,Winter,Misty,0.96,0,23.6,1.8,21.9
12002,Bhopal Shatabdi Express,Shatabdi,TATA,Tatanagar Jn,1232,3,Fri,120,Monsoon,Misty,0.17,0,26.7,3.3,23.4
12301,Howrah Rajdhani Express,Rajdhani,ST,Surat,1246,5,Sat,130,Monsoon,Misty,0.08,1,27.2,2.8,29.0
12953,August Kranti Rajdhani,Rajdhani,RTM,Ratlam Jn,1672,10,Mon,130,Autumn,Sunny,0.14,0,24.7,1.7,23.4
12259,Sealdah Bikaner Duronto,Duronto,BRC,Vadodara Jn,712,5,Sun,110,Winter,Foggy,0.82,1,143.6,4.1,131.0
20801,Magadh Express,Superfast,MTJ,Mathura Jn,1064,5,Thu,85,Winter,Foggy,0.97,0,114.5,2.8,101.0
12951,Mumbai Rajdhani Express,Rajdhani,KOTA,Kota Jn,331,2,Tue,130,Summer,Foggy,0.14,0,115.4,3.8,122.1
12810,Howrah Mumbai Mail,Mail Superfast,TATA,Tatanagar Jn,1249,15,Sun,88,Autumn,Clear,0.13,1,59.5,4.9,54.7
12301,Howrah Rajdhani Express,Rajdhani,BPL,Bhopal Jn,417,2,Wed,130,Monsoon,Sunny,0.12,0,27.5,4.4,27.8
22436,Varanasi Vande Bharat Express,Vande Bharat,AGC,Agra Cantt,337,5,Fri,140,Winter,Rainy,0.1,0,46.2,2.5,42.1
12628,Karnataka Superfast Express,Superfast,CNB,Kanpur Central,193,5,Wed,85,Autumn,Foggy,0.04,0,86.0,4.8,96.1
20801,Magadh Express,Superfast,GWL,Gwalior Jn,214,7,Sat,85,Winter,Sunny,0.02,1,49.2,4.0,43.6
12953,August Kranti Rajdhani,Rajdhani,CNB,Kanpur Central,648,2,Sat,130,Autumn,Clear,0.1,1,25.3,3.6,22.5
12301,Howrah Rajdhani Express,Rajdhani,DDU,Pt Deen Dayal Upadhyaya,640,5,Sun,130,Winter,Clear,0.01,1,12.3,2.9,11.9
12628,Karnataka Superfast Express,Superfast,RTM,Ratlam Jn,1960,2,Wed,85,Autumn,Rainy,0.12,0,53.8,2.0,56.7
12953,August Kranti Rajdhani,Rajdhani,PRYJ,Prayagraj Jn,1927,2,Thu,130,Summer,Sunny,0.07,0,39.8,4.2,36.1
12628,Karnataka Superfast Express,Superfast,BRC,Vadodara Jn,1403,15,Wed,85,Monsoon,Rainy,0.13,0,28.8,3.7,32.8
12431,Trivandrum Rajdhani Express,Rajdhani,PRYJ,Prayagraj Jn,1247,5,Fri,125,Summer,Misty,0.05,0,17.8,1.2,15.6
12810,Howrah Mumbai Mail,Mail Superfast,BRC,Vadodara Jn,519,5,Wed,88,Autumn,Clear,0.13,0,70.2,4.7,64.5
12951,Mumbai Rajdhani Express,Rajdhani,RTM,Ratlam Jn,1711,3,Thu,130,Autumn,Clear,0.06,0,26.1,4.0,25.2
12953,August Kranti Rajdhani,Rajdhani,ST,Surat,1339,5,Sun,130,Summer,Sunny,0.13,1,29.2,2.4,31.4
12431,Trivandrum Rajdhani Express,Rajdhani,PRYJ,Prayagraj Jn,1049,10,Sun,125,Monsoon,Clear,0.18,1,27.5,3.9,28.1
12002,Bhopal Shatabdi Express,Shatabdi,PRYJ,Prayagraj Jn,2172,5,Wed,120,Autumn,Sunny,0.15,0,47.6,4.5,42.0
12259,Sealdah Bikaner Duronto,Duronto,BPL,Bhopal Jn,703,15,Sat,110,Summer,Misty,0.18,1,43.5,1.9,47.7
12951,Mumbai Rajdhani Express,Rajdhani,KOTA,Kota Jn,1346,5,Fri,130,Winter,Rainy,0.11,0,37.5,5.0,42.7
12259,Sealdah Bikaner Duronto,Duronto,BRC,Vadodara Jn,1872,10,Fri,110,Monsoon,Rainy,0.11,0,54.6,1.1,55.1
12810,Howrah Mumbai Mail,Mail Superfast,GWL,Gwalior Jn,1561,5,Tue,88,Winter,Rainy,0.15,0,99.1,3.6,92.4
20801,Magadh Express,Superfast,BRC,Vadodara Jn,153,5,Thu,85,Winter,Foggy,0.6,0,89.3,4.6,85.6
12810,Howrah Mumbai Mail,Mail Superfast,BSP,Bilaspur Jn,2064,10,Mon,88,Summer,Rainy,0.17,0,69.3,3.8,63.3
12628,Karnataka Superfast Express,Superfast,DDU,Pt Deen Dayal Upadhyaya,626,5,Thu,85,Autumn,Rainy,0.01,0,62.6,3.1,55.4
12002,Bhopal Shatabdi Express,Shatabdi,GWL,Gwalior Jn,1674,5,Sun,120,Monsoon,Clear,0.12,1,37.9,1.5,38.9
12431,Trivandrum Rajdhani Express,Rajdhani,BPL,Bhopal Jn,419,2,Mon,125,Autumn,Foggy,0.08,0,69.8,1.6,61.5
12951,Mumbai Rajdhani Express,Rajdhani,KOTA,Kota Jn,1001,5,Sun,130,Summer,Sunny,0.14,1,28.0,3.5,32.1
