dish_id,dish_name,restaurant_id,restaurant_name,station_code,cuisine,category,price,original_price,discount_pct,is_veg,is_jain_available,spice_level,prep_time_mins,calories_kcal,rating,reviews_count,is_bestseller,hygiene_score_pct,description
dish_1,Royal Maharaja Special Veg Thali,rest_1,Haldiram's Express,ST,North Indian,thali,249,319,22,1,1,2,15,680,4.6,947,1,98,"Full Meal Box with Paneer, Dal, 4 Rotis, Rice & Sweet"
dish_2,Standard Deluxe Mini Thali,rest_1,Haldiram's Express,ST,North Indian,thali,179,229,22,1,1,1,12,520,4.6,113,1,94,"Dal Tadka, Mix Veg, 3 Rotis, Jeera Rice, Pickle"
dish_3,Shahi Paneer Butter Masala Combo,rest_1,Haldiram's Express,ST,North Indian,north_indian,239,269,11,1,1,2,14,580,4.7,750,0,95,Cottage cheese cubes in buttery gravy with 2 Garlic Naans
dish_4,Dal Makhani with Jeera Rice,rest_1,Haldiram's Express,ST,North Indian,north_indian,179,209,14,1,1,1,10,490,4.8,326,1,96,Slow cooked black lentils with aromatic cumin basmati rice
dish_5,Royal Dum Veg Paneer Biryani,rest_1,Haldiram's Express,ST,North Indian,biryani,249,289,14,1,1,2,15,610,4.7,512,1,95,Charcoal cooked fragrant basmati rice with paneer cubes & mint
dish_6,Cheesy Farmhouse Delight Pizza (Medium),rest_1,Haldiram's Express,ST,North Indian,pizza,309,349,11,1,0,1,15,720,4.6,889,1,96,"Loaded with capsicum, onion, grilled mushroom, crisp tomato & mozzarella"
dish_7,Ghee Podi Masala Dosa with Sambar,rest_1,Haldiram's Express,ST,North Indian,south_indian,159,179,11,1,0,2,8,420,4.5,851,1,94,Crispy golden crepe roasted in pure desi ghee with potato filling
dish_8,Steamed Button Idlis & Medu Vada Combo,rest_1,Haldiram's Express,ST,North Indian,south_indian,109,169,36,1,1,1,6,340,4.6,1082,1,95,4 Fluffy rice cakes + 2 crispy lentil donuts with coconut chutney
dish_9,Jain Special Satvik Khichdi Bowl,rest_1,Haldiram's Express,ST,North Indian,jain,169,179,6,1,1,1,10,380,4.4,810,1,99,No onion no garlic yellow moong dal rice prepared in cow ghee
dish_10,Jain Paneer Kadhai with Phulkas,rest_1,Haldiram's Express,ST,North Indian,jain,249,289,14,1,1,1,14,510,4.7,809,0,98,Prepared strictly without root vegetables or onion garlic
dish_11,Crispy Jumbo Paneer Tikka Wrap,rest_1,Haldiram's Express,ST,North Indian,snacks,159,209,24,1,0,2,10,460,4.5,978,1,97,Marinated paneer chunks grilled in tandoor rolled in flaky paratha
dish_12,Kulhad Ginger Elaichi Chai (Serves 2),rest_1,Haldiram's Express,ST,North Indian,beverages,89,99,10,1,1,1,5,120,4.5,172,1,94,Freshly brewed tea infused with ginger and green cardamom in earthen cups
dish_13,Filter Coffee Flask (500ml),rest_1,Haldiram's Express,ST,North Indian,beverages,99,149,34,1,1,1,5,150,4.6,446,0,99,Strong South Indian chicory blend filter coffee
dish_14,Hot Angoori Gulab Jamun (4 pcs),rest_1,Haldiram's Express,ST,North Indian,dessert,99,119,17,1,1,1,4,310,4.4,506,1,96,Soft cottage cheese dumplings soaked in saffron sugar syrup
dish_15,Royal Kesar Rasmalai (2 pcs),rest_1,Haldiram's Express,ST,North Indian,dessert,129,169,24,1,1,1,4,280,4.5,897,0,97,Spongy discs in thickened pistachio saffron milk
dish_16,Royal Maharaja Special Veg Thali,rest_1,Haldiram's Express,BRC,North Indian,thali,249,299,17,1,1,2,15,680,4.7,1177,1,95,"Full Meal Box with Paneer, Dal, 4 Rotis, Rice & Sweet"
dish_17,Standard Deluxe Mini Thali,rest_1,Haldiram's Express,BRC,North Indian,thali,169,229,26,1,1,1,12,520,4.6,573,1,95,"Dal Tadka, Mix Veg, 3 Rotis, Jeera Rice, Pickle"
dish_18,Shahi Paneer Butter Masala Combo,rest_1,Haldiram's Express,BRC,North Indian,north_indian,209,269,22,1,1,2,14,580,4.9,645,0,97,Cottage cheese cubes in buttery gravy with 2 Garlic Naans
dish_19,Dal Makhani with Jeera Rice,rest_1,Haldiram's Express,BRC,North Indian,north_indian,159,209,24,1,1,1,10,490,4.7,678,1,98,Slow cooked black lentils with aromatic cumin basmati rice
dish_20,Royal Dum Veg Paneer Biryani,rest_1,Haldiram's Express,BRC,North Indian,biryani,239,289,17,1,1,2,15,610,4.6,314,1,96,Charcoal cooked fragrant basmati rice with paneer cubes & mint
dish_21,Cheesy Farmhouse Delight Pizza (Medium),rest_1,Haldiram's Express,BRC,North Indian,pizza,319,369,14,1,0,1,15,720,4.7,728,1,95,"Loaded with capsicum, onion, grilled mushroom, crisp tomato & mozzarella"
dish_22,Ghee Podi Masala Dosa with Sambar,rest_1,Haldiram's Express,BRC,North Indian,south_indian,129,169,24,1,0,2,8,420,4.8,96,1,96,Crispy golden crepe roasted in pure desi ghee with potato filling
dish_23,Steamed Button Idlis & Medu Vada Combo,rest_1,Haldiram's Express,BRC,North Indian,south_indian,109,169,36,1,1,1,6,340,4.6,579,1,97,4 Fluffy rice cakes + 2 crispy lentil donuts with coconut chutney
dish_24,Jain Special Satvik Khichdi Bowl,rest_1,Haldiram's Express,BRC,North Indian,jain,169,199,15,1,1,1,10,380,4.6,274,1,98,No onion no garlic yellow moong dal rice prepared in cow ghee
dish_25,Jain Paneer Kadhai with Phulkas,rest_1,Haldiram's Express,BRC,North Indian,jain,229,269,15,1,1,1,14,510,4.7,845,0,98,Prepared strictly without root vegetables or onion garlic
dish_26,Crispy Jumbo Paneer Tikka Wrap,rest_1,Haldiram's Express,BRC,North Indian,snacks,149,189,21,1,0,2,10,460,4.4,1177,1,97,Marinated paneer chunks grilled in tandoor rolled in flaky paratha
dish_27,Kulhad Ginger Elaichi Chai (Serves 2),rest_1,Haldiram's Express,BRC,North Indian,beverages,79,99,20,1,1,1,5,120,4.6,252,1,96,Freshly brewed tea infused with ginger and green cardamom in earthen cups
dish_28,Filter Coffee Flask (500ml),rest_1,Haldiram's Express,BRC,North Indian,beverages,89,129,31,1,1,1,5,150,4.5,967,0,97,Strong South Indian chicory blend filter coffee
dish_29,Hot Angoori Gulab Jamun (4 pcs),rest_1,Haldiram's Express,BRC,North Indian,dessert,109,109,0,1,1,1,4,310,4.7,110,1,97,Soft cottage cheese dumplings soaked in saffron sugar syrup
dish_30,Royal Kesar Rasmalai (2 pcs),rest_1,Haldiram's Express,BRC,North Indian,dessert,109,169,36,1,1,1,4,280,4.6,172,0,98,Spongy discs in thickened pistachio saffron milk
dish_31,Royal Maharaja Special Veg Thali,rest_1,Haldiram's Express,KOTA,North Indian,thali,269,319,16,1,1,2,15,680,4.7,946,1,96,"Full Meal Box with Paneer, Dal, 4 Rotis, Rice & Sweet"
dish_32,Standard Deluxe Mini Thali,rest_1,Haldiram's Express,KOTA,North Indian,thali,179,229,22,1,1,1,12,520,4.8,188,1,97,"Dal Tadka, Mix Veg, 3 Rotis, Jeera Rice, Pickle"
dish_33,Shahi Paneer Butter Masala Combo,rest_1,Haldiram's Express,KOTA,North Indian,north_indian,209,259,19,1,1,2,14,580,4.8,485,0,95,Cottage cheese cubes in buttery gravy with 2 Garlic Naans
dish_34,Dal Makhani with Jeera Rice,rest_1,Haldiram's Express,KOTA,North Indian,north_indian,159,209,24,1,1,1,10,490,4.9,447,1,99,Slow cooked black lentils with aromatic cumin basmati rice
dish_35,Royal Dum Veg Paneer Biryani,rest_1,Haldiram's Express,KOTA,North Indian,biryani,239,289,17,1,1,2,15,610,4.6,188,1,95,Charcoal cooked fragrant basmati rice with paneer cubes & mint
dish_36,Cheesy Farmhouse Delight Pizza (Medium),rest_1,Haldiram's Express,KOTA,North Indian,pizza,299,349,14,1,0,1,15,720,4.5,1108,1,97,"Loaded with capsicum, onion, grilled mushroom, crisp tomato & mozzarella"
dish_37,Ghee Podi Masala Dosa with Sambar,rest_1,Haldiram's Express,KOTA,North Indian,south_indian,149,189,21,1,0,2,8,420,4.7,766,1,99,Crispy golden crepe roasted in pure desi ghee with potato filling
dish_38,Steamed Button Idlis & Medu Vada Combo,rest_1,Haldiram's Express,KOTA,North Indian,south_indian,109,169,36,1,1,1,6,340,4.6,362,1,95,4 Fluffy rice cakes + 2 crispy lentil donuts with coconut chutney
dish_39,Jain Special Satvik Khichdi Bowl,rest_1,Haldiram's Express,KOTA,North Indian,jain,159,199,20,1,1,1,10,380,4.4,672,1,95,No onion no garlic yellow moong dal rice prepared in cow ghee
dish_40,Jain Paneer Kadhai with Phulkas,rest_1,Haldiram's Express,KOTA,North Indian,jain,219,279,22,1,1,1,14,510,4.6,155,0,94,Prepared strictly without root vegetables or onion garlic
dish_41,Crispy Jumbo Paneer Tikka Wrap,rest_1,Haldiram's Express,KOTA,North Indian,snacks,169,189,11,1,0,2,10,460,4.5,370,1,94,Marinated paneer chunks grilled in tandoor rolled in flaky paratha
dish_42,Kulhad Ginger Elaichi Chai (Serves 2),rest_1,Haldiram's Express,KOTA,North Indian,beverages,69,109,37,1,1,1,5,120,4.6,591,1,95,Freshly brewed tea infused with ginger and green cardamom in earthen cups
dish_43,Filter Coffee Flask (500ml),rest_1,Haldiram's Express,KOTA,North Indian,beverages,99,129,23,1,1,1,5,150,4.5,359,0,96,Strong South Indian chicory blend filter coffee
dish_44,Hot Angoori Gulab Jamun (4 pcs),rest_1,Haldiram's Express,KOTA,North Indian,dessert,79,109,28,1,1,1,4,310,4.9,555,1,98,Soft cottage cheese dumplings soaked in saffron sugar syrup
dish_45,Royal Kesar Rasmalai (2 pcs),rest_1,Haldiram's Express,KOTA,North Indian,dessert,119,149,20,1,1,1,4,280,4.7,176,0,96,Spongy discs in thickened pistachio saffron milk
dish_46,Royal Maharaja Special Veg Thali,rest_1,Haldiram's Express,AGC,North Indian,thali,269,299,10,1,1,2,15,680,4.7,275,1,99,"Full Meal Box with Paneer, Dal, 4 Rotis, Rice & Sweet"
dish_47,Standard Deluxe Mini Thali,rest_1,Haldiram's Express,AGC,North Indian,thali,169,219,23,1,1,1,12,520,4.5,505,1,96,"Dal Tadka, Mix Veg, 3 Rotis, Jeera Rice, Pickle"
dish_48,Shahi Paneer Butter Masala Combo,rest_1,Haldiram's Express,AGC,North Indian,north_indian,229,259,12,1,1,2,14,580,4.5,286,0,95,Cottage cheese cubes in buttery gravy with 2 Garlic Naans
dish_49,Dal Makhani with Jeera Rice,rest_1,Haldiram's Express,AGC,North Indian,north_indian,169,219,23,1,1,1,10,490,4.5,451,1,98,Slow cooked black lentils with aromatic cumin basmati rice
dish_50,Royal Dum Veg Paneer Biryani,rest_1,Haldiram's Express,AGC,North Indian,biryani,259,289,10,1,1,2,15,610,4.8,404,1,95,Charcoal cooked fragrant basmati rice with paneer cubes & mint
dish_51,Cheesy Farmhouse Delight Pizza (Medium),rest_1,Haldiram's Express,AGC,North Indian,pizza,309,359,14,1,0,1,15,720,4.8,923,1,99,"Loaded with capsicum, onion, grilled mushroom, crisp tomato & mozzarella"
dish_52,Ghee Podi Masala Dosa with Sambar,rest_1,Haldiram's Express,AGC,North Indian,south_indian,149,179,17,1,0,2,8,420,4.5,703,1,95,Crispy golden crepe roasted in pure desi ghee with potato filling
dish_53,Steamed Button Idlis & Medu Vada Combo,rest_1,Haldiram's Express,AGC,North Indian,south_indian,139,159,13,1,1,1,6,340,4.8,690,1,98,4 Fluffy rice cakes + 2 crispy lentil donuts with coconut chutney
dish_54,Jain Special Satvik Khichdi Bowl,rest_1,Haldiram's Express,AGC,North Indian,jain,169,189,11,1,1,1,10,380,4.8,434,1,96,No onion no garlic yellow moong dal rice prepared in cow ghee
dish_55,Jain Paneer Kadhai with Phulkas,rest_1,Haldiram's Express,AGC,North Indian,jain,249,279,11,1,1,1,14,510,4.5,436,0,99,Prepared strictly without root vegetables or onion garlic
dish_56,Crispy Jumbo Paneer Tikka Wrap,rest_1,Haldiram's Express,AGC,North Indian,snacks,149,209,29,1,0,2,10,460,4.8,810,1,95,Marinated paneer chunks grilled in tandoor rolled in flaky paratha
dish_57,Kulhad Ginger Elaichi Chai (Serves 2),rest_1,Haldiram's Express,AGC,North Indian,beverages,99,109,9,1,1,1,5,120,4.7,1049,1,99,Freshly brewed tea infused with ginger and green cardamom in earthen cups
dish_58,Filter Coffee Flask (500ml),rest_1,Haldiram's Express,AGC,North Indian,beverages,99,139,29,1,1,1,5,150,4.7,818,0,95,Strong South Indian chicory blend filter coffee
dish_59,Hot Angoori Gulab Jamun (4 pcs),rest_1,Haldiram's Express,AGC,North Indian,dessert,109,109,0,1,1,1,4,310,4.6,268,1,96,Soft cottage cheese dumplings soaked in saffron sugar syrup
dish_60,Royal Kesar Rasmalai (2 pcs),rest_1,Haldiram's Express,AGC,North Indian,dessert,119,159,25,1,1,1,4,280,4.9,907,0,96,Spongy discs in thickened pistachio saffron milk
dish_61,Royal Maharaja Special Veg Thali,rest_1,Haldiram's Express,CNB,North Indian,thali,259,319,19,1,1,2,15,680,4.8,627,1,97,"Full Meal Box with Paneer, Dal, 4 Rotis, Rice & Sweet"
dish_62,Standard Deluxe Mini Thali,rest_1,Haldiram's Express,CNB,North Indian,thali,199,219,9,1,1,1,12,520,4.6,584,1,99,"Dal Tadka, Mix Veg, 3 Rotis, Jeera Rice, Pickle"
dish_63,Shahi Paneer Butter Masala Combo,rest_1,Haldiram's Express,CNB,North Indian,north_indian,209,279,25,1,1,2,14,580,4.9,932,0,96,Cottage cheese cubes in buttery gravy with 2 Garlic Naans
dish_64,Dal Makhani with Jeera Rice,rest_1,Haldiram's Express,CNB,North Indian,north_indian,159,209,24,1,1,1,10,490,4.6,836,1,95,Slow cooked black lentils with aromatic cumin basmati rice
dish_65,Royal Dum Veg Paneer Biryani,rest_1,Haldiram's Express,CNB,North Indian,biryani,239,299,20,1,1,2,15,610,4.8,839,1,95,Charcoal cooked fragrant basmati rice with paneer cubes & mint
dish_66,Cheesy Farmhouse Delight Pizza (Medium),rest_1,Haldiram's Express,CNB,North Indian,pizza,309,359,14,1,0,1,15,720,4.8,634,1,97,"Loaded with capsicum, onion, grilled mushroom, crisp tomato & mozzarella"
dish_67,Ghee Podi Masala Dosa with Sambar,rest_1,Haldiram's Express,CNB,North Indian,south_indian,159,189,16,1,0,2,8,420,4.6,557,1,96,Crispy golden crepe roasted in pure desi ghee with potato filling
dish_68,Steamed Button Idlis & Medu Vada Combo,rest_1,Haldiram's Express,CNB,North Indian,south_indian,119,169,30,1,1,1,6,340,4.7,915,1,95,4 Fluffy rice cakes + 2 crispy lentil donuts with coconut chutney
dish_69,Jain Special Satvik Khichdi Bowl,rest_1,Haldiram's Express,CNB,North Indian,jain,159,199,20,1,1,1,10,380,4.5,673,1,95,No onion no garlic yellow moong dal rice prepared in cow ghee
dish_70,Jain Paneer Kadhai with Phulkas,rest_1,Haldiram's Express,CNB,North Indian,jain,249,279,11,1,1,1,14,510,4.9,388,0,96,Prepared strictly without root vegetables or onion garlic
dish_71,Crispy Jumbo Paneer Tikka Wrap,rest_1,Haldiram's Express,CNB,North Indian,snacks,149,199,25,1,0,2,10,460,4.6,400,1,99,Marinated paneer chunks grilled in tandoor rolled in flaky paratha
dish_72,Kulhad Ginger Elaichi Chai (Serves 2),rest_1,Haldiram's Express,CNB,North Indian,beverages,99,119,17,1,1,1,5,120,4.7,936,1,95,Freshly brewed tea infused with ginger and green cardamom in earthen cups
dish_73,Filter Coffee Flask (500ml),rest_1,Haldiram's Express,CNB,North Indian,beverages,99,139,29,1,1,1,5,150,4.5,666,0,97,Strong South Indian chicory blend filter coffee
dish_74,Hot Angoori Gulab Jamun (4 pcs),rest_1,Haldiram's Express,CNB,North Indian,dessert,99,129,23,1,1,1,4,310,4.8,584,1,99,Soft cottage cheese dumplings soaked in saffron sugar syrup
dish_75,Royal Kesar Rasmalai (2 pcs),rest_1,Haldiram's Express,CNB,North Indian,dessert,109,159,31,1,1,1,4,280,4.8,885,0,99,Spongy discs in thickened pistachio saffron milk
dish_76,Royal Maharaja Special Veg Thali,rest_1,Haldiram's Express,MTJ,North Indian,thali,249,309,19,1,1,2,15,680,4.7,564,1,98,"Full Meal Box with Paneer, Dal, 4 Rotis, Rice & Sweet"
dish_77,Standard Deluxe Mini Thali,rest_1,Haldiram's Express,MTJ,North Indian,thali,169,229,26,1,1,1,12,520,4.4,539,1,99,"Dal Tadka, Mix Veg, 3 Rotis, Jeera Rice, Pickle"
dish_78,Shahi Paneer Butter Masala Combo,rest_1,Haldiram's Express,MTJ,North Indian,north_indian,209,259,19,1,1,2,14,580,4.6,1135,0,99,Cottage cheese cubes in buttery gravy with 2 Garlic Naans
dish_79,Dal Makhani with Jeera Rice,rest_1,Haldiram's Express,MTJ,North Indian,north_indian,169,219,23,1,1,1,10,490,4.6,139,1,95,Slow cooked black lentils with aromatic cumin basmati rice
dish_80,Royal Dum Veg Paneer Biryani,rest_1,Haldiram's Express,MTJ,North Indian,biryani,229,299,23,1,1,2,15,610,4.8,1050,1,95,Charcoal cooked fragrant basmati rice with paneer cubes & mint
dish_81,Cheesy Farmhouse Delight Pizza (Medium),rest_1,Haldiram's Express,MTJ,North Indian,pizza,319,349,9,1,0,1,15,720,4.6,420,1,94,"Loaded with capsicum, onion, grilled mushroom, crisp tomato & mozzarella"
dish_82,Ghee Podi Masala Dosa with Sambar,rest_1,Haldiram's Express,MTJ,North Indian,south_indian,129,179,28,1,0,2,8,420,4.7,947,1,97,Crispy golden crepe roasted in pure desi ghee with potato filling
dish_83,Steamed Button Idlis & Medu Vada Combo,rest_1,Haldiram's Express,MTJ,North Indian,south_indian,109,169,36,1,1,1,6,340,4.8,871,1,99,4 Fluffy rice cakes + 2 crispy lentil donuts with coconut chutney
dish_84,Jain Special Satvik Khichdi Bowl,rest_1,Haldiram's Express,MTJ,North Indian,jain,159,199,20,1,1,1,10,380,4.5,349,1,94,No onion no garlic yellow moong dal rice prepared in cow ghee
dish_85,Jain Paneer Kadhai with Phulkas,rest_1,Haldiram's Express,MTJ,North Indian,jain,239,279,14,1,1,1,14,510,4.8,689,0,97,Prepared strictly without root vegetables or onion garlic
dish_86,Crispy Jumbo Paneer Tikka Wrap,rest_1,Haldiram's Express,MTJ,North Indian,snacks,179,189,5,1,0,2,10,460,4.6,649,1,95,Marinated paneer chunks grilled in tandoor rolled in flaky paratha
dish_87,Kulhad Ginger Elaichi Chai (Serves 2),rest_1,Haldiram's Express,MTJ,North Indian,beverages,79,109,28,1,1,1,5,120,4.8,687,1,96,Freshly brewed tea infused with ginger and green cardamom in earthen cups
dish_88,Filter Coffee Flask (500ml),rest_1,Haldiram's Express,MTJ,North Indian,beverages,119,129,8,1,1,1,5,150,4.9,471,0,98,Strong South Indian chicory blend filter coffee
dish_89,Hot Angoori Gulab Jamun (4 pcs),rest_1,Haldiram's Express,MTJ,North Indian,dessert,79,119,34,1,1,1,4,310,4.5,695,1,94,Soft cottage cheese dumplings soaked in saffron sugar syrup
dish_90,Royal Kesar Rasmalai (2 pcs),rest_1,Haldiram's Express,MTJ,North Indian,dessert,119,159,25,1,1,1,4,280,4.8,617,0,98,Spongy discs in thickened pistachio saffron milk
dish_91,Royal Maharaja Special Veg Thali,rest_2,Domino's Pizza Train Delivery,ST,Italian & Fast Food,thali,239,319,25,1,1,2,15,680,4.4,927,1,99,"Full Meal Box with Paneer, Dal, 4 Rotis, Rice & Sweet"
dish_92,Standard Deluxe Mini Thali,rest_2,Domino's Pizza Train Delivery,ST,Italian & Fast Food,thali,199,239,17,1,1,1,12,520,4.4,1022,1,94,"Dal Tadka, Mix Veg, 3 Rotis, Jeera Rice, Pickle"
dish_93,Shahi Paneer Butter Masala Combo,rest_2,Domino's Pizza Train Delivery,ST,Italian & Fast Food,north_indian,239,269,11,1,1,2,14,580,4.8,132,0,97,Cottage cheese cubes in buttery gravy with 2 Garlic Naans
dish_94,Dal Makhani with Jeera Rice,rest_2,Domino's Pizza Train Delivery,ST,Italian & Fast Food,north_indian,169,199,15,1,1,1,10,490,4.5,307,1,94,Slow cooked black lentils with aromatic cumin basmati rice
dish_95,Dum Gosht Hyderabadi Biryani,rest_2,Domino's Pizza Train Delivery,ST,Italian & Fast Food,biryani,319,409,22,0,0,3,18,750,4.4,796,1,98,Tender marinated meat layered with long basmati rice and saffron
dish_96,Royal Dum Veg Paneer Biryani,rest_2,Domino's Pizza Train Delivery,ST,Italian & Fast Food,biryani,229,289,21,1,1,2,15,610,4.5,585,1,98,Charcoal cooked fragrant basmati rice with paneer cubes & mint
dish_97,Cheesy Farmhouse Delight Pizza (Medium),rest_2,Domino's Pizza Train Delivery,ST,Italian & Fast Food,pizza,309,369,16,1,0,1,15,720,4.6,246,1,95,"Loaded with capsicum, onion, grilled mushroom, crisp tomato & mozzarella"
dish_98,Non-Veg Supreme Feast Pizza (Medium),rest_2,Domino's Pizza Train Delivery,ST,Italian & Fast Food,pizza,379,449,16,0,0,2,15,810,4.4,636,0,95,"Smoked chicken tikka, spicy meatballs & black olives"
dish_99,Ghee Podi Masala Dosa with Sambar,rest_2,Domino's Pizza Train Delivery,ST,Italian & Fast Food,south_indian,159,189,16,1,0,2,8,420,4.5,1067,1,99,Crispy golden crepe roasted in pure desi ghee with potato filling
dish_100,Steamed Button Idlis & Medu Vada Combo,rest_2,Domino's Pizza Train Delivery,ST,Italian & Fast Food,south_indian,119,169,30,1,1,1,6,340,4.4,285,1,96,4 Fluffy rice cakes + 2 crispy lentil donuts with coconut chutney
dish_101,Jain Special Satvik Khichdi Bowl,rest_2,Domino's Pizza Train Delivery,ST,Italian & Fast Food,jain,139,199,30,1,1,1,10,380,4.6,623,1,94,No onion no garlic yellow moong dal rice prepared in cow ghee
dish_102,Jain Paneer Kadhai with Phulkas,rest_2,Domino's Pizza Train Delivery,ST,Italian & Fast Food,jain,219,269,19,1,1,1,14,510,4.7,1090,0,98,Prepared strictly without root vegetables or onion garlic
dish_103,Crispy Jumbo Paneer Tikka Wrap,rest_2,Domino's Pizza Train Delivery,ST,Italian & Fast Food,snacks,159,189,16,1,0,2,10,460,4.3,594,1,98,Marinated paneer chunks grilled in tandoor rolled in flaky paratha
dish_104,Chicken Bhuna Egg Roll,rest_2,Domino's Pizza Train Delivery,ST,Italian & Fast Food,snacks,169,219,23,0,0,3,12,540,4.5,659,1,98,Spiced slow cooked chicken wrapped with double eggs
dish_105,Kulhad Ginger Elaichi Chai (Serves 2),rest_2,Domino's Pizza Train Delivery,ST,Italian & Fast Food,beverages,69,99,30,1,1,1,5,120,4.3,718,1,99,Freshly brewed tea infused with ginger and green cardamom in earthen cups
dish_106,Filter Coffee Flask (500ml),rest_2,Domino's Pizza Train Delivery,ST,Italian & Fast Food,beverages,99,129,23,1,1,1,5,150,4.4,934,0,97,Strong South Indian chicory blend filter coffee
dish_107,Hot Angoori Gulab Jamun (4 pcs),rest_2,Domino's Pizza Train Delivery,ST,Italian & Fast Food,dessert,79,119,34,1,1,1,4,310,4.8,147,1,99,Soft cottage cheese dumplings soaked in saffron sugar syrup
dish_108,Royal Kesar Rasmalai (2 pcs),rest_2,Domino's Pizza Train Delivery,ST,Italian & Fast Food,dessert,109,169,36,1,1,1,4,280,4.6,584,0,96,Spongy discs in thickened pistachio saffron milk
dish_109,Royal Maharaja Special Veg Thali,rest_2,Domino's Pizza Train Delivery,BRC,Italian & Fast Food,thali,249,299,17,1,1,2,15,680,4.8,490,1,96,"Full Meal Box with Paneer, Dal, 4 Rotis, Rice & Sweet"
dish_110,Standard Deluxe Mini Thali,rest_2,Domino's Pizza Train Delivery,BRC,Italian & Fast Food,thali,189,229,17,1,1,1,12,520,4.6,399,1,94,"Dal Tadka, Mix Veg, 3 Rotis, Jeera Rice, Pickle"
dish_111,Shahi Paneer Butter Masala Combo,rest_2,Domino's Pizza Train Delivery,BRC,Italian & Fast Food,north_indian,219,269,19,1,1,2,14,580,4.4,951,0,94,Cottage cheese cubes in buttery gravy with 2 Garlic Naans
dish_112,Dal Makhani with Jeera Rice,rest_2,Domino's Pizza Train Delivery,BRC,Italian & Fast Food,north_indian,189,219,14,1,1,1,10,490,4.8,276,1,97,Slow cooked black lentils with aromatic cumin basmati rice
dish_113,Dum Gosht Hyderabadi Biryani,rest_2,Domino's Pizza Train Delivery,BRC,Italian & Fast Food,biryani,319,399,20,0,0,3,18,750,4.8,862,1,94,Tender marinated meat layered with long basmati rice and saffron
dish_114,Royal Dum Veg Paneer Biryani,rest_2,Domino's Pizza Train Delivery,BRC,Italian & Fast Food,biryani,229,299,23,1,1,2,15,610,4.7,282,1,99,Charcoal cooked fragrant basmati rice with paneer cubes & mint
dish_115,Cheesy Farmhouse Delight Pizza (Medium),rest_2,Domino's Pizza Train Delivery,BRC,Italian & Fast Food,pizza,289,359,19,1,0,1,15,720,4.4,356,1,99,"Loaded with capsicum, onion, grilled mushroom, crisp tomato & mozzarella"
dish_116,Non-Veg Supreme Feast Pizza (Medium),rest_2,Domino's Pizza Train Delivery,BRC,Italian & Fast Food,pizza,369,469,21,0,0,2,15,810,4.6,113,0,95,"Smoked chicken tikka, spicy meatballs & black olives"
dish_117,Ghee Podi Masala Dosa with Sambar,rest_2,Domino's Pizza Train Delivery,BRC,Italian & Fast Food,south_indian,149,179,17,1,0,2,8,420,4.6,88,1,95,Crispy golden crepe roasted in pure desi ghee with potato filling
dish_118,Steamed Button Idlis & Medu Vada Combo,rest_2,Domino's Pizza Train Delivery,BRC,Italian & Fast Food,south_indian,109,159,31,1,1,1,6,340,4.3,351,1,98,4 Fluffy rice cakes + 2 crispy lentil donuts with coconut chutney
dish_119,Jain Special Satvik Khichdi Bowl,rest_2,Domino's Pizza Train Delivery,BRC,Italian & Fast Food,jain,169,199,15,1,1,1,10,380,4.4,359,1,97,No onion no garlic yellow moong dal rice prepared in cow ghee
dish_120,Jain Paneer Kadhai with Phulkas,rest_2,Domino's Pizza Train Delivery,BRC,Italian & Fast Food,jain,219,289,24,1,1,1,14,510,4.4,973,0,97,Prepared strictly without root vegetables or onion garlic
dish_121,Crispy Jumbo Paneer Tikka Wrap,rest_2,Domino's Pizza Train Delivery,BRC,Italian & Fast Food,snacks,169,199,15,1,0,2,10,460,4.5,957,1,95,Marinated paneer chunks grilled in tandoor rolled in flaky paratha
dish_122,Chicken Bhuna Egg Roll,rest_2,Domino's Pizza Train Delivery,BRC,Italian & Fast Food,snacks,169,219,23,0,0,3,12,540,4.6,243,1,94,Spiced slow cooked chicken wrapped with double eggs
dish_123,Kulhad Ginger Elaichi Chai (Serves 2),rest_2,Domino's Pizza Train Delivery,BRC,Italian & Fast Food,beverages,99,109,9,1,1,1,5,120,4.6,307,1,99,Freshly brewed tea infused with ginger and green cardamom in earthen cups
dish_124,Filter Coffee Flask (500ml),rest_2,Domino's Pizza Train Delivery,BRC,Italian & Fast Food,beverages,119,129,8,1,1,1,5,150,4.7,666,0,95,Strong South Indian chicory blend filter coffee
dish_125,Hot Angoori Gulab Jamun (4 pcs),rest_2,Domino's Pizza Train Delivery,BRC,Italian & Fast Food,dessert,89,129,31,1,1,1,4,310,4.4,793,1,96,Soft cottage cheese dumplings soaked in saffron sugar syrup
dish_126,Royal Kesar Rasmalai (2 pcs),rest_2,Domino's Pizza Train Delivery,BRC,Italian & Fast Food,dessert,109,149,27,1,1,1,4,280,4.7,248,0,96,Spongy discs in thickened pistachio saffron milk
dish_127,Royal Maharaja Special Veg Thali,rest_2,Domino's Pizza Train Delivery,KOTA,Italian & Fast Food,thali,249,309,19,1,1,2,15,680,4.3,967,1,99,"Full Meal Box with Paneer, Dal, 4 Rotis, Rice & Sweet"
dish_128,Standard Deluxe Mini Thali,rest_2,Domino's Pizza Train Delivery,KOTA,Italian & Fast Food,thali,179,229,22,1,1,1,12,520,4.3,598,1,96,"Dal Tadka, Mix Veg, 3 Rotis, Jeera Rice, Pickle"
dish_129,Shahi Paneer Butter Masala Combo,rest_2,Domino's Pizza Train Delivery,KOTA,Italian & Fast Food,north_indian,229,259,12,1,1,2,14,580,4.8,439,0,99,Cottage cheese cubes in buttery gravy with 2 Garlic Naans
dish_130,Dal Makhani with Jeera Rice,rest_2,Domino's Pizza Train Delivery,KOTA,Italian & Fast Food,north_indian,189,219,14,1,1,1,10,490,4.5,233,1,94,Slow cooked black lentils with aromatic cumin basmati rice
dish_131,Dum Gosht Hyderabadi Biryani,rest_2,Domino's Pizza Train Delivery,KOTA,Italian & Fast Food,biryani,329,419,21,0,0,3,18,750,4.5,1076,1,99,Tender marinated meat layered with long basmati rice and saffron
dish_132,Royal Dum Veg Paneer Biryani,rest_2,Domino's Pizza Train Delivery,KOTA,Italian & Fast Food,biryani,229,309,26,1,1,2,15,610,4.5,1191,1,98,Charcoal cooked fragrant basmati rice with paneer cubes & mint
dish_133,Cheesy Farmhouse Delight Pizza (Medium),rest_2,Domino's Pizza Train Delivery,KOTA,Italian & Fast Food,pizza,309,369,16,1,0,1,15,720,4.6,815,1,97,"Loaded with capsicum, onion, grilled mushroom, crisp tomato & mozzarella"
dish_134,Non-Veg Supreme Feast Pizza (Medium),rest_2,Domino's Pizza Train Delivery,KOTA,Italian & Fast Food,pizza,399,469,15,0,0,2,15,810,4.4,532,0,94,"Smoked chicken tikka, spicy meatballs & black olives"
dish_135,Ghee Podi Masala Dosa with Sambar,rest_2,Domino's Pizza Train Delivery,KOTA,Italian & Fast Food,south_indian,129,179,28,1,0,2,8,420,4.4,777,1,97,Crispy golden crepe roasted in pure desi ghee with potato filling
dish_136,Steamed Button Idlis & Medu Vada Combo,rest_2,Domino's Pizza Train Delivery,KOTA,Italian & Fast Food,south_indian,139,159,13,1,1,1,6,340,4.8,903,1,95,4 Fluffy rice cakes + 2 crispy lentil donuts with coconut chutney
dish_137,Jain Special Satvik Khichdi Bowl,rest_2,Domino's Pizza Train Delivery,KOTA,Italian & Fast Food,jain,159,189,16,1,1,1,10,380,4.7,686,1,95,No onion no garlic yellow moong dal rice prepared in cow ghee
dish_138,Jain Paneer Kadhai with Phulkas,rest_2,Domino's Pizza Train Delivery,KOTA,Italian & Fast Food,jain,229,279,18,1,1,1,14,510,4.6,256,0,97,Prepared strictly without root vegetables or onion garlic
dish_139,Crispy Jumbo Paneer Tikka Wrap,rest_2,Domino's Pizza Train Delivery,KOTA,Italian & Fast Food,snacks,159,199,20,1,0,2,10,460,4.5,820,1,97,Marinated paneer chunks grilled in tandoor rolled in flaky paratha
dish_140,Chicken Bhuna Egg Roll,rest_2,Domino's Pizza Train Delivery,KOTA,Italian & Fast Food,snacks,189,219,14,0,0,3,12,540,4.4,96,1,97,Spiced slow cooked chicken wrapped with double eggs
dish_141,Kulhad Ginger Elaichi Chai (Serves 2),rest_2,Domino's Pizza Train Delivery,KOTA,Italian & Fast Food,beverages,69,119,42,1,1,1,5,120,4.3,682,1,99,Freshly brewed tea infused with ginger and green cardamom in earthen cups
dish_142,Filter Coffee Flask (500ml),rest_2,Domino's Pizza Train Delivery,KOTA,Italian & Fast Food,beverages,109,129,16,1,1,1,5,150,4.7,90,0,97,Strong South Indian chicory blend filter coffee
dish_143,Hot Angoori Gulab Jamun (4 pcs),rest_2,Domino's Pizza Train Delivery,KOTA,Italian & Fast Food,dessert,109,109,0,1,1,1,4,310,4.4,1128,1,97,Soft cottage cheese dumplings soaked in saffron sugar syrup
dish_144,Royal Kesar Rasmalai (2 pcs),rest_2,Domino's Pizza Train Delivery,KOTA,Italian & Fast Food,dessert,109,149,27,1,1,1,4,280,4.3,923,0,97,Spongy discs in thickened pistachio saffron milk
dish_145,Royal Maharaja Special Veg Thali,rest_2,Domino's Pizza Train Delivery,AGC,Italian & Fast Food,thali,239,319,25,1,1,2,15,680,4.4,285,1,97,"Full Meal Box with Paneer, Dal, 4 Rotis, Rice & Sweet"
dish_146,Standard Deluxe Mini Thali,rest_2,Domino's Pizza Train Delivery,AGC,Italian & Fast Food,thali,179,239,25,1,1,1,12,520,4.4,1046,1,97,"Dal Tadka, Mix Veg, 3 Rotis, Jeera Rice, Pickle"
dish_147,Shahi Paneer Butter Masala Combo,rest_2,Domino's Pizza Train Delivery,AGC,Italian & Fast Food,north_indian,219,259,15,1,1,2,14,580,4.6,307,0,94,Cottage cheese cubes in buttery gravy with 2 Garlic Naans
dish_148,Dal Makhani with Jeera Rice,rest_2,Domino's Pizza Train Delivery,AGC,Italian & Fast Food,north_indian,179,219,18,1,1,1,10,490,4.4,549,1,95,Slow cooked black lentils with aromatic cumin basmati rice
dish_149,Dum Gosht Hyderabadi Biryani,rest_2,Domino's Pizza Train Delivery,AGC,Italian & Fast Food,biryani,329,399,18,0,0,3,18,750,4.4,397,1,96,Tender marinated meat layered with long basmati rice and saffron
dish_150,Royal Dum Veg Paneer Biryani,rest_2,Domino's Pizza Train Delivery,AGC,Italian & Fast Food,biryani,229,309,26,1,1,2,15,610,4.4,749,1,95,Charcoal cooked fragrant basmati rice with paneer cubes & mint
dish_151,Cheesy Farmhouse Delight Pizza (Medium),rest_2,Domino's Pizza Train Delivery,AGC,Italian & Fast Food,pizza,299,359,17,1,0,1,15,720,4.8,688,1,94,"Loaded with capsicum, onion, grilled mushroom, crisp tomato & mozzarella"
dish_152,Non-Veg Supreme Feast Pizza (Medium),rest_2,Domino's Pizza Train Delivery,AGC,Italian & Fast Food,pizza,369,459,20,0,0,2,15,810,4.3,628,0,97,"Smoked chicken tikka, spicy meatballs & black olives"
dish_153,Ghee Podi Masala Dosa with Sambar,rest_2,Domino's Pizza Train Delivery,AGC,Italian & Fast Food,south_indian,129,169,24,1,0,2,8,420,4.5,288,1,99,Crispy golden crepe roasted in pure desi ghee with potato filling
dish_154,Steamed Button Idlis & Medu Vada Combo,rest_2,Domino's Pizza Train Delivery,AGC,Italian & Fast Food,south_indian,109,149,27,1,1,1,6,340,4.5,140,1,96,4 Fluffy rice cakes + 2 crispy lentil donuts with coconut chutney
dish_155,Jain Special Satvik Khichdi Bowl,rest_2,Domino's Pizza Train Delivery,AGC,Italian & Fast Food,jain,149,189,21,1,1,1,10,380,4.8,987,1,95,No onion no garlic yellow moong dal rice prepared in cow ghee
dish_156,Jain Paneer Kadhai with Phulkas,rest_2,Domino's Pizza Train Delivery,AGC,Italian & Fast Food,jain,229,289,21,1,1,1,14,510,4.6,348,0,94,Prepared strictly without root vegetables or onion garlic
dish_157,Crispy Jumbo Paneer Tikka Wrap,rest_2,Domino's Pizza Train Delivery,AGC,Italian & Fast Food,snacks,179,199,10,1,0,2,10,460,4.4,816,1,97,Marinated paneer chunks grilled in tandoor rolled in flaky paratha
dish_158,Chicken Bhuna Egg Roll,rest_2,Domino's Pizza Train Delivery,AGC,Italian & Fast Food,snacks,169,239,29,0,0,3,12,540,4.7,1153,1,95,Spiced slow cooked chicken wrapped with double eggs
dish_159,Kulhad Ginger Elaichi Chai (Serves 2),rest_2,Domino's Pizza Train Delivery,AGC,Italian & Fast Food,beverages,69,99,30,1,1,1,5,120,4.8,115,1,94,Freshly brewed tea infused with ginger and green cardamom in earthen cups
dish_160,Filter Coffee Flask (500ml),rest_2,Domino's Pizza Train Delivery,AGC,Italian & Fast Food,beverages,89,139,36,1,1,1,5,150,4.4,669,0,99,Strong South Indian chicory blend filter coffee
dish_161,Hot Angoori Gulab Jamun (4 pcs),rest_2,Domino's Pizza Train Delivery,AGC,Italian & Fast Food,dessert,99,109,9,1,1,1,4,310,4.5,761,1,95,Soft cottage cheese dumplings soaked in saffron sugar syrup
dish_162,Royal Kesar Rasmalai (2 pcs),rest_2,Domino's Pizza Train Delivery,AGC,Italian & Fast Food,dessert,109,169,36,1,1,1,4,280,4.4,1041,0,98,Spongy discs in thickened pistachio saffron milk
dish_163,Royal Maharaja Special Veg Thali,rest_2,Domino's Pizza Train Delivery,BPL,Italian & Fast Food,thali,269,309,13,1,1,2,15,680,4.4,343,1,98,"Full Meal Box with Paneer, Dal, 4 Rotis, Rice & Sweet"
dish_164,Standard Deluxe Mini Thali,rest_2,Domino's Pizza Train Delivery,BPL,Italian & Fast Food,thali,169,219,23,1,1,1,12,520,4.3,1124,1,99,"Dal Tadka, Mix Veg, 3 Rotis, Jeera Rice, Pickle"
dish_165,Shahi Paneer Butter Masala Combo,rest_2,Domino's Pizza Train Delivery,BPL,Italian & Fast Food,north_indian,219,259,15,1,1,2,14,580,4.5,785,0,97,Cottage cheese cubes in buttery gravy with 2 Garlic Naans
dish_166,Dal Makhani with Jeera Rice,rest_2,Domino's Pizza Train Delivery,BPL,Italian & Fast Food,north_indian,159,219,27,1,1,1,10,490,4.8,1031,1,98,Slow cooked black lentils with aromatic cumin basmati rice
dish_167,Dum Gosht Hyderabadi Biryani,rest_2,Domino's Pizza Train Delivery,BPL,Italian & Fast Food,biryani,319,419,24,0,0,3,18,750,4.4,534,1,99,Tender marinated meat layered with long basmati rice and saffron
dish_168,Royal Dum Veg Paneer Biryani,rest_2,Domino's Pizza Train Delivery,BPL,Italian & Fast Food,biryani,259,299,13,1,1,2,15,610,4.8,570,1,99,Charcoal cooked fragrant basmati rice with paneer cubes & mint
dish_169,Cheesy Farmhouse Delight Pizza (Medium),rest_2,Domino's Pizza Train Delivery,BPL,Italian & Fast Food,pizza,319,369,14,1,0,1,15,720,4.6,733,1,96,"Loaded with capsicum, onion, grilled mushroom, crisp tomato & mozzarella"
dish_170,Non-Veg Supreme Feast Pizza (Medium),rest_2,Domino's Pizza Train Delivery,BPL,Italian & Fast Food,pizza,389,459,15,0,0,2,15,810,4.8,842,0,98,"Smoked chicken tikka, spicy meatballs & black olives"
dish_171,Ghee Podi Masala Dosa with Sambar,rest_2,Domino's Pizza Train Delivery,BPL,Italian & Fast Food,south_indian,149,189,21,1,0,2,8,420,4.7,1195,1,96,Crispy golden crepe roasted in pure desi ghee with potato filling
dish_172,Steamed Button Idlis & Medu Vada Combo,rest_2,Domino's Pizza Train Delivery,BPL,Italian & Fast Food,south_indian,119,169,30,1,1,1,6,340,4.7,81,1,97,4 Fluffy rice cakes + 2 crispy lentil donuts with coconut chutney
dish_173,Jain Special Satvik Khichdi Bowl,rest_2,Domino's Pizza Train Delivery,BPL,Italian & Fast Food,jain,169,199,15,1,1,1,10,380,4.6,690,1,96,No onion no garlic yellow moong dal rice prepared in cow ghee
dish_174,Jain Paneer Kadhai with Phulkas,rest_2,Domino's Pizza Train Delivery,BPL,Italian & Fast Food,jain,229,289,21,1,1,1,14,510,4.6,1192,0,97,Prepared strictly without root vegetables or onion garlic
dish_175,Crispy Jumbo Paneer Tikka Wrap,rest_2,Domino's Pizza Train Delivery,BPL,Italian & Fast Food,snacks,149,199,25,1,0,2,10,460,4.3,179,1,97,Marinated paneer chunks grilled in tandoor rolled in flaky paratha
dish_176,Chicken Bhuna Egg Roll,rest_2,Domino's Pizza Train Delivery,BPL,Italian & Fast Food,snacks,189,229,17,0,0,3,12,540,4.5,558,1,97,Spiced slow cooked chicken wrapped with double eggs
dish_177,Kulhad Ginger Elaichi Chai (Serves 2),rest_2,Domino's Pizza Train Delivery,BPL,Italian & Fast Food,beverages,89,109,18,1,1,1,5,120,4.5,168,1,94,Freshly brewed tea infused with ginger and green cardamom in earthen cups
dish_178,Filter Coffee Flask (500ml),rest_2,Domino's Pizza Train Delivery,BPL,Italian & Fast Food,beverages,119,139,14,1,1,1,5,150,4.4,928,0,94,Strong South Indian chicory blend filter coffee
dish_179,Hot Angoori Gulab Jamun (4 pcs),rest_2,Domino's Pizza Train Delivery,BPL,Italian & Fast Food,dessert,89,119,25,1,1,1,4,310,4.6,221,1,96,Soft cottage cheese dumplings soaked in saffron sugar syrup
dish_180,Royal Kesar Rasmalai (2 pcs),rest_2,Domino's Pizza Train Delivery,BPL,Italian & Fast Food,dessert,109,149,27,1,1,1,4,280,4.5,121,0,98,Spongy discs in thickened pistachio saffron milk
dish_181,Royal Maharaja Special Veg Thali,rest_2,Domino's Pizza Train Delivery,CNB,Italian & Fast Food,thali,259,299,13,1,1,2,15,680,4.5,896,1,98,"Full Meal Box with Paneer, Dal, 4 Rotis, Rice & Sweet"
dish_182,Standard Deluxe Mini Thali,rest_2,Domino's Pizza Train Delivery,CNB,Italian & Fast Food,thali,179,239,25,1,1,1,12,520,4.6,894,1,96,"Dal Tadka, Mix Veg, 3 Rotis, Jeera Rice, Pickle"
dish_183,Shahi Paneer Butter Masala Combo,rest_2,Domino's Pizza Train Delivery,CNB,Italian & Fast Food,north_indian,229,269,15,1,1,2,14,580,4.5,1101,0,95,Cottage cheese cubes in buttery gravy with 2 Garlic Naans
dish_184,Dal Makhani with Jeera Rice,rest_2,Domino's Pizza Train Delivery,CNB,Italian & Fast Food,north_indian,179,199,10,1,1,1,10,490,4.6,457,1,95,Slow cooked black lentils with aromatic cumin basmati rice
dish_185,Dum Gosht Hyderabadi Biryani,rest_2,Domino's Pizza Train Delivery,CNB,Italian & Fast Food,biryani,329,409,20,0,0,3,18,750,4.4,697,1,98,Tender marinated meat layered with long basmati rice and saffron
dish_186,Royal Dum Veg Paneer Biryani,rest_2,Domino's Pizza Train Delivery,CNB,Italian & Fast Food,biryani,229,289,21,1,1,2,15,610,4.4,1010,1,99,Charcoal cooked fragrant basmati rice with paneer cubes & mint
dish_187,Cheesy Farmhouse Delight Pizza (Medium),rest_2,Domino's Pizza Train Delivery,CNB,Italian & Fast Food,pizza,299,359,17,1,0,1,15,720,4.4,757,1,96,"Loaded with capsicum, onion, grilled mushroom, crisp tomato & mozzarella"
dish_188,Non-Veg Supreme Feast Pizza (Medium),rest_2,Domino's Pizza Train Delivery,CNB,Italian & Fast Food,pizza,379,459,17,0,0,2,15,810,4.6,750,0,98,"Smoked chicken tikka, spicy meatballs & black olives"
dish_189,Ghee Podi Masala Dosa with Sambar,rest_2,Domino's Pizza Train Delivery,CNB,Italian & Fast Food,south_indian,149,179,17,1,0,2,8,420,4.5,138,1,97,Crispy golden crepe roasted in pure desi ghee with potato filling
dish_190,Steamed Button Idlis & Medu Vada Combo,rest_2,Domino's Pizza Train Delivery,CNB,Italian & Fast Food,south_indian,119,159,25,1,1,1,6,340,4.6,855,1,94,4 Fluffy rice cakes + 2 crispy lentil donuts with coconut chutney
dish_191,Jain Special Satvik Khichdi Bowl,rest_2,Domino's Pizza Train Delivery,CNB,Italian & Fast Food,jain,149,189,21,1,1,1,10,380,4.4,1006,1,94,No onion no garlic yellow moong dal rice prepared in cow ghee
dish_192,Jain Paneer Kadhai with Phulkas,rest_2,Domino's Pizza Train Delivery,CNB,Italian & Fast Food,jain,229,269,15,1,1,1,14,510,4.4,375,0,98,Prepared strictly without root vegetables or onion garlic
dish_193,Crispy Jumbo Paneer Tikka Wrap,rest_2,Domino's Pizza Train Delivery,CNB,Italian & Fast Food,snacks,169,209,19,1,0,2,10,460,4.6,814,1,95,Marinated paneer chunks grilled in tandoor rolled in flaky paratha
dish_194,Chicken Bhuna Egg Roll,rest_2,Domino's Pizza Train Delivery,CNB,Italian & Fast Food,snacks,179,219,18,0,0,3,12,540,4.5,1181,1,95,Spiced slow cooked chicken wrapped with double eggs
dish_195,Kulhad Ginger Elaichi Chai (Serves 2),rest_2,Domino's Pizza Train Delivery,CNB,Italian & Fast Food,beverages,99,99,0,1,1,1,5,120,4.3,121,1,95,Freshly brewed tea infused with ginger and green cardamom in earthen cups
dish_196,Filter Coffee Flask (500ml),rest_2,Domino's Pizza Train Delivery,CNB,Italian & Fast Food,beverages,119,139,14,1,1,1,5,150,4.4,265,0,97,Strong South Indian chicory blend filter coffee
dish_197,Hot Angoori Gulab Jamun (4 pcs),rest_2,Domino's Pizza Train Delivery,CNB,Italian & Fast Food,dessert,89,109,18,1,1,1,4,310,4.5,401,1,98,Soft cottage cheese dumplings soaked in saffron sugar syrup
dish_198,Royal Kesar Rasmalai (2 pcs),rest_2,Domino's Pizza Train Delivery,CNB,Italian & Fast Food,dessert,119,149,20,1,1,1,4,280,4.3,258,0,97,Spongy discs in thickened pistachio saffron milk
dish_199,Royal Maharaja Special Veg Thali,rest_2,Domino's Pizza Train Delivery,NGP,Italian & Fast Food,thali,269,319,16,1,1,2,15,680,4.8,442,1,94,"Full Meal Box with Paneer, Dal, 4 Rotis, Rice & Sweet"
dish_200,Standard Deluxe Mini Thali,rest_2,Domino's Pizza Train Delivery,NGP,Italian & Fast Food,thali,189,239,21,1,1,1,12,520,4.4,440,1,97,"Dal Tadka, Mix Veg, 3 Rotis, Jeera Rice, Pickle"
dish_201,Shahi Paneer Butter Masala Combo,rest_2,Domino's Pizza Train Delivery,NGP,Italian & Fast Food,north_indian,239,279,14,1,1,2,14,580,4.4,90,0,97,Cottage cheese cubes in buttery gravy with 2 Garlic Naans
dish_202,Dal Makhani with Jeera Rice,rest_2,Domino's Pizza Train Delivery,NGP,Italian & Fast Food,north_indian,169,199,15,1,1,1,10,490,4.7,147,1,95,Slow cooked black lentils with aromatic cumin basmati rice
dish_203,Dum Gosht Hyderabadi Biryani,rest_2,Domino's Pizza Train Delivery,NGP,Italian & Fast Food,biryani,319,399,20,0,0,3,18,750,4.6,1104,1,94,Tender marinated meat layered with long basmati rice and saffron
dish_204,Royal Dum Veg Paneer Biryani,rest_2,Domino's Pizza Train Delivery,NGP,Italian & Fast Food,biryani,249,309,19,1,1,2,15,610,4.7,813,1,94,Charcoal cooked fragrant basmati rice with paneer cubes & mint
dish_205,Cheesy Farmhouse Delight Pizza (Medium),rest_2,Domino's Pizza Train Delivery,NGP,Italian & Fast Food,pizza,299,349,14,1,0,1,15,720,4.3,275,1,99,"Loaded with capsicum, onion, grilled mushroom, crisp tomato & mozzarella"
dish_206,Non-Veg Supreme Feast Pizza (Medium),rest_2,Domino's Pizza Train Delivery,NGP,Italian & Fast Food,pizza,369,449,18,0,0,2,15,810,4.6,578,0,95,"Smoked chicken tikka, spicy meatballs & black olives"
dish_207,Ghee Podi Masala Dosa with Sambar,rest_2,Domino's Pizza Train Delivery,NGP,Italian & Fast Food,south_indian,149,189,21,1,0,2,8,420,4.4,1077,1,94,Crispy golden crepe roasted in pure desi ghee with potato filling
dish_208,Steamed Button Idlis & Medu Vada Combo,rest_2,Domino's Pizza Train Delivery,NGP,Italian & Fast Food,south_indian,109,149,27,1,1,1,6,340,4.3,124,1,95,4 Fluffy rice cakes + 2 crispy lentil donuts with coconut chutney
dish_209,Jain Special Satvik Khichdi Bowl,rest_2,Domino's Pizza Train Delivery,NGP,Italian & Fast Food,jain,159,189,16,1,1,1,10,380,4.3,379,1,95,No onion no garlic yellow moong dal rice prepared in cow ghee
dish_210,Jain Paneer Kadhai with Phulkas,rest_2,Domino's Pizza Train Delivery,NGP,Italian & Fast Food,jain,239,279,14,1,1,1,14,510,4.7,655,0,99,Prepared strictly without root vegetables or onion garlic
dish_211,Crispy Jumbo Paneer Tikka Wrap,rest_2,Domino's Pizza Train Delivery,NGP,Italian & Fast Food,snacks,179,189,5,1,0,2,10,460,4.6,834,1,96,Marinated paneer chunks grilled in tandoor rolled in flaky paratha
dish_212,Chicken Bhuna Egg Roll,rest_2,Domino's Pizza Train Delivery,NGP,Italian & Fast Food,snacks,189,219,14,0,0,3,12,540,4.7,372,1,95,Spiced slow cooked chicken wrapped with double eggs
dish_213,Kulhad Ginger Elaichi Chai (Serves 2),rest_2,Domino's Pizza Train Delivery,NGP,Italian & Fast Food,beverages,69,109,37,1,1,1,5,120,4.7,784,1,99,Freshly brewed tea infused with ginger and green cardamom in earthen cups
dish_214,Filter Coffee Flask (500ml),rest_2,Domino's Pizza Train Delivery,NGP,Italian & Fast Food,beverages,99,129,23,1,1,1,5,150,4.7,249,0,97,Strong South Indian chicory blend filter coffee
dish_215,Hot Angoori Gulab Jamun (4 pcs),rest_2,Domino's Pizza Train Delivery,NGP,Italian & Fast Food,dessert,109,119,8,1,1,1,4,310,4.8,1174,1,94,Soft cottage cheese dumplings soaked in saffron sugar syrup
dish_216,Royal Kesar Rasmalai (2 pcs),rest_2,Domino's Pizza Train Delivery,NGP,Italian & Fast Food,dessert,129,159,19,1,1,1,4,280,4.5,983,0,99,Spongy discs in thickened pistachio saffron milk
dish_217,Royal Maharaja Special Veg Thali,rest_2,Domino's Pizza Train Delivery,MTJ,Italian & Fast Food,thali,259,299,13,1,1,2,15,680,4.5,322,1,98,"Full Meal Box with Paneer, Dal, 4 Rotis, Rice & Sweet"
dish_218,Standard Deluxe Mini Thali,rest_2,Domino's Pizza Train Delivery,MTJ,Italian & Fast Food,thali,189,229,17,1,1,1,12,520,4.4,293,1,94,"Dal Tadka, Mix Veg, 3 Rotis, Jeera Rice, Pickle"
dish_219,Shahi Paneer Butter Masala Combo,rest_2,Domino's Pizza Train Delivery,MTJ,Italian & Fast Food,north_indian,239,269,11,1,1,2,14,580,4.5,941,0,99,Cottage cheese cubes in buttery gravy with 2 Garlic Naans
dish_220,Dal Makhani with Jeera Rice,rest_2,Domino's Pizza Train Delivery,MTJ,Italian & Fast Food,north_indian,189,209,10,1,1,1,10,490,4.3,442,1,99,Slow cooked black lentils with aromatic cumin basmati rice
dish_221,Dum Gosht Hyderabadi Biryani,rest_2,Domino's Pizza Train Delivery,MTJ,Italian & Fast Food,biryani,349,419,17,0,0,3,18,750,4.7,936,1,94,Tender marinated meat layered with long basmati rice and saffron
dish_222,Royal Dum Veg Paneer Biryani,rest_2,Domino's Pizza Train Delivery,MTJ,Italian & Fast Food,biryani,239,289,17,1,1,2,15,610,4.7,407,1,98,Charcoal cooked fragrant basmati rice with paneer cubes & mint
dish_223,Cheesy Farmhouse Delight Pizza (Medium),rest_2,Domino's Pizza Train Delivery,MTJ,Italian & Fast Food,pizza,289,369,22,1,0,1,15,720,4.6,1056,1,98,"Loaded with capsicum, onion, grilled mushroom, crisp tomato & mozzarella"
dish_224,Non-Veg Supreme Feast Pizza (Medium),rest_2,Domino's Pizza Train Delivery,MTJ,Italian & Fast Food,pizza,369,459,20,0,0,2,15,810,4.6,202,0,95,"Smoked chicken tikka, spicy meatballs & black olives"
dish_225,Ghee Podi Masala Dosa with Sambar,rest_2,Domino's Pizza Train Delivery,MTJ,Italian & Fast Food,south_indian,139,169,18,1,0,2,8,420,4.3,313,1,97,Crispy golden crepe roasted in pure desi ghee with potato filling
dish_226,Steamed Button Idlis & Medu Vada Combo,rest_2,Domino's Pizza Train Delivery,MTJ,Italian & Fast Food,south_indian,139,169,18,1,1,1,6,340,4.6,984,1,94,4 Fluffy rice cakes + 2 crispy lentil donuts with coconut chutney
dish_227,Jain Special Satvik Khichdi Bowl,rest_2,Domino's Pizza Train Delivery,MTJ,Italian & Fast Food,jain,169,199,15,1,1,1,10,380,4.7,955,1,95,No onion no garlic yellow moong dal rice prepared in cow ghee
dish_228,Jain Paneer Kadhai with Phulkas,rest_2,Domino's Pizza Train Delivery,MTJ,Italian & Fast Food,jain,239,269,11,1,1,1,14,510,4.4,486,0,99,Prepared strictly without root vegetables or onion garlic
dish_229,Crispy Jumbo Paneer Tikka Wrap,rest_2,Domino's Pizza Train Delivery,MTJ,Italian & Fast Food,snacks,179,189,5,1,0,2,10,460,4.6,398,1,94,Marinated paneer chunks grilled in tandoor rolled in flaky paratha
dish_230,Chicken Bhuna Egg Roll,rest_2,Domino's Pizza Train Delivery,MTJ,Italian & Fast Food,snacks,179,229,22,0,0,3,12,540,4.7,1138,1,99,Spiced slow cooked chicken wrapped with double eggs
dish_231,Kulhad Ginger Elaichi Chai (Serves 2),rest_2,Domino's Pizza Train Delivery,MTJ,Italian & Fast Food,beverages,89,119,25,1,1,1,5,120,4.6,928,1,95,Freshly brewed tea infused with ginger and green cardamom in earthen cups
dish_232,Filter Coffee Flask (500ml),rest_2,Domino's Pizza Train Delivery,MTJ,Italian & Fast Food,beverages,119,129,8,1,1,1,5,150,4.3,391,0,98,Strong South Indian chicory blend filter coffee
dish_233,Hot Angoori Gulab Jamun (4 pcs),rest_2,Domino's Pizza Train Delivery,MTJ,Italian & Fast Food,dessert,99,109,9,1,1,1,4,310,4.3,139,1,99,Soft cottage cheese dumplings soaked in saffron sugar syrup
dish_234,Royal Kesar Rasmalai (2 pcs),rest_2,Domino's Pizza Train Delivery,MTJ,Italian & Fast Food,dessert,119,159,25,1,1,1,4,280,4.7,583,0,98,Spongy discs in thickened pistachio saffron milk
dish_235,Royal Maharaja Special Veg Thali,rest_3,Behrouz Royal Biryani,ST,Mughlai & Biryani,thali,249,299,17,1,1,2,15,680,4.9,229,1,95,"Full Meal Box with Paneer, Dal, 4 Rotis, Rice & Sweet"
dish_236,Standard Deluxe Mini Thali,rest_3,Behrouz Royal Biryani,ST,Mughlai & Biryani,thali,179,229,22,1,1,1,12,520,4.7,1108,1,97,"Dal Tadka, Mix Veg, 3 Rotis, Jeera Rice, Pickle"
dish_237,Shahi Paneer Butter Masala Combo,rest_3,Behrouz Royal Biryani,ST,Mughlai & Biryani,north_indian,239,279,14,1,1,2,14,580,4.6,1060,0,98,Cottage cheese cubes in buttery gravy with 2 Garlic Naans
dish_238,Dal Makhani with Jeera Rice,rest_3,Behrouz Royal Biryani,ST,Mughlai & Biryani,north_indian,179,199,10,1,1,1,10,490,4.7,493,1,99,Slow cooked black lentils with aromatic cumin basmati rice
dish_239,Dum Gosht Hyderabadi Biryani,rest_3,Behrouz Royal Biryani,ST,Mughlai & Biryani,biryani,349,409,15,0,0,3,18,750,4.7,226,1,96,Tender marinated meat layered with long basmati rice and saffron
dish_240,Royal Dum Veg Paneer Biryani,rest_3,Behrouz Royal Biryani,ST,Mughlai & Biryani,biryani,239,309,23,1,1,2,15,610,4.6,273,1,94,Charcoal cooked fragrant basmati rice with paneer cubes & mint
dish_241,Cheesy Farmhouse Delight Pizza (Medium),rest_3,Behrouz Royal Biryani,ST,Mughlai & Biryani,pizza,309,369,16,1,0,1,15,720,4.9,874,1,96,"Loaded with capsicum, onion, grilled mushroom, crisp tomato & mozzarella"
dish_242,Non-Veg Supreme Feast Pizza (Medium),rest_3,Behrouz Royal Biryani,ST,Mughlai & Biryani,pizza,379,469,19,0,0,2,15,810,4.7,679,0,95,"Smoked chicken tikka, spicy meatballs & black olives"
dish_243,Ghee Podi Masala Dosa with Sambar,rest_3,Behrouz Royal Biryani,ST,Mughlai & Biryani,south_indian,159,179,11,1,0,2,8,420,4.9,531,1,96,Crispy golden crepe roasted in pure desi ghee with potato filling
dish_244,Steamed Button Idlis & Medu Vada Combo,rest_3,Behrouz Royal Biryani,ST,Mughlai & Biryani,south_indian,109,149,27,1,1,1,6,340,4.7,652,1,96,4 Fluffy rice cakes + 2 crispy lentil donuts with coconut chutney
dish_245,Jain Special Satvik Khichdi Bowl,rest_3,Behrouz Royal Biryani,ST,Mughlai & Biryani,jain,159,179,11,1,1,1,10,380,5.0,589,1,97,No onion no garlic yellow moong dal rice prepared in cow ghee
dish_246,Jain Paneer Kadhai with Phulkas,rest_3,Behrouz Royal Biryani,ST,Mughlai & Biryani,jain,239,289,17,1,1,1,14,510,4.7,870,0,98,Prepared strictly without root vegetables or onion garlic
dish_247,Crispy Jumbo Paneer Tikka Wrap,rest_3,Behrouz Royal Biryani,ST,Mughlai & Biryani,snacks,179,199,10,1,0,2,10,460,4.6,983,1,98,Marinated paneer chunks grilled in tandoor rolled in flaky paratha
dish_248,Chicken Bhuna Egg Roll,rest_3,Behrouz Royal Biryani,ST,Mughlai & Biryani,snacks,189,239,21,0,0,3,12,540,4.7,417,1,96,Spiced slow cooked chicken wrapped with double eggs
dish_249,Kulhad Ginger Elaichi Chai (Serves 2),rest_3,Behrouz Royal Biryani,ST,Mughlai & Biryani,beverages,89,119,25,1,1,1,5,120,4.7,326,1,94,Freshly brewed tea infused with ginger and green cardamom in earthen cups
dish_250,Filter Coffee Flask (500ml),rest_3,Behrouz Royal Biryani,ST,Mughlai & Biryani,beverages,109,139,22,1,1,1,5,150,4.8,724,0,94,Strong South Indian chicory blend filter coffee
dish_251,Hot Angoori Gulab Jamun (4 pcs),rest_3,Behrouz Royal Biryani,ST,Mughlai & Biryani,dessert,109,129,16,1,1,1,4,310,4.6,937,1,96,Soft cottage cheese dumplings soaked in saffron sugar syrup
dish_252,Royal Kesar Rasmalai (2 pcs),rest_3,Behrouz Royal Biryani,ST,Mughlai & Biryani,dessert,139,169,18,1,1,1,4,280,5.0,304,0,95,Spongy discs in thickened pistachio saffron milk
dish_253,Royal Maharaja Special Veg Thali,rest_3,Behrouz Royal Biryani,BRC,Mughlai & Biryani,thali,239,309,23,1,1,2,15,680,4.9,996,1,97,"Full Meal Box with Paneer, Dal, 4 Rotis, Rice & Sweet"
dish_254,Standard Deluxe Mini Thali,rest_3,Behrouz Royal Biryani,BRC,Mughlai & Biryani,thali,199,219,9,1,1,1,12,520,4.8,553,1,99,"Dal Tadka, Mix Veg, 3 Rotis, Jeera Rice, Pickle"
dish_255,Shahi Paneer Butter Masala Combo,rest_3,Behrouz Royal Biryani,BRC,Mughlai & Biryani,north_indian,229,279,18,1,1,2,14,580,4.5,982,0,98,Cottage cheese cubes in buttery gravy with 2 Garlic Naans
dish_256,Dal Makhani with Jeera Rice,rest_3,Behrouz Royal Biryani,BRC,Mughlai & Biryani,north_indian,169,209,19,1,1,1,10,490,4.8,631,1,95,Slow cooked black lentils with aromatic cumin basmati rice
dish_257,Dum Gosht Hyderabadi Biryani,rest_3,Behrouz Royal Biryani,BRC,Mughlai & Biryani,biryani,319,399,20,0,0,3,18,750,4.8,696,1,97,Tender marinated meat layered with long basmati rice and saffron
dish_258,Royal Dum Veg Paneer Biryani,rest_3,Behrouz Royal Biryani,BRC,Mughlai & Biryani,biryani,249,289,14,1,1,2,15,610,4.6,481,1,96,Charcoal cooked fragrant basmati rice with paneer cubes & mint
dish_259,Cheesy Farmhouse Delight Pizza (Medium),rest_3,Behrouz Royal Biryani,BRC,Mughlai & Biryani,pizza,319,359,11,1,0,1,15,720,4.8,92,1,96,"Loaded with capsicum, onion, grilled mushroom, crisp tomato & mozzarella"
dish_260,Non-Veg Supreme Feast Pizza (Medium),rest_3,Behrouz Royal Biryani,BRC,Mughlai & Biryani,pizza,389,459,15,0,0,2,15,810,4.9,1029,0,95,"Smoked chicken tikka, spicy meatballs & black olives"
dish_261,Ghee Podi Masala Dosa with Sambar,rest_3,Behrouz Royal Biryani,BRC,Mughlai & Biryani,south_indian,149,169,12,1,0,2,8,420,4.9,676,1,99,Crispy golden crepe roasted in pure desi ghee with potato filling
dish_262,Steamed Button Idlis & Medu Vada Combo,rest_3,Behrouz Royal Biryani,BRC,Mughlai & Biryani,south_indian,109,159,31,1,1,1,6,340,4.5,551,1,99,4 Fluffy rice cakes + 2 crispy lentil donuts with coconut chutney
dish_263,Jain Special Satvik Khichdi Bowl,rest_3,Behrouz Royal Biryani,BRC,Mughlai & Biryani,jain,149,179,17,1,1,1,10,380,4.6,374,1,95,No onion no garlic yellow moong dal rice prepared in cow ghee
dish_264,Jain Paneer Kadhai with Phulkas,rest_3,Behrouz Royal Biryani,BRC,Mughlai & Biryani,jain,229,279,18,1,1,1,14,510,4.8,399,0,99,Prepared strictly without root vegetables or onion garlic
dish_265,Crispy Jumbo Paneer Tikka Wrap,rest_3,Behrouz Royal Biryani,BRC,Mughlai & Biryani,snacks,149,209,29,1,0,2,10,460,4.8,632,1,96,Marinated paneer chunks grilled in tandoor rolled in flaky paratha
dish_266,Chicken Bhuna Egg Roll,rest_3,Behrouz Royal Biryani,BRC,Mughlai & Biryani,snacks,169,239,29,0,0,3,12,540,5.0,1079,1,97,Spiced slow cooked chicken wrapped with double eggs
dish_267,Kulhad Ginger Elaichi Chai (Serves 2),rest_3,Behrouz Royal Biryani,BRC,Mughlai & Biryani,beverages,99,99,0,1,1,1,5,120,4.7,913,1,99,Freshly brewed tea infused with ginger and green cardamom in earthen cups
dish_268,Filter Coffee Flask (500ml),rest_3,Behrouz Royal Biryani,BRC,Mughlai & Biryani,beverages,99,149,34,1,1,1,5,150,4.6,1145,0,97,Strong South Indian chicory blend filter coffee
dish_269,Hot Angoori Gulab Jamun (4 pcs),rest_3,Behrouz Royal Biryani,BRC,Mughlai & Biryani,dessert,89,109,18,1,1,1,4,310,4.6,363,1,95,Soft cottage cheese dumplings soaked in saffron sugar syrup
dish_270,Royal Kesar Rasmalai (2 pcs),rest_3,Behrouz Royal Biryani,BRC,Mughlai & Biryani,dessert,109,149,27,1,1,1,4,280,4.9,1140,0,96,Spongy discs in thickened pistachio saffron milk
dish_271,Royal Maharaja Special Veg Thali,rest_3,Behrouz Royal Biryani,KOTA,Mughlai & Biryani,thali,259,299,13,1,1,2,15,680,4.7,598,1,98,"Full Meal Box with Paneer, Dal, 4 Rotis, Rice & Sweet"
dish_272,Standard Deluxe Mini Thali,rest_3,Behrouz Royal Biryani,KOTA,Mughlai & Biryani,thali,179,219,18,1,1,1,12,520,5.0,515,1,97,"Dal Tadka, Mix Veg, 3 Rotis, Jeera Rice, Pickle"
dish_273,Shahi Paneer Butter Masala Combo,rest_3,Behrouz Royal Biryani,KOTA,Mughlai & Biryani,north_indian,239,279,14,1,1,2,14,580,4.8,126,0,98,Cottage cheese cubes in buttery gravy with 2 Garlic Naans
dish_274,Dal Makhani with Jeera Rice,rest_3,Behrouz Royal Biryani,KOTA,Mughlai & Biryani,north_indian,169,219,23,1,1,1,10,490,4.8,910,1,97,Slow cooked black lentils with aromatic cumin basmati rice
dish_275,Dum Gosht Hyderabadi Biryani,rest_3,Behrouz Royal Biryani,KOTA,Mughlai & Biryani,biryani,319,419,24,0,0,3,18,750,4.6,97,1,96,Tender marinated meat layered with long basmati rice and saffron
dish_276,Royal Dum Veg Paneer Biryani,rest_3,Behrouz Royal Biryani,KOTA,Mughlai & Biryani,biryani,249,309,19,1,1,2,15,610,5.0,970,1,98,Charcoal cooked fragrant basmati rice with paneer cubes & mint
dish_277,Cheesy Farmhouse Delight Pizza (Medium),rest_3,Behrouz Royal Biryani,KOTA,Mughlai & Biryani,pizza,299,349,14,1,0,1,15,720,4.8,838,1,97,"Loaded with capsicum, onion, grilled mushroom, crisp tomato & mozzarella"
dish_278,Non-Veg Supreme Feast Pizza (Medium),rest_3,Behrouz Royal Biryani,KOTA,Mughlai & Biryani,pizza,389,469,17,0,0,2,15,810,4.9,186,0,94,"Smoked chicken tikka, spicy meatballs & black olives"
dish_279,Ghee Podi Masala Dosa with Sambar,rest_3,Behrouz Royal Biryani,KOTA,Mughlai & Biryani,south_indian,139,169,18,1,0,2,8,420,4.6,836,1,94,Crispy golden crepe roasted in pure desi ghee with potato filling
dish_280,Steamed Button Idlis & Medu Vada Combo,rest_3,Behrouz Royal Biryani,KOTA,Mughlai & Biryani,south_indian,119,159,25,1,1,1,6,340,4.5,81,1,94,4 Fluffy rice cakes + 2 crispy lentil donuts with coconut chutney
dish_281,Jain Special Satvik Khichdi Bowl,rest_3,Behrouz Royal Biryani,KOTA,Mughlai & Biryani,jain,139,189,26,1,1,1,10,380,4.6,304,1,97,No onion no garlic yellow moong dal rice prepared in cow ghee
dish_282,Jain Paneer Kadhai with Phulkas,rest_3,Behrouz Royal Biryani,KOTA,Mughlai & Biryani,jain,239,289,17,1,1,1,14,510,4.9,202,0,98,Prepared strictly without root vegetables or onion garlic
dish_283,Crispy Jumbo Paneer Tikka Wrap,rest_3,Behrouz Royal Biryani,KOTA,Mughlai & Biryani,snacks,149,189,21,1,0,2,10,460,5.0,1123,1,98,Marinated paneer chunks grilled in tandoor rolled in flaky paratha
dish_284,Chicken Bhuna Egg Roll,rest_3,Behrouz Royal Biryani,KOTA,Mughlai & Biryani,snacks,169,229,26,0,0,3,12,540,4.6,219,1,94,Spiced slow cooked chicken wrapped with double eggs
dish_285,Kulhad Ginger Elaichi Chai (Serves 2),rest_3,Behrouz Royal Biryani,KOTA,Mughlai & Biryani,beverages,89,99,10,1,1,1,5,120,4.6,210,1,96,Freshly brewed tea infused with ginger and green cardamom in earthen cups
dish_286,Filter Coffee Flask (500ml),rest_3,Behrouz Royal Biryani,KOTA,Mughlai & Biryani,beverages,119,139,14,1,1,1,5,150,4.9,776,0,94,Strong South Indian chicory blend filter coffee
dish_287,Hot Angoori Gulab Jamun (4 pcs),rest_3,Behrouz Royal Biryani,KOTA,Mughlai & Biryani,dessert,89,119,25,1,1,1,4,310,4.6,291,1,96,Soft cottage cheese dumplings soaked in saffron sugar syrup
dish_288,Royal Kesar Rasmalai (2 pcs),rest_3,Behrouz Royal Biryani,KOTA,Mughlai & Biryani,dessert,119,159,25,1,1,1,4,280,4.7,734,0,96,Spongy discs in thickened pistachio saffron milk
dish_289,Royal Maharaja Special Veg Thali,rest_3,Behrouz Royal Biryani,BPL,Mughlai & Biryani,thali,239,299,20,1,1,2,15,680,4.5,104,1,94,"Full Meal Box with Paneer, Dal, 4 Rotis, Rice & Sweet"
dish_290,Standard Deluxe Mini Thali,rest_3,Behrouz Royal Biryani,BPL,Mughlai & Biryani,thali,199,239,17,1,1,1,12,520,5.0,861,1,96,"Dal Tadka, Mix Veg, 3 Rotis, Jeera Rice, Pickle"
dish_291,Shahi Paneer Butter Masala Combo,rest_3,Behrouz Royal Biryani,BPL,Mughlai & Biryani,north_indian,239,259,8,1,1,2,14,580,4.7,1003,0,98,Cottage cheese cubes in buttery gravy with 2 Garlic Naans
dish_292,Dal Makhani with Jeera Rice,rest_3,Behrouz Royal Biryani,BPL,Mughlai & Biryani,north_indian,179,199,10,1,1,1,10,490,4.5,156,1,95,Slow cooked black lentils with aromatic cumin basmati rice
dish_293,Dum Gosht Hyderabadi Biryani,rest_3,Behrouz Royal Biryani,BPL,Mughlai & Biryani,biryani,349,419,17,0,0,3,18,750,4.6,1159,1,99,Tender marinated meat layered with long basmati rice and saffron
dish_294,Royal Dum Veg Paneer Biryani,rest_3,Behrouz Royal Biryani,BPL,Mughlai & Biryani,biryani,239,299,20,1,1,2,15,610,4.9,972,1,94,Charcoal cooked fragrant basmati rice with paneer cubes & mint
dish_295,Cheesy Farmhouse Delight Pizza (Medium),rest_3,Behrouz Royal Biryani,BPL,Mughlai & Biryani,pizza,289,359,19,1,0,1,15,720,4.8,877,1,97,"Loaded with capsicum, onion, grilled mushroom, crisp tomato & mozzarella"
dish_296,Non-Veg Supreme Feast Pizza (Medium),rest_3,Behrouz Royal Biryani,BPL,Mughlai & Biryani,pizza,399,449,11,0,0,2,15,810,4.5,1042,0,97,"Smoked chicken tikka, spicy meatballs & black olives"
dish_297,Ghee Podi Masala Dosa with Sambar,rest_3,Behrouz Royal Biryani,BPL,Mughlai & Biryani,south_indian,159,179,11,1,0,2,8,420,4.8,1147,1,95,Crispy golden crepe roasted in pure desi ghee with potato filling
dish_298,Steamed Button Idlis & Medu Vada Combo,rest_3,Behrouz Royal Biryani,BPL,Mughlai & Biryani,south_indian,119,149,20,1,1,1,6,340,4.7,1055,1,94,4 Fluffy rice cakes + 2 crispy lentil donuts with coconut chutney
dish_299,Jain Special Satvik Khichdi Bowl,rest_3,Behrouz Royal Biryani,BPL,Mughlai & Biryani,jain,159,179,11,1,1,1,10,380,4.7,1178,1,95,No onion no garlic yellow moong dal rice prepared in cow ghee
dish_300,Jain Paneer Kadhai with Phulkas,rest_3,Behrouz Royal Biryani,BPL,Mughlai & Biryani,jain,239,269,11,1,1,1,14,510,4.6,1184,0,94,Prepared strictly without root vegetables or onion garlic
dish_301,Crispy Jumbo Paneer Tikka Wrap,rest_3,Behrouz Royal Biryani,BPL,Mughlai & Biryani,snacks,169,199,15,1,0,2,10,460,4.7,387,1,98,Marinated paneer chunks grilled in tandoor rolled in flaky paratha
dish_302,Chicken Bhuna Egg Roll,rest_3,Behrouz Royal Biryani,BPL,Mughlai & Biryani,snacks,189,219,14,0,0,3,12,540,4.7,570,1,95,Spiced slow cooked chicken wrapped with double eggs
dish_303,Kulhad Ginger Elaichi Chai (Serves 2),rest_3,Behrouz Royal Biryani,BPL,Mughlai & Biryani,beverages,79,109,28,1,1,1,5,120,4.6,899,1,99,Freshly brewed tea infused with ginger and green cardamom in earthen cups
dish_304,Filter Coffee Flask (500ml),rest_3,Behrouz Royal Biryani,BPL,Mughlai & Biryani,beverages,99,129,23,1,1,1,5,150,4.7,1067,0,96,Strong South Indian chicory blend filter coffee
dish_305,Hot Angoori Gulab Jamun (4 pcs),rest_3,Behrouz Royal Biryani,BPL,Mughlai & Biryani,dessert,79,109,28,1,1,1,4,310,4.8,1184,1,96,Soft cottage cheese dumplings soaked in saffron sugar syrup
dish_306,Royal Kesar Rasmalai (2 pcs),rest_3,Behrouz Royal Biryani,BPL,Mughlai & Biryani,dessert,139,159,13,1,1,1,4,280,4.8,506,0,94,Spongy discs in thickened pistachio saffron milk
dish_307,Royal Maharaja Special Veg Thali,rest_3,Behrouz Royal Biryani,CNB,Mughlai & Biryani,thali,249,299,17,1,1,2,15,680,4.6,1135,1,96,"Full Meal Box with Paneer, Dal, 4 Rotis, Rice & Sweet"
dish_308,Standard Deluxe Mini Thali,rest_3,Behrouz Royal Biryani,CNB,Mughlai & Biryani,thali,179,219,18,1,1,1,12,520,5.0,1026,1,95,"Dal Tadka, Mix Veg, 3 Rotis, Jeera Rice, Pickle"
dish_309,Shahi Paneer Butter Masala Combo,rest_3,Behrouz Royal Biryani,CNB,Mughlai & Biryani,north_indian,239,269,11,1,1,2,14,580,4.7,534,0,96,Cottage cheese cubes in buttery gravy with 2 Garlic Naans
dish_310,Dal Makhani with Jeera Rice,rest_3,Behrouz Royal Biryani,CNB,Mughlai & Biryani,north_indian,179,199,10,1,1,1,10,490,4.8,205,1,95,Slow cooked black lentils with aromatic cumin basmati rice
dish_311,Dum Gosht Hyderabadi Biryani,rest_3,Behrouz Royal Biryani,CNB,Mughlai & Biryani,biryani,339,399,15,0,0,3,18,750,4.9,839,1,96,Tender marinated meat layered with long basmati rice and saffron
dish_312,Royal Dum Veg Paneer Biryani,rest_3,Behrouz Royal Biryani,CNB,Mughlai & Biryani,biryani,259,289,10,1,1,2,15,610,5.0,89,1,98,Charcoal cooked fragrant basmati rice with paneer cubes & mint
dish_313,Cheesy Farmhouse Delight Pizza (Medium),rest_3,Behrouz Royal Biryani,CNB,Mughlai & Biryani,pizza,319,349,9,1,0,1,15,720,5.0,95,1,98,"Loaded with capsicum, onion, grilled mushroom, crisp tomato & mozzarella"
dish_314,Non-Veg Supreme Feast Pizza (Medium),rest_3,Behrouz Royal Biryani,CNB,Mughlai & Biryani,pizza,399,449,11,0,0,2,15,810,4.9,96,0,99,"Smoked chicken tikka, spicy meatballs & black olives"
dish_315,Ghee Podi Masala Dosa with Sambar,rest_3,Behrouz Royal Biryani,CNB,Mughlai & Biryani,south_indian,159,169,6,1,0,2,8,420,4.8,421,1,97,Crispy golden crepe roasted in pure desi ghee with potato filling
dish_316,Steamed Button Idlis & Medu Vada Combo,rest_3,Behrouz Royal Biryani,CNB,Mughlai & Biryani,south_indian,139,159,13,1,1,1,6,340,4.7,317,1,94,4 Fluffy rice cakes + 2 crispy lentil donuts with coconut chutney
dish_317,Jain Special Satvik Khichdi Bowl,rest_3,Behrouz Royal Biryani,CNB,Mughlai & Biryani,jain,159,179,11,1,1,1,10,380,4.7,1064,1,99,No onion no garlic yellow moong dal rice prepared in cow ghee
dish_318,Jain Paneer Kadhai with Phulkas,rest_3,Behrouz Royal Biryani,CNB,Mughlai & Biryani,jain,249,269,7,1,1,1,14,510,4.5,205,0,94,Prepared strictly without root vegetables or onion garlic
dish_319,Crispy Jumbo Paneer Tikka Wrap,rest_3,Behrouz Royal Biryani,CNB,Mughlai & Biryani,snacks,179,189,5,1,0,2,10,460,4.6,178,1,95,Marinated paneer chunks grilled in tandoor rolled in flaky paratha
dish_320,Chicken Bhuna Egg Roll,rest_3,Behrouz Royal Biryani,CNB,Mughlai & Biryani,snacks,189,219,14,0,0,3,12,540,4.6,674,1,97,Spiced slow cooked chicken wrapped with double eggs
dish_321,Kulhad Ginger Elaichi Chai (Serves 2),rest_3,Behrouz Royal Biryani,CNB,Mughlai & Biryani,beverages,79,119,34,1,1,1,5,120,5.0,794,1,99,Freshly brewed tea infused with ginger and green cardamom in earthen cups
dish_322,Filter Coffee Flask (500ml),rest_3,Behrouz Royal Biryani,CNB,Mughlai & Biryani,beverages,119,149,20,1,1,1,5,150,4.8,1041,0,94,Strong South Indian chicory blend filter coffee
dish_323,Hot Angoori Gulab Jamun (4 pcs),rest_3,Behrouz Royal Biryani,CNB,Mughlai & Biryani,dessert,109,109,0,1,1,1,4,310,4.8,1052,1,94,Soft cottage cheese dumplings soaked in saffron sugar syrup
dish_324,Royal Kesar Rasmalai (2 pcs),rest_3,Behrouz Royal Biryani,CNB,Mughlai & Biryani,dessert,139,159,13,1,1,1,4,280,4.9,969,0,96,Spongy discs in thickened pistachio saffron milk
dish_325,Royal Maharaja Special Veg Thali,rest_3,Behrouz Royal Biryani,NGP,Mughlai & Biryani,thali,269,309,13,1,1,2,15,680,4.9,912,1,96,"Full Meal Box with Paneer, Dal, 4 Rotis, Rice & Sweet"
dish_326,Standard Deluxe Mini Thali,rest_3,Behrouz Royal Biryani,NGP,Mughlai & Biryani,thali,169,239,29,1,1,1,12,520,4.8,853,1,98,"Dal Tadka, Mix Veg, 3 Rotis, Jeera Rice, Pickle"
dish_327,Shahi Paneer Butter Masala Combo,rest_3,Behrouz Royal Biryani,NGP,Mughlai & Biryani,north_indian,219,259,15,1,1,2,14,580,4.6,624,0,94,Cottage cheese cubes in buttery gravy with 2 Garlic Naans
dish_328,Dal Makhani with Jeera Rice,rest_3,Behrouz Royal Biryani,NGP,Mughlai & Biryani,north_indian,159,219,27,1,1,1,10,490,4.9,391,1,95,Slow cooked black lentils with aromatic cumin basmati rice
dish_329,Dum Gosht Hyderabadi Biryani,rest_3,Behrouz Royal Biryani,NGP,Mughlai & Biryani,biryani,339,399,15,0,0,3,18,750,5.0,857,1,99,Tender marinated meat layered with long basmati rice and saffron
dish_330,Royal Dum Veg Paneer Biryani,rest_3,Behrouz Royal Biryani,NGP,Mughlai & Biryani,biryani,249,289,14,1,1,2,15,610,4.9,490,1,99,Charcoal cooked fragrant basmati rice with paneer cubes & mint
dish_331,Cheesy Farmhouse Delight Pizza (Medium),rest_3,Behrouz Royal Biryani,NGP,Mughlai & Biryani,pizza,299,349,14,1,0,1,15,720,4.9,235,1,96,"Loaded with capsicum, onion, grilled mushroom, crisp tomato & mozzarella"
dish_332,Non-Veg Supreme Feast Pizza (Medium),rest_3,Behrouz Royal Biryani,NGP,Mughlai & Biryani,pizza,379,469,19,0,0,2,15,810,4.9,1019,0,94,"Smoked chicken tikka, spicy meatballs & black olives"
dish_333,Ghee Podi Masala Dosa with Sambar,rest_3,Behrouz Royal Biryani,NGP,Mughlai & Biryani,south_indian,149,189,21,1,0,2,8,420,4.6,578,1,97,Crispy golden crepe roasted in pure desi ghee with potato filling
dish_334,Steamed Button Idlis & Medu Vada Combo,rest_3,Behrouz Royal Biryani,NGP,Mughlai & Biryani,south_indian,109,149,27,1,1,1,6,340,4.7,314,1,94,4 Fluffy rice cakes + 2 crispy lentil donuts with coconut chutney
dish_335,Jain Special Satvik Khichdi Bowl,rest_3,Behrouz Royal Biryani,NGP,Mughlai & Biryani,jain,159,179,11,1,1,1,10,380,4.9,276,1,94,No onion no garlic yellow moong dal rice prepared in cow ghee
dish_336,Jain Paneer Kadhai with Phulkas,rest_3,Behrouz Royal Biryani,NGP,Mughlai & Biryani,jain,219,279,22,1,1,1,14,510,4.9,390,0,97,Prepared strictly without root vegetables or onion garlic
dish_337,Crispy Jumbo Paneer Tikka Wrap,rest_3,Behrouz Royal Biryani,NGP,Mughlai & Biryani,snacks,149,189,21,1,0,2,10,460,4.8,355,1,97,Marinated paneer chunks grilled in tandoor rolled in flaky paratha
dish_338,Chicken Bhuna Egg Roll,rest_3,Behrouz Royal Biryani,NGP,Mughlai & Biryani,snacks,189,239,21,0,0,3,12,540,4.8,507,1,99,Spiced slow cooked chicken wrapped with double eggs
dish_339,Kulhad Ginger Elaichi Chai (Serves 2),rest_3,Behrouz Royal Biryani,NGP,Mughlai & Biryani,beverages,89,109,18,1,1,1,5,120,5.0,1013,1,98,Freshly brewed tea infused with ginger and green cardamom in earthen cups
dish_340,Filter Coffee Flask (500ml),rest_3,Behrouz Royal Biryani,NGP,Mughlai & Biryani,beverages,99,129,23,1,1,1,5,150,4.7,1119,0,98,Strong South Indian chicory blend filter coffee
dish_341,Hot Angoori Gulab Jamun (4 pcs),rest_3,Behrouz Royal Biryani,NGP,Mughlai & Biryani,dessert,89,119,25,1,1,1,4,310,4.7,262,1,98,Soft cottage cheese dumplings soaked in saffron sugar syrup
dish_342,Royal Kesar Rasmalai (2 pcs),rest_3,Behrouz Royal Biryani,NGP,Mughlai & Biryani,dessert,119,149,20,1,1,1,4,280,4.6,905,0,97,Spongy discs in thickened pistachio saffron milk
dish_343,Royal Maharaja Special Veg Thali,rest_4,Saravana Bhavan South Express,ST,South Indian,thali,239,309,23,1,1,2,15,680,4.8,1114,1,97,"Full Meal Box with Paneer, Dal, 4 Rotis, Rice & Sweet"
dish_344,Standard Deluxe Mini Thali,rest_4,Saravana Bhavan South Express,ST,South Indian,thali,199,229,13,1,1,1,12,520,4.9,571,1,95,"Dal Tadka, Mix Veg, 3 Rotis, Jeera Rice, Pickle"
dish_345,Shahi Paneer Butter Masala Combo,rest_4,Saravana Bhavan South Express,ST,South Indian,north_indian,209,259,19,1,1,2,14,580,4.6,1093,0,99,Cottage cheese cubes in buttery gravy with 2 Garlic Naans
dish_346,Dal Makhani with Jeera Rice,rest_4,Saravana Bhavan South Express,ST,South Indian,north_indian,169,219,23,1,1,1,10,490,4.8,827,1,95,Slow cooked black lentils with aromatic cumin basmati rice
dish_347,Royal Dum Veg Paneer Biryani,rest_4,Saravana Bhavan South Express,ST,South Indian,biryani,239,299,20,1,1,2,15,610,4.8,762,1,96,Charcoal cooked fragrant basmati rice with paneer cubes & mint
dish_348,Cheesy Farmhouse Delight Pizza (Medium),rest_4,Saravana Bhavan South Express,ST,South Indian,pizza,299,369,19,1,0,1,15,720,4.8,343,1,96,"Loaded with capsicum, onion, grilled mushroom, crisp tomato & mozzarella"
dish_349,Ghee Podi Masala Dosa with Sambar,rest_4,Saravana Bhavan South Express,ST,South Indian,south_indian,129,169,24,1,0,2,8,420,5.0,369,1,94,Crispy golden crepe roasted in pure desi ghee with potato filling
dish_350,Steamed Button Idlis & Medu Vada Combo,rest_4,Saravana Bhavan South Express,ST,South Indian,south_indian,139,169,18,1,1,1,6,340,4.6,702,1,99,4 Fluffy rice cakes + 2 crispy lentil donuts with coconut chutney
dish_351,Jain Special Satvik Khichdi Bowl,rest_4,Saravana Bhavan South Express,ST,South Indian,jain,169,179,6,1,1,1,10,380,4.8,129,1,98,No onion no garlic yellow moong dal rice prepared in cow ghee
dish_352,Jain Paneer Kadhai with Phulkas,rest_4,Saravana Bhavan South Express,ST,South Indian,jain,239,279,14,1,1,1,14,510,4.7,373,0,97,Prepared strictly without root vegetables or onion garlic
dish_353,Crispy Jumbo Paneer Tikka Wrap,rest_4,Saravana Bhavan South Express,ST,South Indian,snacks,149,199,25,1,0,2,10,460,5.0,495,1,99,Marinated paneer chunks grilled in tandoor rolled in flaky paratha
dish_354,Kulhad Ginger Elaichi Chai (Serves 2),rest_4,Saravana Bhavan South Express,ST,South Indian,beverages,69,119,42,1,1,1,5,120,4.9,485,1,95,Freshly brewed tea infused with ginger and green cardamom in earthen cups
dish_355,Filter Coffee Flask (500ml),rest_4,Saravana Bhavan South Express,ST,South Indian,beverages,109,139,22,1,1,1,5,150,5.0,524,0,97,Strong South Indian chicory blend filter coffee
dish_356,Hot Angoori Gulab Jamun (4 pcs),rest_4,Saravana Bhavan South Express,ST,South Indian,dessert,89,109,18,1,1,1,4,310,4.6,199,1,94,Soft cottage cheese dumplings soaked in saffron sugar syrup
dish_357,Royal Kesar Rasmalai (2 pcs),rest_4,Saravana Bhavan South Express,ST,South Indian,dessert,109,169,36,1,1,1,4,280,4.6,560,0,94,Spongy discs in thickened pistachio saffron milk
dish_358,Royal Maharaja Special Veg Thali,rest_4,Saravana Bhavan South Express,BRC,South Indian,thali,269,319,16,1,1,2,15,680,4.7,87,1,96,"Full Meal Box with Paneer, Dal, 4 Rotis, Rice & Sweet"
dish_359,Standard Deluxe Mini Thali,rest_4,Saravana Bhavan South Express,BRC,South Indian,thali,169,219,23,1,1,1,12,520,4.9,552,1,96,"Dal Tadka, Mix Veg, 3 Rotis, Jeera Rice, Pickle"
dish_360,Shahi Paneer Butter Masala Combo,rest_4,Saravana Bhavan South Express,BRC,South Indian,north_indian,229,259,12,1,1,2,14,580,4.8,448,0,98,Cottage cheese cubes in buttery gravy with 2 Garlic Naans
dish_361,Dal Makhani with Jeera Rice,rest_4,Saravana Bhavan South Express,BRC,South Indian,north_indian,159,219,27,1,1,1,10,490,5.0,181,1,96,Slow cooked black lentils with aromatic cumin basmati rice
dish_362,Royal Dum Veg Paneer Biryani,rest_4,Saravana Bhavan South Express,BRC,South Indian,biryani,239,309,23,1,1,2,15,610,4.8,949,1,94,Charcoal cooked fragrant basmati rice with paneer cubes & mint
dish_363,Cheesy Farmhouse Delight Pizza (Medium),rest_4,Saravana Bhavan South Express,BRC,South Indian,pizza,299,359,17,1,0,1,15,720,4.8,1173,1,99,"Loaded with capsicum, onion, grilled mushroom, crisp tomato & mozzarella"
dish_364,Ghee Podi Masala Dosa with Sambar,rest_4,Saravana Bhavan South Express,BRC,South Indian,south_indian,129,189,32,1,0,2,8,420,5.0,248,1,95,Crispy golden crepe roasted in pure desi ghee with potato filling
dish_365,Steamed Button Idlis & Medu Vada Combo,rest_4,Saravana Bhavan South Express,BRC,South Indian,south_indian,119,169,30,1,1,1,6,340,4.9,1144,1,94,4 Fluffy rice cakes + 2 crispy lentil donuts with coconut chutney
dish_366,Jain Special Satvik Khichdi Bowl,rest_4,Saravana Bhavan South Express,BRC,South Indian,jain,159,199,20,1,1,1,10,380,4.8,1019,1,99,No onion no garlic yellow moong dal rice prepared in cow ghee
dish_367,Jain Paneer Kadhai with Phulkas,rest_4,Saravana Bhavan South Express,BRC,South Indian,jain,239,279,14,1,1,1,14,510,5.0,791,0,99,Prepared strictly without root vegetables or onion garlic
dish_368,Crispy Jumbo Paneer Tikka Wrap,rest_4,Saravana Bhavan South Express,BRC,South Indian,snacks,159,189,16,1,0,2,10,460,5.0,260,1,94,Marinated paneer chunks grilled in tandoor rolled in flaky paratha
dish_369,Kulhad Ginger Elaichi Chai (Serves 2),rest_4,Saravana Bhavan South Express,BRC,South Indian,beverages,89,119,25,1,1,1,5,120,4.9,514,1,99,Freshly brewed tea infused with ginger and green cardamom in earthen cups
dish_370,Filter Coffee Flask (500ml),rest_4,Saravana Bhavan South Express,BRC,South Indian,beverages,99,129,23,1,1,1,5,150,5.0,966,0,97,Strong South Indian chicory blend filter coffee
dish_371,Hot Angoori Gulab Jamun (4 pcs),rest_4,Saravana Bhavan South Express,BRC,South Indian,dessert,89,129,31,1,1,1,4,310,4.8,1111,1,96,Soft cottage cheese dumplings soaked in saffron sugar syrup
dish_372,Royal Kesar Rasmalai (2 pcs),rest_4,Saravana Bhavan South Express,BRC,South Indian,dessert,119,149,20,1,1,1,4,280,4.9,335,0,99,Spongy discs in thickened pistachio saffron milk
dish_373,Royal Maharaja Special Veg Thali,rest_4,Saravana Bhavan South Express,NGP,South Indian,thali,259,299,13,1,1,2,15,680,4.9,556,1,97,"Full Meal Box with Paneer, Dal, 4 Rotis, Rice & Sweet"
dish_374,Standard Deluxe Mini Thali,rest_4,Saravana Bhavan South Express,NGP,South Indian,thali,199,239,17,1,1,1,12,520,5.0,138,1,99,"Dal Tadka, Mix Veg, 3 Rotis, Jeera Rice, Pickle"
dish_375,Shahi Paneer Butter Masala Combo,rest_4,Saravana Bhavan South Express,NGP,South Indian,north_indian,209,269,22,1,1,2,14,580,5.0,954,0,97,Cottage cheese cubes in buttery gravy with 2 Garlic Naans
dish_376,Dal Makhani with Jeera Rice,rest_4,Saravana Bhavan South Express,NGP,South Indian,north_indian,159,219,27,1,1,1,10,490,4.8,895,1,95,Slow cooked black lentils with aromatic cumin basmati rice
dish_377,Royal Dum Veg Paneer Biryani,rest_4,Saravana Bhavan South Express,NGP,South Indian,biryani,239,299,20,1,1,2,15,610,5.0,965,1,98,Charcoal cooked fragrant basmati rice with paneer cubes & mint
dish_378,Cheesy Farmhouse Delight Pizza (Medium),rest_4,Saravana Bhavan South Express,NGP,South Indian,pizza,309,349,11,1,0,1,15,720,4.6,892,1,99,"Loaded with capsicum, onion, grilled mushroom, crisp tomato & mozzarella"
dish_379,Ghee Podi Masala Dosa with Sambar,rest_4,Saravana Bhavan South Express,NGP,South Indian,south_indian,139,179,22,1,0,2,8,420,5.0,432,1,98,Crispy golden crepe roasted in pure desi ghee with potato filling
dish_380,Steamed Button Idlis & Medu Vada Combo,rest_4,Saravana Bhavan South Express,NGP,South Indian,south_indian,119,149,20,1,1,1,6,340,4.8,970,1,97,4 Fluffy rice cakes + 2 crispy lentil donuts with coconut chutney
dish_381,Jain Special Satvik Khichdi Bowl,rest_4,Saravana Bhavan South Express,NGP,South Indian,jain,139,199,30,1,1,1,10,380,4.9,478,1,97,No onion no garlic yellow moong dal rice prepared in cow ghee
dish_382,Jain Paneer Kadhai with Phulkas,rest_4,Saravana Bhavan South Express,NGP,South Indian,jain,249,269,7,1,1,1,14,510,5.0,745,0,95,Prepared strictly without root vegetables or onion garlic
dish_383,Crispy Jumbo Paneer Tikka Wrap,rest_4,Saravana Bhavan South Express,NGP,South Indian,snacks,159,209,24,1,0,2,10,460,5.0,1181,1,98,Marinated paneer chunks grilled in tandoor rolled in flaky paratha
dish_384,Kulhad Ginger Elaichi Chai (Serves 2),rest_4,Saravana Bhavan South Express,NGP,South Indian,beverages,69,109,37,1,1,1,5,120,4.7,575,1,96,Freshly brewed tea infused with ginger and green cardamom in earthen cups
dish_385,Filter Coffee Flask (500ml),rest_4,Saravana Bhavan South Express,NGP,South Indian,beverages,89,129,31,1,1,1,5,150,4.8,1056,0,97,Strong South Indian chicory blend filter coffee
dish_386,Hot Angoori Gulab Jamun (4 pcs),rest_4,Saravana Bhavan South Express,NGP,South Indian,dessert,109,109,0,1,1,1,4,310,4.8,1095,1,97,Soft cottage cheese dumplings soaked in saffron sugar syrup
dish_387,Royal Kesar Rasmalai (2 pcs),rest_4,Saravana Bhavan South Express,NGP,South Indian,dessert,129,149,13,1,1,1,4,280,4.9,464,0,98,Spongy discs in thickened pistachio saffron milk
dish_388,Royal Maharaja Special Veg Thali,rest_4,Saravana Bhavan South Express,BPL,South Indian,thali,259,319,19,1,1,2,15,680,4.9,729,1,94,"Full Meal Box with Paneer, Dal, 4 Rotis, Rice & Sweet"
dish_389,Standard Deluxe Mini Thali,rest_4,Saravana Bhavan South Express,BPL,South Indian,thali,169,239,29,1,1,1,12,520,5.0,675,1,94,"Dal Tadka, Mix Veg, 3 Rotis, Jeera Rice, Pickle"
dish_390,Shahi Paneer Butter Masala Combo,rest_4,Saravana Bhavan South Express,BPL,South Indian,north_indian,239,259,8,1,1,2,14,580,5.0,873,0,96,Cottage cheese cubes in buttery gravy with 2 Garlic Naans
dish_391,Dal Makhani with Jeera Rice,rest_4,Saravana Bhavan South Express,BPL,South Indian,north_indian,189,219,14,1,1,1,10,490,4.9,223,1,95,Slow cooked black lentils with aromatic cumin basmati rice
dish_392,Royal Dum Veg Paneer Biryani,rest_4,Saravana Bhavan South Express,BPL,South Indian,biryani,249,299,17,1,1,2,15,610,4.8,270,1,98,Charcoal cooked fragrant basmati rice with paneer cubes & mint
dish_393,Cheesy Farmhouse Delight Pizza (Medium),rest_4,Saravana Bhavan South Express,BPL,South Indian,pizza,319,349,9,1,0,1,15,720,4.9,711,1,98,"Loaded with capsicum, onion, grilled mushroom, crisp tomato & mozzarella"
dish_394,Ghee Podi Masala Dosa with Sambar,rest_4,Saravana Bhavan South Express,BPL,South Indian,south_indian,159,169,6,1,0,2,8,420,4.6,819,1,94,Crispy golden crepe roasted in pure desi ghee with potato filling
dish_395,Steamed Button Idlis & Medu Vada Combo,rest_4,Saravana Bhavan South Express,BPL,South Indian,south_indian,109,169,36,1,1,1,6,340,4.9,616,1,96,4 Fluffy rice cakes + 2 crispy lentil donuts with coconut chutney
dish_396,Jain Special Satvik Khichdi Bowl,rest_4,Saravana Bhavan South Express,BPL,South Indian,jain,149,199,25,1,1,1,10,380,5.0,1086,1,96,No onion no garlic yellow moong dal rice prepared in cow ghee
dish_397,Jain Paneer Kadhai with Phulkas,rest_4,Saravana Bhavan South Express,BPL,South Indian,jain,249,269,7,1,1,1,14,510,4.9,114,0,95,Prepared strictly without root vegetables or onion garlic
dish_398,Crispy Jumbo Paneer Tikka Wrap,rest_4,Saravana Bhavan South Express,BPL,South Indian,snacks,159,189,16,1,0,2,10,460,4.7,387,1,96,Marinated paneer chunks grilled in tandoor rolled in flaky paratha
dish_399,Kulhad Ginger Elaichi Chai (Serves 2),rest_4,Saravana Bhavan South Express,BPL,South Indian,beverages,69,99,30,1,1,1,5,120,4.9,881,1,99,Freshly brewed tea infused with ginger and green cardamom in earthen cups
dish_400,Filter Coffee Flask (500ml),rest_4,Saravana Bhavan South Express,BPL,South Indian,beverages,89,139,36,1,1,1,5,150,4.7,127,0,97,Strong South Indian chicory blend filter coffee
dish_401,Hot Angoori Gulab Jamun (4 pcs),rest_4,Saravana Bhavan South Express,BPL,South Indian,dessert,99,109,9,1,1,1,4,310,5.0,411,1,95,Soft cottage cheese dumplings soaked in saffron sugar syrup
dish_402,Royal Kesar Rasmalai (2 pcs),rest_4,Saravana Bhavan South Express,BPL,South Indian,dessert,119,159,25,1,1,1,4,280,4.9,323,0,99,Spongy discs in thickened pistachio saffron milk
dish_403,Royal Maharaja Special Veg Thali,rest_5,Faasos Rolls & Bowls,KOTA,Wraps & Fast Food,thali,239,309,23,1,1,2,15,680,4.3,165,1,94,"Full Meal Box with Paneer, Dal, 4 Rotis, Rice & Sweet"
dish_404,Standard Deluxe Mini Thali,rest_5,Faasos Rolls & Bowls,KOTA,Wraps & Fast Food,thali,199,239,17,1,1,1,12,520,4.3,358,1,96,"Dal Tadka, Mix Veg, 3 Rotis, Jeera Rice, Pickle"
dish_405,Shahi Paneer Butter Masala Combo,rest_5,Faasos Rolls & Bowls,KOTA,Wraps & Fast Food,north_indian,219,269,19,1,1,2,14,580,4.5,947,0,95,Cottage cheese cubes in buttery gravy with 2 Garlic Naans
dish_406,Dal Makhani with Jeera Rice,rest_5,Faasos Rolls & Bowls,KOTA,Wraps & Fast Food,north_indian,179,219,18,1,1,1,10,490,4.6,1004,1,96,Slow cooked black lentils with aromatic cumin basmati rice
dish_407,Dum Gosht Hyderabadi Biryani,rest_5,Faasos Rolls & Bowls,KOTA,Wraps & Fast Food,biryani,329,409,20,0,0,3,18,750,4.7,670,1,94,Tender marinated meat layered with long basmati rice and saffron
dish_408,Royal Dum Veg Paneer Biryani,rest_5,Faasos Rolls & Bowls,KOTA,Wraps & Fast Food,biryani,249,299,17,1,1,2,15,610,4.6,268,1,99,Charcoal cooked fragrant basmati rice with paneer cubes & mint
dish_409,Cheesy Farmhouse Delight Pizza (Medium),rest_5,Faasos Rolls & Bowls,KOTA,Wraps & Fast Food,pizza,309,359,14,1,0,1,15,720,4.4,832,1,97,"Loaded with capsicum, onion, grilled mushroom, crisp tomato & mozzarella"
dish_410,Non-Veg Supreme Feast Pizza (Medium),rest_5,Faasos Rolls & Bowls,KOTA,Wraps & Fast Food,pizza,399,459,13,0,0,2,15,810,4.2,859,0,98,"Smoked chicken tikka, spicy meatballs & black olives"
dish_411,Ghee Podi Masala Dosa with Sambar,rest_5,Faasos Rolls & Bowls,KOTA,Wraps & Fast Food,south_indian,159,169,6,1,0,2,8,420,4.4,702,1,96,Crispy golden crepe roasted in pure desi ghee with potato filling
dish_412,Steamed Button Idlis & Medu Vada Combo,rest_5,Faasos Rolls & Bowls,KOTA,Wraps & Fast Food,south_indian,129,149,13,1,1,1,6,340,4.3,214,1,96,4 Fluffy rice cakes + 2 crispy lentil donuts with coconut chutney
dish_413,Jain Special Satvik Khichdi Bowl,rest_5,Faasos Rolls & Bowls,KOTA,Wraps & Fast Food,jain,169,199,15,1,1,1,10,380,4.4,1178,1,99,No onion no garlic yellow moong dal rice prepared in cow ghee
dish_414,Jain Paneer Kadhai with Phulkas,rest_5,Faasos Rolls & Bowls,KOTA,Wraps & Fast Food,jain,249,279,11,1,1,1,14,510,4.7,1132,0,95,Prepared strictly without root vegetables or onion garlic
dish_415,Crispy Jumbo Paneer Tikka Wrap,rest_5,Faasos Rolls & Bowls,KOTA,Wraps & Fast Food,snacks,169,209,19,1,0,2,10,460,4.3,687,1,98,Marinated paneer chunks grilled in tandoor rolled in flaky paratha
dish_416,Chicken Bhuna Egg Roll,rest_5,Faasos Rolls & Bowls,KOTA,Wraps & Fast Food,snacks,179,239,25,0,0,3,12,540,4.7,803,1,99,Spiced slow cooked chicken wrapped with double eggs
dish_417,Kulhad Ginger Elaichi Chai (Serves 2),rest_5,Faasos Rolls & Bowls,KOTA,Wraps & Fast Food,beverages,99,119,17,1,1,1,5,120,4.3,932,1,97,Freshly brewed tea infused with ginger and green cardamom in earthen cups
dish_418,Filter Coffee Flask (500ml),rest_5,Faasos Rolls & Bowls,KOTA,Wraps & Fast Food,beverages,99,139,29,1,1,1,5,150,4.7,693,0,98,Strong South Indian chicory blend filter coffee
dish_419,Hot Angoori Gulab Jamun (4 pcs),rest_5,Faasos Rolls & Bowls,KOTA,Wraps & Fast Food,dessert,99,109,9,1,1,1,4,310,4.3,1023,1,97,Soft cottage cheese dumplings soaked in saffron sugar syrup
dish_420,Royal Kesar Rasmalai (2 pcs),rest_5,Faasos Rolls & Bowls,KOTA,Wraps & Fast Food,dessert,129,169,24,1,1,1,4,280,4.4,1120,0,98,Spongy discs in thickened pistachio saffron milk
dish_421,Royal Maharaja Special Veg Thali,rest_5,Faasos Rolls & Bowls,ST,Wraps & Fast Food,thali,259,299,13,1,1,2,15,680,4.3,916,1,98,"Full Meal Box with Paneer, Dal, 4 Rotis, Rice & Sweet"
dish_422,Standard Deluxe Mini Thali,rest_5,Faasos Rolls & Bowls,ST,Wraps & Fast Food,thali,179,239,25,1,1,1,12,520,4.6,595,1,96,"Dal Tadka, Mix Veg, 3 Rotis, Jeera Rice, Pickle"
dish_423,Shahi Paneer Butter Masala Combo,rest_5,Faasos Rolls & Bowls,ST,Wraps & Fast Food,north_indian,219,279,22,1,1,2,14,580,4.4,770,0,98,Cottage cheese cubes in buttery gravy with 2 Garlic Naans
dish_424,Dal Makhani with Jeera Rice,rest_5,Faasos Rolls & Bowls,ST,Wraps & Fast Food,north_indian,159,209,24,1,1,1,10,490,4.2,705,1,96,Slow cooked black lentils with aromatic cumin basmati rice
dish_425,Dum Gosht Hyderabadi Biryani,rest_5,Faasos Rolls & Bowls,ST,Wraps & Fast Food,biryani,319,409,22,0,0,3,18,750,4.7,145,1,98,Tender marinated meat layered with long basmati rice and saffron
dish_426,Royal Dum Veg Paneer Biryani,rest_5,Faasos Rolls & Bowls,ST,Wraps & Fast Food,biryani,239,309,23,1,1,2,15,610,4.3,1029,1,95,Charcoal cooked fragrant basmati rice with paneer cubes & mint
dish_427,Cheesy Farmhouse Delight Pizza (Medium),rest_5,Faasos Rolls & Bowls,ST,Wraps & Fast Food,pizza,289,349,17,1,0,1,15,720,4.4,654,1,95,"Loaded with capsicum, onion, grilled mushroom, crisp tomato & mozzarella"
dish_428,Non-Veg Supreme Feast Pizza (Medium),rest_5,Faasos Rolls & Bowls,ST,Wraps & Fast Food,pizza,379,469,19,0,0,2,15,810,4.2,1037,0,97,"Smoked chicken tikka, spicy meatballs & black olives"
dish_429,Ghee Podi Masala Dosa with Sambar,rest_5,Faasos Rolls & Bowls,ST,Wraps & Fast Food,south_indian,139,189,26,1,0,2,8,420,4.4,370,1,98,Crispy golden crepe roasted in pure desi ghee with potato filling
dish_430,Steamed Button Idlis & Medu Vada Combo,rest_5,Faasos Rolls & Bowls,ST,Wraps & Fast Food,south_indian,129,159,19,1,1,1,6,340,4.5,787,1,99,4 Fluffy rice cakes + 2 crispy lentil donuts with coconut chutney
dish_431,Jain Special Satvik Khichdi Bowl,rest_5,Faasos Rolls & Bowls,ST,Wraps & Fast Food,jain,139,179,22,1,1,1,10,380,4.5,138,1,94,No onion no garlic yellow moong dal rice prepared in cow ghee
dish_432,Jain Paneer Kadhai with Phulkas,rest_5,Faasos Rolls & Bowls,ST,Wraps & Fast Food,jain,249,269,7,1,1,1,14,510,4.4,799,0,94,Prepared strictly without root vegetables or onion garlic
dish_433,Crispy Jumbo Paneer Tikka Wrap,rest_5,Faasos Rolls & Bowls,ST,Wraps & Fast Food,snacks,169,189,11,1,0,2,10,460,4.5,89,1,96,Marinated paneer chunks grilled in tandoor rolled in flaky paratha
dish_434,Chicken Bhuna Egg Roll,rest_5,Faasos Rolls & Bowls,ST,Wraps & Fast Food,snacks,189,219,14,0,0,3,12,540,4.5,272,1,96,Spiced slow cooked chicken wrapped with double eggs
dish_435,Kulhad Ginger Elaichi Chai (Serves 2),rest_5,Faasos Rolls & Bowls,ST,Wraps & Fast Food,beverages,79,109,28,1,1,1,5,120,4.3,212,1,95,Freshly brewed tea infused with ginger and green cardamom in earthen cups
dish_436,Filter Coffee Flask (500ml),rest_5,Faasos Rolls & Bowls,ST,Wraps & Fast Food,beverages,119,149,20,1,1,1,5,150,4.3,556,0,95,Strong South Indian chicory blend filter coffee
dish_437,Hot Angoori Gulab Jamun (4 pcs),rest_5,Faasos Rolls & Bowls,ST,Wraps & Fast Food,dessert,109,129,16,1,1,1,4,310,4.6,757,1,95,Soft cottage cheese dumplings soaked in saffron sugar syrup
dish_438,Royal Kesar Rasmalai (2 pcs),rest_5,Faasos Rolls & Bowls,ST,Wraps & Fast Food,dessert,109,169,36,1,1,1,4,280,4.6,285,0,94,Spongy discs in thickened pistachio saffron milk
dish_439,Royal Maharaja Special Veg Thali,rest_5,Faasos Rolls & Bowls,BRC,Wraps & Fast Food,thali,249,299,17,1,1,2,15,680,4.5,139,1,96,"Full Meal Box with Paneer, Dal, 4 Rotis, Rice & Sweet"
dish_440,Standard Deluxe Mini Thali,rest_5,Faasos Rolls & Bowls,BRC,Wraps & Fast Food,thali,179,229,22,1,1,1,12,520,4.4,1023,1,96,"Dal Tadka, Mix Veg, 3 Rotis, Jeera Rice, Pickle"
dish_441,Shahi Paneer Butter Masala Combo,rest_5,Faasos Rolls & Bowls,BRC,Wraps & Fast Food,north_indian,219,279,22,1,1,2,14,580,4.4,858,0,95,Cottage cheese cubes in buttery gravy with 2 Garlic Naans
dish_442,Dal Makhani with Jeera Rice,rest_5,Faasos Rolls & Bowls,BRC,Wraps & Fast Food,north_indian,179,199,10,1,1,1,10,490,4.5,1152,1,96,Slow cooked black lentils with aromatic cumin basmati rice
dish_443,Dum Gosht Hyderabadi Biryani,rest_5,Faasos Rolls & Bowls,BRC,Wraps & Fast Food,biryani,349,399,13,0,0,3,18,750,4.5,796,1,96,Tender marinated meat layered with long basmati rice and saffron
dish_444,Royal Dum Veg Paneer Biryani,rest_5,Faasos Rolls & Bowls,BRC,Wraps & Fast Food,biryani,249,299,17,1,1,2,15,610,4.7,611,1,99,Charcoal cooked fragrant basmati rice with paneer cubes & mint
dish_445,Cheesy Farmhouse Delight Pizza (Medium),rest_5,Faasos Rolls & Bowls,BRC,Wraps & Fast Food,pizza,319,349,9,1,0,1,15,720,4.6,245,1,98,"Loaded with capsicum, onion, grilled mushroom, crisp tomato & mozzarella"
dish_446,Non-Veg Supreme Feast Pizza (Medium),rest_5,Faasos Rolls & Bowls,BRC,Wraps & Fast Food,pizza,379,459,17,0,0,2,15,810,4.2,1056,0,99,"Smoked chicken tikka, spicy meatballs & black olives"
dish_447,Ghee Podi Masala Dosa with Sambar,rest_5,Faasos Rolls & Bowls,BRC,Wraps & Fast Food,south_indian,149,179,17,1,0,2,8,420,4.6,720,1,99,Crispy golden crepe roasted in pure desi ghee with potato filling
dish_448,Steamed Button Idlis & Medu Vada Combo,rest_5,Faasos Rolls & Bowls,BRC,Wraps & Fast Food,south_indian,119,169,30,1,1,1,6,340,4.4,144,1,97,4 Fluffy rice cakes + 2 crispy lentil donuts with coconut chutney
dish_449,Jain Special Satvik Khichdi Bowl,rest_5,Faasos Rolls & Bowls,BRC,Wraps & Fast Food,jain,149,189,21,1,1,1,10,380,4.3,300,1,97,No onion no garlic yellow moong dal rice prepared in cow ghee
dish_450,Jain Paneer Kadhai with Phulkas,rest_5,Faasos Rolls & Bowls,BRC,Wraps & Fast Food,jain,249,269,7,1,1,1,14,510,4.3,592,0,97,Prepared strictly without root vegetables or onion garlic
dish_451,Crispy Jumbo Paneer Tikka Wrap,rest_5,Faasos Rolls & Bowls,BRC,Wraps & Fast Food,snacks,149,189,21,1,0,2,10,460,4.6,730,1,97,Marinated paneer chunks grilled in tandoor rolled in flaky paratha
dish_452,Chicken Bhuna Egg Roll,rest_5,Faasos Rolls & Bowls,BRC,Wraps & Fast Food,snacks,189,229,17,0,0,3,12,540,4.6,421,1,97,Spiced slow cooked chicken wrapped with double eggs
dish_453,Kulhad Ginger Elaichi Chai (Serves 2),rest_5,Faasos Rolls & Bowls,BRC,Wraps & Fast Food,beverages,89,99,10,1,1,1,5,120,4.3,948,1,94,Freshly brewed tea infused with ginger and green cardamom in earthen cups
dish_454,Filter Coffee Flask (500ml),rest_5,Faasos Rolls & Bowls,BRC,Wraps & Fast Food,beverages,109,149,27,1,1,1,5,150,4.3,985,0,97,Strong South Indian chicory blend filter coffee
dish_455,Hot Angoori Gulab Jamun (4 pcs),rest_5,Faasos Rolls & Bowls,BRC,Wraps & Fast Food,dessert,89,109,18,1,1,1,4,310,4.5,201,1,97,Soft cottage cheese dumplings soaked in saffron sugar syrup
dish_456,Royal Kesar Rasmalai (2 pcs),rest_5,Faasos Rolls & Bowls,BRC,Wraps & Fast Food,dessert,119,149,20,1,1,1,4,280,4.5,963,0,95,Spongy discs in thickened pistachio saffron milk
dish_457,Royal Maharaja Special Veg Thali,rest_5,Faasos Rolls & Bowls,AGC,Wraps & Fast Food,thali,239,299,20,1,1,2,15,680,4.7,768,1,94,"Full Meal Box with Paneer, Dal, 4 Rotis, Rice & Sweet"
dish_458,Standard Deluxe Mini Thali,rest_5,Faasos Rolls & Bowls,AGC,Wraps & Fast Food,thali,199,239,17,1,1,1,12,520,4.4,201,1,96,"Dal Tadka, Mix Veg, 3 Rotis, Jeera Rice, Pickle"
dish_459,Shahi Paneer Butter Masala Combo,rest_5,Faasos Rolls & Bowls,AGC,Wraps & Fast Food,north_indian,229,259,12,1,1,2,14,580,4.6,1185,0,95,Cottage cheese cubes in buttery gravy with 2 Garlic Naans
dish_460,Dal Makhani with Jeera Rice,rest_5,Faasos Rolls & Bowls,AGC,Wraps & Fast Food,north_indian,169,219,23,1,1,1,10,490,4.6,937,1,97,Slow cooked black lentils with aromatic cumin basmati rice
dish_461,Dum Gosht Hyderabadi Biryani,rest_5,Faasos Rolls & Bowls,AGC,Wraps & Fast Food,biryani,329,419,21,0,0,3,18,750,4.6,434,1,95,Tender marinated meat layered with long basmati rice and saffron
dish_462,Royal Dum Veg Paneer Biryani,rest_5,Faasos Rolls & Bowls,AGC,Wraps & Fast Food,biryani,249,289,14,1,1,2,15,610,4.6,1167,1,98,Charcoal cooked fragrant basmati rice with paneer cubes & mint
dish_463,Cheesy Farmhouse Delight Pizza (Medium),rest_5,Faasos Rolls & Bowls,AGC,Wraps & Fast Food,pizza,289,359,19,1,0,1,15,720,4.5,265,1,99,"Loaded with capsicum, onion, grilled mushroom, crisp tomato & mozzarella"
dish_464,Non-Veg Supreme Feast Pizza (Medium),rest_5,Faasos Rolls & Bowls,AGC,Wraps & Fast Food,pizza,389,469,17,0,0,2,15,810,4.3,377,0,96,"Smoked chicken tikka, spicy meatballs & black olives"
dish_465,Ghee Podi Masala Dosa with Sambar,rest_5,Faasos Rolls & Bowls,AGC,Wraps & Fast Food,south_indian,139,179,22,1,0,2,8,420,4.3,174,1,99,Crispy golden crepe roasted in pure desi ghee with potato filling
dish_466,Steamed Button Idlis & Medu Vada Combo,rest_5,Faasos Rolls & Bowls,AGC,Wraps & Fast Food,south_indian,119,169,30,1,1,1,6,340,4.3,566,1,94,4 Fluffy rice cakes + 2 crispy lentil donuts with coconut chutney
dish_467,Jain Special Satvik Khichdi Bowl,rest_5,Faasos Rolls & Bowls,AGC,Wraps & Fast Food,jain,149,189,21,1,1,1,10,380,4.3,820,1,96,No onion no garlic yellow moong dal rice prepared in cow ghee
dish_468,Jain Paneer Kadhai with Phulkas,rest_5,Faasos Rolls & Bowls,AGC,Wraps & Fast Food,jain,249,279,11,1,1,1,14,510,4.4,210,0,94,Prepared strictly without root vegetables or onion garlic
dish_469,Crispy Jumbo Paneer Tikka Wrap,rest_5,Faasos Rolls & Bowls,AGC,Wraps & Fast Food,snacks,169,199,15,1,0,2,10,460,4.5,664,1,99,Marinated paneer chunks grilled in tandoor rolled in flaky paratha
dish_470,Chicken Bhuna Egg Roll,rest_5,Faasos Rolls & Bowls,AGC,Wraps & Fast Food,snacks,189,219,14,0,0,3,12,540,4.6,1147,1,99,Spiced slow cooked chicken wrapped with double eggs
dish_471,Kulhad Ginger Elaichi Chai (Serves 2),rest_5,Faasos Rolls & Bowls,AGC,Wraps & Fast Food,beverages,79,119,34,1,1,1,5,120,4.3,972,1,98,Freshly brewed tea infused with ginger and green cardamom in earthen cups
dish_472,Filter Coffee Flask (500ml),rest_5,Faasos Rolls & Bowls,AGC,Wraps & Fast Food,beverages,109,129,16,1,1,1,5,150,4.7,253,0,94,Strong South Indian chicory blend filter coffee
dish_473,Hot Angoori Gulab Jamun (4 pcs),rest_5,Faasos Rolls & Bowls,AGC,Wraps & Fast Food,dessert,89,129,31,1,1,1,4,310,4.7,1070,1,97,Soft cottage cheese dumplings soaked in saffron sugar syrup
dish_474,Royal Kesar Rasmalai (2 pcs),rest_5,Faasos Rolls & Bowls,AGC,Wraps & Fast Food,dessert,109,169,36,1,1,1,4,280,4.5,736,0,94,Spongy discs in thickened pistachio saffron milk
dish_475,Royal Maharaja Special Veg Thali,rest_5,Faasos Rolls & Bowls,CNB,Wraps & Fast Food,thali,269,299,10,1,1,2,15,680,4.5,314,1,99,"Full Meal Box with Paneer, Dal, 4 Rotis, Rice & Sweet"
dish_476,Standard Deluxe Mini Thali,rest_5,Faasos Rolls & Bowls,CNB,Wraps & Fast Food,thali,199,239,17,1,1,1,12,520,4.3,775,1,94,"Dal Tadka, Mix Veg, 3 Rotis, Jeera Rice, Pickle"
dish_477,Shahi Paneer Butter Masala Combo,rest_5,Faasos Rolls & Bowls,CNB,Wraps & Fast Food,north_indian,239,259,8,1,1,2,14,580,4.6,1122,0,94,Cottage cheese cubes in buttery gravy with 2 Garlic Naans
dish_478,Dal Makhani with Jeera Rice,rest_5,Faasos Rolls & Bowls,CNB,Wraps & Fast Food,north_indian,189,199,5,1,1,1,10,490,4.5,250,1,99,Slow cooked black lentils with aromatic cumin basmati rice
dish_479,Dum Gosht Hyderabadi Biryani,rest_5,Faasos Rolls & Bowls,CNB,Wraps & Fast Food,biryani,319,419,24,0,0,3,18,750,4.5,548,1,98,Tender marinated meat layered with long basmati rice and saffron
dish_480,Royal Dum Veg Paneer Biryani,rest_5,Faasos Rolls & Bowls,CNB,Wraps & Fast Food,biryani,239,289,17,1,1,2,15,610,4.2,584,1,97,Charcoal cooked fragrant basmati rice with paneer cubes & mint
dish_481,Cheesy Farmhouse Delight Pizza (Medium),rest_5,Faasos Rolls & Bowls,CNB,Wraps & Fast Food,pizza,289,359,19,1,0,1,15,720,4.4,1023,1,97,"Loaded with capsicum, onion, grilled mushroom, crisp tomato & mozzarella"
dish_482,Non-Veg Supreme Feast Pizza (Medium),rest_5,Faasos Rolls & Bowls,CNB,Wraps & Fast Food,pizza,399,449,11,0,0,2,15,810,4.6,815,0,95,"Smoked chicken tikka, spicy meatballs & black olives"
dish_483,Ghee Podi Masala Dosa with Sambar,rest_5,Faasos Rolls & Bowls,CNB,Wraps & Fast Food,south_indian,159,179,11,1,0,2,8,420,4.2,678,1,96,Crispy golden crepe roasted in pure desi ghee with potato filling
dish_484,Steamed Button Idlis & Medu Vada Combo,rest_5,Faasos Rolls & Bowls,CNB,Wraps & Fast Food,south_indian,109,159,31,1,1,1,6,340,4.6,195,1,96,4 Fluffy rice cakes + 2 crispy lentil donuts with coconut chutney
dish_485,Jain Special Satvik Khichdi Bowl,rest_5,Faasos Rolls & Bowls,CNB,Wraps & Fast Food,jain,159,189,16,1,1,1,10,380,4.2,443,1,94,No onion no garlic yellow moong dal rice prepared in cow ghee
dish_486,Jain Paneer Kadhai with Phulkas,rest_5,Faasos Rolls & Bowls,CNB,Wraps & Fast Food,jain,229,289,21,1,1,1,14,510,4.4,1146,0,95,Prepared strictly without root vegetables or onion garlic
dish_487,Crispy Jumbo Paneer Tikka Wrap,rest_5,Faasos Rolls & Bowls,CNB,Wraps & Fast Food,snacks,179,209,14,1,0,2,10,460,4.5,516,1,99,Marinated paneer chunks grilled in tandoor rolled in flaky paratha
dish_488,Chicken Bhuna Egg Roll,rest_5,Faasos Rolls & Bowls,CNB,Wraps & Fast Food,snacks,189,239,21,0,0,3,12,540,4.4,193,1,95,Spiced slow cooked chicken wrapped with double eggs
dish_489,Kulhad Ginger Elaichi Chai (Serves 2),rest_5,Faasos Rolls & Bowls,CNB,Wraps & Fast Food,beverages,89,119,25,1,1,1,5,120,4.4,892,1,94,Freshly brewed tea infused with ginger and green cardamom in earthen cups
dish_490,Filter Coffee Flask (500ml),rest_5,Faasos Rolls & Bowls,CNB,Wraps & Fast Food,beverages,99,149,34,1,1,1,5,150,4.6,637,0,94,Strong South Indian chicory blend filter coffee
dish_491,Hot Angoori Gulab Jamun (4 pcs),rest_5,Faasos Rolls & Bowls,CNB,Wraps & Fast Food,dessert,89,119,25,1,1,1,4,310,4.4,1020,1,99,Soft cottage cheese dumplings soaked in saffron sugar syrup
dish_492,Royal Kesar Rasmalai (2 pcs),rest_5,Faasos Rolls & Bowls,CNB,Wraps & Fast Food,dessert,129,159,19,1,1,1,4,280,4.5,1178,0,99,Spongy discs in thickened pistachio saffron milk
dish_493,Royal Maharaja Special Veg Thali,rest_6,Bikanervala Heritage Kitchen,MTJ,Rajasthani & Sweets,thali,249,299,17,1,1,2,15,680,4.8,1189,1,98,"Full Meal Box with Paneer, Dal, 4 Rotis, Rice & Sweet"
dish_494,Standard Deluxe Mini Thali,rest_6,Bikanervala Heritage Kitchen,MTJ,Rajasthani & Sweets,thali,169,219,23,1,1,1,12,520,4.4,578,1,98,"Dal Tadka, Mix Veg, 3 Rotis, Jeera Rice, Pickle"
dish_495,Shahi Paneer Butter Masala Combo,rest_6,Bikanervala Heritage Kitchen,MTJ,Rajasthani & Sweets,north_indian,219,269,19,1,1,2,14,580,4.5,179,0,96,Cottage cheese cubes in buttery gravy with 2 Garlic Naans
dish_496,Dal Makhani with Jeera Rice,rest_6,Bikanervala Heritage Kitchen,MTJ,Rajasthani & Sweets,north_indian,159,199,20,1,1,1,10,490,4.5,848,1,94,Slow cooked black lentils with aromatic cumin basmati rice
dish_497,Royal Dum Veg Paneer Biryani,rest_6,Bikanervala Heritage Kitchen,MTJ,Rajasthani & Sweets,biryani,229,309,26,1,1,2,15,610,4.6,384,1,94,Charcoal cooked fragrant basmati rice with paneer cubes & mint
dish_498,Cheesy Farmhouse Delight Pizza (Medium),rest_6,Bikanervala Heritage Kitchen,MTJ,Rajasthani & Sweets,pizza,289,349,17,1,0,1,15,720,4.7,1200,1,95,"Loaded with capsicum, onion, grilled mushroom, crisp tomato & mozzarella"
dish_499,Ghee Podi Masala Dosa with Sambar,rest_6,Bikanervala Heritage Kitchen,MTJ,Rajasthani & Sweets,south_indian,149,169,12,1,0,2,8,420,4.5,483,1,99,Crispy golden crepe roasted in pure desi ghee with potato filling
dish_500,Steamed Button Idlis & Medu Vada Combo,rest_6,Bikanervala Heritage Kitchen,MTJ,Rajasthani & Sweets,south_indian,109,169,36,1,1,1,6,340,4.6,328,1,99,4 Fluffy rice cakes + 2 crispy lentil donuts with coconut chutney
dish_501,Jain Special Satvik Khichdi Bowl,rest_6,Bikanervala Heritage Kitchen,MTJ,Rajasthani & Sweets,jain,169,179,6,1,1,1,10,380,4.6,98,1,95,No onion no garlic yellow moong dal rice prepared in cow ghee
dish_502,Jain Paneer Kadhai with Phulkas,rest_6,Bikanervala Heritage Kitchen,MTJ,Rajasthani & Sweets,jain,219,289,24,1,1,1,14,510,4.9,1060,0,95,Prepared strictly without root vegetables or onion garlic
dish_503,Crispy Jumbo Paneer Tikka Wrap,rest_6,Bikanervala Heritage Kitchen,MTJ,Rajasthani & Sweets,snacks,179,209,14,1,0,2,10,460,4.4,1125,1,98,Marinated paneer chunks grilled in tandoor rolled in flaky paratha
dish_504,Kulhad Ginger Elaichi Chai (Serves 2),rest_6,Bikanervala Heritage Kitchen,MTJ,Rajasthani & Sweets,beverages,89,119,25,1,1,1,5,120,4.6,1067,1,95,Freshly brewed tea infused with ginger and green cardamom in earthen cups
dish_505,Filter Coffee Flask (500ml),rest_6,Bikanervala Heritage Kitchen,MTJ,Rajasthani & Sweets,beverages,89,129,31,1,1,1,5,150,4.4,345,0,94,Strong South Indian chicory blend filter coffee
dish_506,Hot Angoori Gulab Jamun (4 pcs),rest_6,Bikanervala Heritage Kitchen,MTJ,Rajasthani & Sweets,dessert,99,129,23,1,1,1,4,310,4.8,183,1,97,Soft cottage cheese dumplings soaked in saffron sugar syrup
dish_507,Royal Kesar Rasmalai (2 pcs),rest_6,Bikanervala Heritage Kitchen,MTJ,Rajasthani & Sweets,dessert,109,159,31,1,1,1,4,280,4.5,574,0,96,Spongy discs in thickened pistachio saffron milk
dish_508,Royal Maharaja Special Veg Thali,rest_6,Bikanervala Heritage Kitchen,AGC,Rajasthani & Sweets,thali,259,299,13,1,1,2,15,680,4.8,1171,1,98,"Full Meal Box with Paneer, Dal, 4 Rotis, Rice & Sweet"
dish_509,Standard Deluxe Mini Thali,rest_6,Bikanervala Heritage Kitchen,AGC,Rajasthani & Sweets,thali,189,219,14,1,1,1,12,520,4.5,1019,1,94,"Dal Tadka, Mix Veg, 3 Rotis, Jeera Rice, Pickle"
dish_510,Shahi Paneer Butter Masala Combo,rest_6,Bikanervala Heritage Kitchen,AGC,Rajasthani & Sweets,north_indian,229,259,12,1,1,2,14,580,4.8,244,0,98,Cottage cheese cubes in buttery gravy with 2 Garlic Naans
dish_511,Dal Makhani with Jeera Rice,rest_6,Bikanervala Heritage Kitchen,AGC,Rajasthani & Sweets,north_indian,179,219,18,1,1,1,10,490,4.6,611,1,96,Slow cooked black lentils with aromatic cumin basmati rice
dish_512,Royal Dum Veg Paneer Biryani,rest_6,Bikanervala Heritage Kitchen,AGC,Rajasthani & Sweets,biryani,259,309,16,1,1,2,15,610,4.6,889,1,96,Charcoal cooked fragrant basmati rice with paneer cubes & mint
dish_513,Cheesy Farmhouse Delight Pizza (Medium),rest_6,Bikanervala Heritage Kitchen,AGC,Rajasthani & Sweets,pizza,309,359,14,1,0,1,15,720,4.8,461,1,97,"Loaded with capsicum, onion, grilled mushroom, crisp tomato & mozzarella"
dish_514,Ghee Podi Masala Dosa with Sambar,rest_6,Bikanervala Heritage Kitchen,AGC,Rajasthani & Sweets,south_indian,159,179,11,1,0,2,8,420,4.4,979,1,97,Crispy golden crepe roasted in pure desi ghee with potato filling
dish_515,Steamed Button Idlis & Medu Vada Combo,rest_6,Bikanervala Heritage Kitchen,AGC,Rajasthani & Sweets,south_indian,109,169,36,1,1,1,6,340,4.8,1106,1,98,4 Fluffy rice cakes + 2 crispy lentil donuts with coconut chutney
dish_516,Jain Special Satvik Khichdi Bowl,rest_6,Bikanervala Heritage Kitchen,AGC,Rajasthani & Sweets,jain,169,179,6,1,1,1,10,380,4.8,572,1,98,No onion no garlic yellow moong dal rice prepared in cow ghee
dish_517,Jain Paneer Kadhai with Phulkas,rest_6,Bikanervala Heritage Kitchen,AGC,Rajasthani & Sweets,jain,239,279,14,1,1,1,14,510,4.5,902,0,97,Prepared strictly without root vegetables or onion garlic
dish_518,Crispy Jumbo Paneer Tikka Wrap,rest_6,Bikanervala Heritage Kitchen,AGC,Rajasthani & Sweets,snacks,179,209,14,1,0,2,10,460,4.5,131,1,96,Marinated paneer chunks grilled in tandoor rolled in flaky paratha
dish_519,Kulhad Ginger Elaichi Chai (Serves 2),rest_6,Bikanervala Heritage Kitchen,AGC,Rajasthani & Sweets,beverages,89,109,18,1,1,1,5,120,4.5,281,1,95,Freshly brewed tea infused with ginger and green cardamom in earthen cups
dish_520,Filter Coffee Flask (500ml),rest_6,Bikanervala Heritage Kitchen,AGC,Rajasthani & Sweets,beverages,119,149,20,1,1,1,5,150,4.5,175,0,95,Strong South Indian chicory blend filter coffee
dish_521,Hot Angoori Gulab Jamun (4 pcs),rest_6,Bikanervala Heritage Kitchen,AGC,Rajasthani & Sweets,dessert,89,109,18,1,1,1,4,310,4.7,671,1,99,Soft cottage cheese dumplings soaked in saffron sugar syrup
dish_522,Royal Kesar Rasmalai (2 pcs),rest_6,Bikanervala Heritage Kitchen,AGC,Rajasthani & Sweets,dessert,139,149,7,1,1,1,4,280,4.6,880,0,97,Spongy discs in thickened pistachio saffron milk
dish_523,Royal Maharaja Special Veg Thali,rest_6,Bikanervala Heritage Kitchen,KOTA,Rajasthani & Sweets,thali,249,309,19,1,1,2,15,680,4.6,527,1,94,"Full Meal Box with Paneer, Dal, 4 Rotis, Rice & Sweet"
dish_524,Standard Deluxe Mini Thali,rest_6,Bikanervala Heritage Kitchen,KOTA,Rajasthani & Sweets,thali,189,239,21,1,1,1,12,520,4.5,1016,1,97,"Dal Tadka, Mix Veg, 3 Rotis, Jeera Rice, Pickle"
dish_525,Shahi Paneer Butter Masala Combo,rest_6,Bikanervala Heritage Kitchen,KOTA,Rajasthani & Sweets,north_indian,209,279,25,1,1,2,14,580,4.5,289,0,96,Cottage cheese cubes in buttery gravy with 2 Garlic Naans
dish_526,Dal Makhani with Jeera Rice,rest_6,Bikanervala Heritage Kitchen,KOTA,Rajasthani & Sweets,north_indian,169,209,19,1,1,1,10,490,4.7,310,1,98,Slow cooked black lentils with aromatic cumin basmati rice
dish_527,Royal Dum Veg Paneer Biryani,rest_6,Bikanervala Heritage Kitchen,KOTA,Rajasthani & Sweets,biryani,259,309,16,1,1,2,15,610,4.8,504,1,97,Charcoal cooked fragrant basmati rice with paneer cubes & mint
dish_528,Cheesy Farmhouse Delight Pizza (Medium),rest_6,Bikanervala Heritage Kitchen,KOTA,Rajasthani & Sweets,pizza,309,359,14,1,0,1,15,720,4.4,592,1,97,"Loaded with capsicum, onion, grilled mushroom, crisp tomato & mozzarella"
dish_529,Ghee Podi Masala Dosa with Sambar,rest_6,Bikanervala Heritage Kitchen,KOTA,Rajasthani & Sweets,south_indian,149,179,17,1,0,2,8,420,4.7,873,1,98,Crispy golden crepe roasted in pure desi ghee with potato filling
dish_530,Steamed Button Idlis & Medu Vada Combo,rest_6,Bikanervala Heritage Kitchen,KOTA,Rajasthani & Sweets,south_indian,139,149,7,1,1,1,6,340,4.5,553,1,94,4 Fluffy rice cakes + 2 crispy lentil donuts with coconut chutney
dish_531,Jain Special Satvik Khichdi Bowl,rest_6,Bikanervala Heritage Kitchen,KOTA,Rajasthani & Sweets,jain,139,189,26,1,1,1,10,380,4.7,1076,1,99,No onion no garlic yellow moong dal rice prepared in cow ghee
dish_532,Jain Paneer Kadhai with Phulkas,rest_6,Bikanervala Heritage Kitchen,KOTA,Rajasthani & Sweets,jain,229,279,18,1,1,1,14,510,4.8,241,0,96,Prepared strictly without root vegetables or onion garlic
dish_533,Crispy Jumbo Paneer Tikka Wrap,rest_6,Bikanervala Heritage Kitchen,KOTA,Rajasthani & Sweets,snacks,159,209,24,1,0,2,10,460,4.9,312,1,99,Marinated paneer chunks grilled in tandoor rolled in flaky paratha
dish_534,Kulhad Ginger Elaichi Chai (Serves 2),rest_6,Bikanervala Heritage Kitchen,KOTA,Rajasthani & Sweets,beverages,79,109,28,1,1,1,5,120,4.9,865,1,96,Freshly brewed tea infused with ginger and green cardamom in earthen cups
dish_535,Filter Coffee Flask (500ml),rest_6,Bikanervala Heritage Kitchen,KOTA,Rajasthani & Sweets,beverages,99,139,29,1,1,1,5,150,4.4,621,0,94,Strong South Indian chicory blend filter coffee
dish_536,Hot Angoori Gulab Jamun (4 pcs),rest_6,Bikanervala Heritage Kitchen,KOTA,Rajasthani & Sweets,dessert,109,129,16,1,1,1,4,310,4.9,377,1,98,Soft cottage cheese dumplings soaked in saffron sugar syrup
dish_537,Royal Kesar Rasmalai (2 pcs),rest_6,Bikanervala Heritage Kitchen,KOTA,Rajasthani & Sweets,dessert,109,149,27,1,1,1,4,280,4.7,428,0,95,Spongy discs in thickened pistachio saffron milk
dish_538,Royal Maharaja Special Veg Thali,rest_6,Bikanervala Heritage Kitchen,CNB,Rajasthani & Sweets,thali,249,309,19,1,1,2,15,680,4.6,1142,1,95,"Full Meal Box with Paneer, Dal, 4 Rotis, Rice & Sweet"
dish_539,Standard Deluxe Mini Thali,rest_6,Bikanervala Heritage Kitchen,CNB,Rajasthani & Sweets,thali,169,219,23,1,1,1,12,520,4.7,994,1,99,"Dal Tadka, Mix Veg, 3 Rotis, Jeera Rice, Pickle"
dish_540,Shahi Paneer Butter Masala Combo,rest_6,Bikanervala Heritage Kitchen,CNB,Rajasthani & Sweets,north_indian,239,279,14,1,1,2,14,580,4.4,1063,0,96,Cottage cheese cubes in buttery gravy with 2 Garlic Naans
dish_541,Dal Makhani with Jeera Rice,rest_6,Bikanervala Heritage Kitchen,CNB,Rajasthani & Sweets,north_indian,189,219,14,1,1,1,10,490,4.7,1146,1,99,Slow cooked black lentils with aromatic cumin basmati rice
dish_542,Royal Dum Veg Paneer Biryani,rest_6,Bikanervala Heritage Kitchen,CNB,Rajasthani & Sweets,biryani,249,309,19,1,1,2,15,610,4.6,663,1,98,Charcoal cooked fragrant basmati rice with paneer cubes & mint
dish_543,Cheesy Farmhouse Delight Pizza (Medium),rest_6,Bikanervala Heritage Kitchen,CNB,Rajasthani & Sweets,pizza,319,369,14,1,0,1,15,720,4.7,726,1,95,"Loaded with capsicum, onion, grilled mushroom, crisp tomato & mozzarella"
dish_544,Ghee Podi Masala Dosa with Sambar,rest_6,Bikanervala Heritage Kitchen,CNB,Rajasthani & Sweets,south_indian,139,169,18,1,0,2,8,420,4.6,306,1,96,Crispy golden crepe roasted in pure desi ghee with potato filling
dish_545,Steamed Button Idlis & Medu Vada Combo,rest_6,Bikanervala Heritage Kitchen,CNB,Rajasthani & Sweets,south_indian,139,159,13,1,1,1,6,340,4.9,808,1,98,4 Fluffy rice cakes + 2 crispy lentil donuts with coconut chutney
dish_546,Jain Special Satvik Khichdi Bowl,rest_6,Bikanervala Heritage Kitchen,CNB,Rajasthani & Sweets,jain,139,199,30,1,1,1,10,380,4.7,288,1,94,No onion no garlic yellow moong dal rice prepared in cow ghee
dish_547,Jain Paneer Kadhai with Phulkas,rest_6,Bikanervala Heritage Kitchen,CNB,Rajasthani & Sweets,jain,249,269,7,1,1,1,14,510,4.6,721,0,97,Prepared strictly without root vegetables or onion garlic
dish_548,Crispy Jumbo Paneer Tikka Wrap,rest_6,Bikanervala Heritage Kitchen,CNB,Rajasthani & Sweets,snacks,159,189,16,1,0,2,10,460,4.9,489,1,94,Marinated paneer chunks grilled in tandoor rolled in flaky paratha
dish_549,Kulhad Ginger Elaichi Chai (Serves 2),rest_6,Bikanervala Heritage Kitchen,CNB,Rajasthani & Sweets,beverages,79,119,34,1,1,1,5,120,4.6,830,1,96,Freshly brewed tea infused with ginger and green cardamom in earthen cups
dish_550,Filter Coffee Flask (500ml),rest_6,Bikanervala Heritage Kitchen,CNB,Rajasthani & Sweets,beverages,119,129,8,1,1,1,5,150,4.8,928,0,94,Strong South Indian chicory blend filter coffee
dish_551,Hot Angoori Gulab Jamun (4 pcs),rest_6,Bikanervala Heritage Kitchen,CNB,Rajasthani & Sweets,dessert,109,129,16,1,1,1,4,310,4.6,920,1,95,Soft cottage cheese dumplings soaked in saffron sugar syrup
dish_552,Royal Kesar Rasmalai (2 pcs),rest_6,Bikanervala Heritage Kitchen,CNB,Rajasthani & Sweets,dessert,139,169,18,1,1,1,4,280,4.7,261,0,98,Spongy discs in thickened pistachio saffron milk
dish_553,Royal Maharaja Special Veg Thali,rest_7,Punjabi Rasoi Express,NDLS,North Indian,thali,249,319,22,1,1,2,15,680,4.5,189,1,97,"Full Meal Box with Paneer, Dal, 4 Rotis, Rice & Sweet"
dish_554,Standard Deluxe Mini Thali,rest_7,Punjabi Rasoi Express,NDLS,North Indian,thali,179,239,25,1,1,1,12,520,4.1,504,1,99,"Dal Tadka, Mix Veg, 3 Rotis, Jeera Rice, Pickle"
dish_555,Shahi Paneer Butter Masala Combo,rest_7,Punjabi Rasoi Express,NDLS,North Indian,north_indian,209,269,22,1,1,2,14,580,4.1,1091,0,96,Cottage cheese cubes in buttery gravy with 2 Garlic Naans
dish_556,Dal Makhani with Jeera Rice,rest_7,Punjabi Rasoi Express,NDLS,North Indian,north_indian,169,219,23,1,1,1,10,490,4.4,315,1,97,Slow cooked black lentils with aromatic cumin basmati rice
dish_557,Royal Dum Veg Paneer Biryani,rest_7,Punjabi Rasoi Express,NDLS,North Indian,biryani,239,309,23,1,1,2,15,610,4.2,326,1,95,Charcoal cooked fragrant basmati rice with paneer cubes & mint
dish_558,Cheesy Farmhouse Delight Pizza (Medium),rest_7,Punjabi Rasoi Express,NDLS,North Indian,pizza,289,359,19,1,0,1,15,720,4.4,1159,1,96,"Loaded with capsicum, onion, grilled mushroom, crisp tomato & mozzarella"
dish_559,Ghee Podi Masala Dosa with Sambar,rest_7,Punjabi Rasoi Express,NDLS,North Indian,south_indian,149,189,21,1,0,2,8,420,4.1,172,1,96,Crispy golden crepe roasted in pure desi ghee with potato filling
dish_560,Steamed Button Idlis & Medu Vada Combo,rest_7,Punjabi Rasoi Express,NDLS,North Indian,south_indian,109,149,27,1,1,1,6,340,4.3,414,1,98,4 Fluffy rice cakes + 2 crispy lentil donuts with coconut chutney
dish_561,Jain Special Satvik Khichdi Bowl,rest_7,Punjabi Rasoi Express,NDLS,North Indian,jain,159,199,20,1,1,1,10,380,4.2,1136,1,96,No onion no garlic yellow moong dal rice prepared in cow ghee
dish_562,Jain Paneer Kadhai with Phulkas,rest_7,Punjabi Rasoi Express,NDLS,North Indian,jain,229,279,18,1,1,1,14,510,4.4,560,0,99,Prepared strictly without root vegetables or onion garlic
dish_563,Crispy Jumbo Paneer Tikka Wrap,rest_7,Punjabi Rasoi Express,NDLS,North Indian,snacks,149,189,21,1,0,2,10,460,4.3,650,1,99,Marinated paneer chunks grilled in tandoor rolled in flaky paratha
dish_564,Kulhad Ginger Elaichi Chai (Serves 2),rest_7,Punjabi Rasoi Express,NDLS,North Indian,beverages,79,119,34,1,1,1,5,120,4.4,377,1,96,Freshly brewed tea infused with ginger and green cardamom in earthen cups
dish_565,Filter Coffee Flask (500ml),rest_7,Punjabi Rasoi Express,NDLS,North Indian,beverages,109,129,16,1,1,1,5,150,4.3,637,0,94,Strong South Indian chicory blend filter coffee
dish_566,Hot Angoori Gulab Jamun (4 pcs),rest_7,Punjabi Rasoi Express,NDLS,North Indian,dessert,89,119,25,1,1,1,4,310,4.4,216,1,99,Soft cottage cheese dumplings soaked in saffron sugar syrup
dish_567,Royal Kesar Rasmalai (2 pcs),rest_7,Punjabi Rasoi Express,NDLS,North Indian,dessert,129,159,19,1,1,1,4,280,4.5,447,0,94,Spongy discs in thickened pistachio saffron milk
dish_568,Royal Maharaja Special Veg Thali,rest_7,Punjabi Rasoi Express,CNB,North Indian,thali,249,319,22,1,1,2,15,680,4.2,156,1,94,"Full Meal Box with Paneer, Dal, 4 Rotis, Rice & Sweet"
dish_569,Standard Deluxe Mini Thali,rest_7,Punjabi Rasoi Express,CNB,North Indian,thali,199,219,9,1,1,1,12,520,4.4,614,1,96,"Dal Tadka, Mix Veg, 3 Rotis, Jeera Rice, Pickle"
dish_570,Shahi Paneer Butter Masala Combo,rest_7,Punjabi Rasoi Express,CNB,North Indian,north_indian,229,259,12,1,1,2,14,580,4.5,595,0,96,Cottage cheese cubes in buttery gravy with 2 Garlic Naans
dish_571,Dal Makhani with Jeera Rice,rest_7,Punjabi Rasoi Express,CNB,North Indian,north_indian,169,199,15,1,1,1,10,490,4.3,525,1,94,Slow cooked black lentils with aromatic cumin basmati rice
dish_572,Royal Dum Veg Paneer Biryani,rest_7,Punjabi Rasoi Express,CNB,North Indian,biryani,239,289,17,1,1,2,15,610,4.5,1043,1,98,Charcoal cooked fragrant basmati rice with paneer cubes & mint
dish_573,Cheesy Farmhouse Delight Pizza (Medium),rest_7,Punjabi Rasoi Express,CNB,North Indian,pizza,319,369,14,1,0,1,15,720,4.4,771,1,98,"Loaded with capsicum, onion, grilled mushroom, crisp tomato & mozzarella"
dish_574,Ghee Podi Masala Dosa with Sambar,rest_7,Punjabi Rasoi Express,CNB,North Indian,south_indian,129,189,32,1,0,2,8,420,4.4,706,1,96,Crispy golden crepe roasted in pure desi ghee with potato filling
dish_575,Steamed Button Idlis & Medu Vada Combo,rest_7,Punjabi Rasoi Express,CNB,North Indian,south_indian,139,149,7,1,1,1,6,340,4.4,145,1,98,4 Fluffy rice cakes + 2 crispy lentil donuts with coconut chutney
dish_576,Jain Special Satvik Khichdi Bowl,rest_7,Punjabi Rasoi Express,CNB,North Indian,jain,149,199,25,1,1,1,10,380,4.2,1070,1,99,No onion no garlic yellow moong dal rice prepared in cow ghee
dish_577,Jain Paneer Kadhai with Phulkas,rest_7,Punjabi Rasoi Express,CNB,North Indian,jain,229,279,18,1,1,1,14,510,4.4,270,0,97,Prepared strictly without root vegetables or onion garlic
dish_578,Crispy Jumbo Paneer Tikka Wrap,rest_7,Punjabi Rasoi Express,CNB,North Indian,snacks,179,209,14,1,0,2,10,460,4.1,502,1,95,Marinated paneer chunks grilled in tandoor rolled in flaky paratha
dish_579,Kulhad Ginger Elaichi Chai (Serves 2),rest_7,Punjabi Rasoi Express,CNB,North Indian,beverages,99,99,0,1,1,1,5,120,4.6,1007,1,94,Freshly brewed tea infused with ginger and green cardamom in earthen cups
dish_580,Filter Coffee Flask (500ml),rest_7,Punjabi Rasoi Express,CNB,North Indian,beverages,119,149,20,1,1,1,5,150,4.2,1060,0,99,Strong South Indian chicory blend filter coffee
dish_581,Hot Angoori Gulab Jamun (4 pcs),rest_7,Punjabi Rasoi Express,CNB,North Indian,dessert,89,129,31,1,1,1,4,310,4.2,102,1,99,Soft cottage cheese dumplings soaked in saffron sugar syrup
dish_582,Royal Kesar Rasmalai (2 pcs),rest_7,Punjabi Rasoi Express,CNB,North Indian,dessert,119,159,25,1,1,1,4,280,4.2,431,0,99,Spongy discs in thickened pistachio saffron milk
dish_583,Royal Maharaja Special Veg Thali,rest_7,Punjabi Rasoi Express,AGC,North Indian,thali,249,319,22,1,1,2,15,680,4.5,633,1,94,"Full Meal Box with Paneer, Dal, 4 Rotis, Rice & Sweet"
dish_584,Standard Deluxe Mini Thali,rest_7,Punjabi Rasoi Express,AGC,North Indian,thali,179,219,18,1,1,1,12,520,4.3,583,1,95,"Dal Tadka, Mix Veg, 3 Rotis, Jeera Rice, Pickle"
dish_585,Shahi Paneer Butter Masala Combo,rest_7,Punjabi Rasoi Express,AGC,North Indian,north_indian,219,269,19,1,1,2,14,580,4.3,109,0,94,Cottage cheese cubes in buttery gravy with 2 Garlic Naans
dish_586,Dal Makhani with Jeera Rice,rest_7,Punjabi Rasoi Express,AGC,North Indian,north_indian,159,219,27,1,1,1,10,490,4.5,674,1,96,Slow cooked black lentils with aromatic cumin basmati rice
dish_587,Royal Dum Veg Paneer Biryani,rest_7,Punjabi Rasoi Express,AGC,North Indian,biryani,239,299,20,1,1,2,15,610,4.5,634,1,95,Charcoal cooked fragrant basmati rice with paneer cubes & mint
dish_588,Cheesy Farmhouse Delight Pizza (Medium),rest_7,Punjabi Rasoi Express,AGC,North Indian,pizza,289,349,17,1,0,1,15,720,4.4,581,1,96,"Loaded with capsicum, onion, grilled mushroom, crisp tomato & mozzarella"
dish_589,Ghee Podi Masala Dosa with Sambar,rest_7,Punjabi Rasoi Express,AGC,North Indian,south_indian,129,189,32,1,0,2,8,420,4.4,979,1,97,Crispy golden crepe roasted in pure desi ghee with potato filling
dish_590,Steamed Button Idlis & Medu Vada Combo,rest_7,Punjabi Rasoi Express,AGC,North Indian,south_indian,129,169,24,1,1,1,6,340,4.5,266,1,94,4 Fluffy rice cakes + 2 crispy lentil donuts with coconut chutney
dish_591,Jain Special Satvik Khichdi Bowl,rest_7,Punjabi Rasoi Express,AGC,North Indian,jain,169,199,15,1,1,1,10,380,4.1,768,1,97,No onion no garlic yellow moong dal rice prepared in cow ghee
dish_592,Jain Paneer Kadhai with Phulkas,rest_7,Punjabi Rasoi Express,AGC,North Indian,jain,239,269,11,1,1,1,14,510,4.4,663,0,94,Prepared strictly without root vegetables or onion garlic
dish_593,Crispy Jumbo Paneer Tikka Wrap,rest_7,Punjabi Rasoi Express,AGC,North Indian,snacks,169,199,15,1,0,2,10,460,4.3,1184,1,98,Marinated paneer chunks grilled in tandoor rolled in flaky paratha
dish_594,Kulhad Ginger Elaichi Chai (Serves 2),rest_7,Punjabi Rasoi Express,AGC,North Indian,beverages,69,99,30,1,1,1,5,120,4.3,735,1,96,Freshly brewed tea infused with ginger and green cardamom in earthen cups
dish_595,Filter Coffee Flask (500ml),rest_7,Punjabi Rasoi Express,AGC,North Indian,beverages,99,139,29,1,1,1,5,150,4.5,271,0,99,Strong South Indian chicory blend filter coffee
dish_596,Hot Angoori Gulab Jamun (4 pcs),rest_7,Punjabi Rasoi Express,AGC,North Indian,dessert,79,129,39,1,1,1,4,310,4.6,446,1,97,Soft cottage cheese dumplings soaked in saffron sugar syrup
dish_597,Royal Kesar Rasmalai (2 pcs),rest_7,Punjabi Rasoi Express,AGC,North Indian,dessert,109,169,36,1,1,1,4,280,4.6,224,0,94,Spongy discs in thickened pistachio saffron milk
dish_598,Royal Maharaja Special Veg Thali,rest_7,Punjabi Rasoi Express,PRYJ,North Indian,thali,249,309,19,1,1,2,15,680,4.3,627,1,95,"Full Meal Box with Paneer, Dal, 4 Rotis, Rice & Sweet"
dish_599,Standard Deluxe Mini Thali,rest_7,Punjabi Rasoi Express,PRYJ,North Indian,thali,179,219,18,1,1,1,12,520,4.4,437,1,95,"Dal Tadka, Mix Veg, 3 Rotis, Jeera Rice, Pickle"
dish_600,Shahi Paneer Butter Masala Combo,rest_7,Punjabi Rasoi Express,PRYJ,North Indian,north_indian,239,269,11,1,1,2,14,580,4.5,966,0,98,Cottage cheese cubes in buttery gravy with 2 Garlic Naans
dish_601,Dal Makhani with Jeera Rice,rest_7,Punjabi Rasoi Express,PRYJ,North Indian,north_indian,189,219,14,1,1,1,10,490,4.2,423,1,98,Slow cooked black lentils with aromatic cumin basmati rice
dish_602,Royal Dum Veg Paneer Biryani,rest_7,Punjabi Rasoi Express,PRYJ,North Indian,biryani,249,289,14,1,1,2,15,610,4.2,865,1,94,Charcoal cooked fragrant basmati rice with paneer cubes & mint
dish_603,Cheesy Farmhouse Delight Pizza (Medium),rest_7,Punjabi Rasoi Express,PRYJ,North Indian,pizza,309,349,11,1,0,1,15,720,4.5,1189,1,95,"Loaded with capsicum, onion, grilled mushroom, crisp tomato & mozzarella"
dish_604,Ghee Podi Masala Dosa with Sambar,rest_7,Punjabi Rasoi Express,PRYJ,North Indian,south_indian,129,189,32,1,0,2,8,420,4.5,705,1,95,Crispy golden crepe roasted in pure desi ghee with potato filling
dish_605,Steamed Button Idlis & Medu Vada Combo,rest_7,Punjabi Rasoi Express,PRYJ,North Indian,south_indian,129,169,24,1,1,1,6,340,4.4,384,1,96,4 Fluffy rice cakes + 2 crispy lentil donuts with coconut chutney
dish_606,Jain Special Satvik Khichdi Bowl,rest_7,Punjabi Rasoi Express,PRYJ,North Indian,jain,139,189,26,1,1,1,10,380,4.3,443,1,98,No onion no garlic yellow moong dal rice prepared in cow ghee
dish_607,Jain Paneer Kadhai with Phulkas,rest_7,Punjabi Rasoi Express,PRYJ,North Indian,jain,229,279,18,1,1,1,14,510,4.3,492,0,96,Prepared strictly without root vegetables or onion garlic
dish_608,Crispy Jumbo Paneer Tikka Wrap,rest_7,Punjabi Rasoi Express,PRYJ,North Indian,snacks,159,189,16,1,0,2,10,460,4.2,1047,1,96,Marinated paneer chunks grilled in tandoor rolled in flaky paratha
dish_609,Kulhad Ginger Elaichi Chai (Serves 2),rest_7,Punjabi Rasoi Express,PRYJ,North Indian,beverages,69,119,42,1,1,1,5,120,4.4,973,1,98,Freshly brewed tea infused with ginger and green cardamom in earthen cups
dish_610,Filter Coffee Flask (500ml),rest_7,Punjabi Rasoi Express,PRYJ,North Indian,beverages,109,149,27,1,1,1,5,150,4.1,970,0,96,Strong South Indian chicory blend filter coffee
dish_611,Hot Angoori Gulab Jamun (4 pcs),rest_7,Punjabi Rasoi Express,PRYJ,North Indian,dessert,99,109,9,1,1,1,4,310,4.2,441,1,97,Soft cottage cheese dumplings soaked in saffron sugar syrup
dish_612,Royal Kesar Rasmalai (2 pcs),rest_7,Punjabi Rasoi Express,PRYJ,North Indian,dessert,119,169,30,1,1,1,4,280,4.3,122,0,97,Spongy discs in thickened pistachio saffron milk
dish_613,Royal Maharaja Special Veg Thali,rest_8,Chai Point & Railway Cafe,ST,Beverages & Snacks,thali,259,299,13,1,1,2,15,680,4.5,124,1,98,"Full Meal Box with Paneer, Dal, 4 Rotis, Rice & Sweet"
dish_614,Standard Deluxe Mini Thali,rest_8,Chai Point & Railway Cafe,ST,Beverages & Snacks,thali,189,219,14,1,1,1,12,520,4.8,1151,1,98,"Dal Tadka, Mix Veg, 3 Rotis, Jeera Rice, Pickle"
dish_615,Shahi Paneer Butter Masala Combo,rest_8,Chai Point & Railway Cafe,ST,Beverages & Snacks,north_indian,229,279,18,1,1,2,14,580,4.4,1062,0,99,Cottage cheese cubes in buttery gravy with 2 Garlic Naans
dish_616,Dal Makhani with Jeera Rice,rest_8,Chai Point & Railway Cafe,ST,Beverages & Snacks,north_indian,159,199,20,1,1,1,10,490,4.6,944,1,96,Slow cooked black lentils with aromatic cumin basmati rice
dish_617,Royal Dum Veg Paneer Biryani,rest_8,Chai Point & Railway Cafe,ST,Beverages & Snacks,biryani,249,289,14,1,1,2,15,610,4.5,276,1,97,Charcoal cooked fragrant basmati rice with paneer cubes & mint
dish_618,Cheesy Farmhouse Delight Pizza (Medium),rest_8,Chai Point & Railway Cafe,ST,Beverages & Snacks,pizza,319,359,11,1,0,1,15,720,4.3,1017,1,94,"Loaded with capsicum, onion, grilled mushroom, crisp tomato & mozzarella"
dish_619,Ghee Podi Masala Dosa with Sambar,rest_8,Chai Point & Railway Cafe,ST,Beverages & Snacks,south_indian,139,169,18,1,0,2,8,420,4.3,776,1,96,Crispy golden crepe roasted in pure desi ghee with potato filling
dish_620,Steamed Button Idlis & Medu Vada Combo,rest_8,Chai Point & Railway Cafe,ST,Beverages & Snacks,south_indian,119,169,30,1,1,1,6,340,4.6,1012,1,95,4 Fluffy rice cakes + 2 crispy lentil donuts with coconut chutney
dish_621,Jain Special Satvik Khichdi Bowl,rest_8,Chai Point & Railway Cafe,ST,Beverages & Snacks,jain,159,189,16,1,1,1,10,380,4.7,903,1,99,No onion no garlic yellow moong dal rice prepared in cow ghee
dish_622,Jain Paneer Kadhai with Phulkas,rest_8,Chai Point & Railway Cafe,ST,Beverages & Snacks,jain,249,289,14,1,1,1,14,510,4.8,960,0,97,Prepared strictly without root vegetables or onion garlic
dish_623,Crispy Jumbo Paneer Tikka Wrap,rest_8,Chai Point & Railway Cafe,ST,Beverages & Snacks,snacks,169,199,15,1,0,2,10,460,4.3,298,1,97,Marinated paneer chunks grilled in tandoor rolled in flaky paratha
dish_624,Kulhad Ginger Elaichi Chai (Serves 2),rest_8,Chai Point & Railway Cafe,ST,Beverages & Snacks,beverages,69,109,37,1,1,1,5,120,4.6,254,1,96,Freshly brewed tea infused with ginger and green cardamom in earthen cups
dish_625,Filter Coffee Flask (500ml),rest_8,Chai Point & Railway Cafe,ST,Beverages & Snacks,beverages,119,129,8,1,1,1,5,150,4.3,520,0,98,Strong South Indian chicory blend filter coffee
dish_626,Hot Angoori Gulab Jamun (4 pcs),rest_8,Chai Point & Railway Cafe,ST,Beverages & Snacks,dessert,99,129,23,1,1,1,4,310,4.8,997,1,94,Soft cottage cheese dumplings soaked in saffron sugar syrup
dish_627,Royal Kesar Rasmalai (2 pcs),rest_8,Chai Point & Railway Cafe,ST,Beverages & Snacks,dessert,129,159,19,1,1,1,4,280,4.5,814,0,97,Spongy discs in thickened pistachio saffron milk
dish_628,Royal Maharaja Special Veg Thali,rest_8,Chai Point & Railway Cafe,BRC,Beverages & Snacks,thali,269,319,16,1,1,2,15,680,4.5,773,1,94,"Full Meal Box with Paneer, Dal, 4 Rotis, Rice & Sweet"
dish_629,Standard Deluxe Mini Thali,rest_8,Chai Point & Railway Cafe,BRC,Beverages & Snacks,thali,199,219,9,1,1,1,12,520,4.6,867,1,97,"Dal Tadka, Mix Veg, 3 Rotis, Jeera Rice, Pickle"
dish_630,Shahi Paneer Butter Masala Combo,rest_8,Chai Point & Railway Cafe,BRC,Beverages & Snacks,north_indian,229,269,15,1,1,2,14,580,4.6,450,0,95,Cottage cheese cubes in buttery gravy with 2 Garlic Naans
dish_631,Dal Makhani with Jeera Rice,rest_8,Chai Point & Railway Cafe,BRC,Beverages & Snacks,north_indian,179,219,18,1,1,1,10,490,4.4,833,1,98,Slow cooked black lentils with aromatic cumin basmati rice
dish_632,Royal Dum Veg Paneer Biryani,rest_8,Chai Point & Railway Cafe,BRC,Beverages & Snacks,biryani,259,309,16,1,1,2,15,610,4.6,118,1,96,Charcoal cooked fragrant basmati rice with paneer cubes & mint
dish_633,Cheesy Farmhouse Delight Pizza (Medium),rest_8,Chai Point & Railway Cafe,BRC,Beverages & Snacks,pizza,309,349,11,1,0,1,15,720,4.6,917,1,97,"Loaded with capsicum, onion, grilled mushroom, crisp tomato & mozzarella"
dish_634,Ghee Podi Masala Dosa with Sambar,rest_8,Chai Point & Railway Cafe,BRC,Beverages & Snacks,south_indian,139,179,22,1,0,2,8,420,4.5,173,1,95,Crispy golden crepe roasted in pure desi ghee with potato filling
dish_635,Steamed Button Idlis & Medu Vada Combo,rest_8,Chai Point & Railway Cafe,BRC,Beverages & Snacks,south_indian,129,149,13,1,1,1,6,340,4.7,970,1,94,4 Fluffy rice cakes + 2 crispy lentil donuts with coconut chutney
dish_636,Jain Special Satvik Khichdi Bowl,rest_8,Chai Point & Railway Cafe,BRC,Beverages & Snacks,jain,169,199,15,1,1,1,10,380,4.6,423,1,96,No onion no garlic yellow moong dal rice prepared in cow ghee
dish_637,Jain Paneer Kadhai with Phulkas,rest_8,Chai Point & Railway Cafe,BRC,Beverages & Snacks,jain,249,269,7,1,1,1,14,510,4.5,148,0,95,Prepared strictly without root vegetables or onion garlic
dish_638,Crispy Jumbo Paneer Tikka Wrap,rest_8,Chai Point & Railway Cafe,BRC,Beverages & Snacks,snacks,169,189,11,1,0,2,10,460,4.8,572,1,98,Marinated paneer chunks grilled in tandoor rolled in flaky paratha
dish_639,Kulhad Ginger Elaichi Chai (Serves 2),rest_8,Chai Point & Railway Cafe,BRC,Beverages & Snacks,beverages,89,119,25,1,1,1,5,120,4.8,956,1,99,Freshly brewed tea infused with ginger and green cardamom in earthen cups
dish_640,Filter Coffee Flask (500ml),rest_8,Chai Point & Railway Cafe,BRC,Beverages & Snacks,beverages,99,139,29,1,1,1,5,150,4.7,696,0,98,Strong South Indian chicory blend filter coffee
dish_641,Hot Angoori Gulab Jamun (4 pcs),rest_8,Chai Point & Railway Cafe,BRC,Beverages & Snacks,dessert,79,129,39,1,1,1,4,310,4.5,590,1,98,Soft cottage cheese dumplings soaked in saffron sugar syrup
dish_642,Royal Kesar Rasmalai (2 pcs),rest_8,Chai Point & Railway Cafe,BRC,Beverages & Snacks,dessert,129,169,24,1,1,1,4,280,4.4,913,0,98,Spongy discs in thickened pistachio saffron milk
dish_643,Royal Maharaja Special Veg Thali,rest_8,Chai Point & Railway Cafe,KOTA,Beverages & Snacks,thali,239,319,25,1,1,2,15,680,4.5,741,1,98,"Full Meal Box with Paneer, Dal, 4 Rotis, Rice & Sweet"
dish_644,Standard Deluxe Mini Thali,rest_8,Chai Point & Railway Cafe,KOTA,Beverages & Snacks,thali,189,219,14,1,1,1,12,520,4.3,253,1,94,"Dal Tadka, Mix Veg, 3 Rotis, Jeera Rice, Pickle"
dish_645,Shahi Paneer Butter Masala Combo,rest_8,Chai Point & Railway Cafe,KOTA,Beverages & Snacks,north_indian,209,259,19,1,1,2,14,580,4.5,852,0,98,Cottage cheese cubes in buttery gravy with 2 Garlic Naans
dish_646,Dal Makhani with Jeera Rice,rest_8,Chai Point & Railway Cafe,KOTA,Beverages & Snacks,north_indian,179,199,10,1,1,1,10,490,4.8,506,1,94,Slow cooked black lentils with aromatic cumin basmati rice
dish_647,Royal Dum Veg Paneer Biryani,rest_8,Chai Point & Railway Cafe,KOTA,Beverages & Snacks,biryani,249,309,19,1,1,2,15,610,4.8,835,1,95,Charcoal cooked fragrant basmati rice with paneer cubes & mint
dish_648,Cheesy Farmhouse Delight Pizza (Medium),rest_8,Chai Point & Railway Cafe,KOTA,Beverages & Snacks,pizza,319,359,11,1,0,1,15,720,4.5,850,1,97,"Loaded with capsicum, onion, grilled mushroom, crisp tomato & mozzarella"
dish_649,Ghee Podi Masala Dosa with Sambar,rest_8,Chai Point & Railway Cafe,KOTA,Beverages & Snacks,south_indian,129,169,24,1,0,2,8,420,4.5,929,1,95,Crispy golden crepe roasted in pure desi ghee with potato filling
dish_650,Steamed Button Idlis & Medu Vada Combo,rest_8,Chai Point & Railway Cafe,KOTA,Beverages & Snacks,south_indian,109,149,27,1,1,1,6,340,4.7,521,1,96,4 Fluffy rice cakes + 2 crispy lentil donuts with coconut chutney
dish_651,Jain Special Satvik Khichdi Bowl,rest_8,Chai Point & Railway Cafe,KOTA,Beverages & Snacks,jain,159,199,20,1,1,1,10,380,4.4,608,1,97,No onion no garlic yellow moong dal rice prepared in cow ghee
dish_652,Jain Paneer Kadhai with Phulkas,rest_8,Chai Point & Railway Cafe,KOTA,Beverages & Snacks,jain,249,289,14,1,1,1,14,510,4.7,580,0,95,Prepared strictly without root vegetables or onion garlic
dish_653,Crispy Jumbo Paneer Tikka Wrap,rest_8,Chai Point & Railway Cafe,KOTA,Beverages & Snacks,snacks,149,209,29,1,0,2,10,460,4.3,388,1,95,Marinated paneer chunks grilled in tandoor rolled in flaky paratha
dish_654,Kulhad Ginger Elaichi Chai (Serves 2),rest_8,Chai Point & Railway Cafe,KOTA,Beverages & Snacks,beverages,79,109,28,1,1,1,5,120,4.5,943,1,94,Freshly brewed tea infused with ginger and green cardamom in earthen cups
dish_655,Filter Coffee Flask (500ml),rest_8,Chai Point & Railway Cafe,KOTA,Beverages & Snacks,beverages,119,149,20,1,1,1,5,150,4.7,177,0,97,Strong South Indian chicory blend filter coffee
dish_656,Hot Angoori Gulab Jamun (4 pcs),rest_8,Chai Point & Railway Cafe,KOTA,Beverages & Snacks,dessert,89,109,18,1,1,1,4,310,4.7,697,1,96,Soft cottage cheese dumplings soaked in saffron sugar syrup
dish_657,Royal Kesar Rasmalai (2 pcs),rest_8,Chai Point & Railway Cafe,KOTA,Beverages & Snacks,dessert,129,159,19,1,1,1,4,280,4.5,956,0,95,Spongy discs in thickened pistachio saffron milk
dish_658,Royal Maharaja Special Veg Thali,rest_8,Chai Point & Railway Cafe,BPL,Beverages & Snacks,thali,269,299,10,1,1,2,15,680,4.5,883,1,97,"Full Meal Box with Paneer, Dal, 4 Rotis, Rice & Sweet"
dish_659,Standard Deluxe Mini Thali,rest_8,Chai Point & Railway Cafe,BPL,Beverages & Snacks,thali,189,239,21,1,1,1,12,520,4.3,1080,1,97,"Dal Tadka, Mix Veg, 3 Rotis, Jeera Rice, Pickle"
dish_660,Shahi Paneer Butter Masala Combo,rest_8,Chai Point & Railway Cafe,BPL,Beverages & Snacks,north_indian,229,269,15,1,1,2,14,580,4.8,846,0,98,Cottage cheese cubes in buttery gravy with 2 Garlic Naans
dish_661,Dal Makhani with Jeera Rice,rest_8,Chai Point & Railway Cafe,BPL,Beverages & Snacks,north_indian,179,219,18,1,1,1,10,490,4.4,570,1,96,Slow cooked black lentils with aromatic cumin basmati rice
dish_662,Royal Dum Veg Paneer Biryani,rest_8,Chai Point & Railway Cafe,BPL,Beverages & Snacks,biryani,249,289,14,1,1,2,15,610,4.6,469,1,97,Charcoal cooked fragrant basmati rice with paneer cubes & mint
dish_663,Cheesy Farmhouse Delight Pizza (Medium),rest_8,Chai Point & Railway Cafe,BPL,Beverages & Snacks,pizza,319,359,11,1,0,1,15,720,4.7,136,1,95,"Loaded with capsicum, onion, grilled mushroom, crisp tomato & mozzarella"
dish_664,Ghee Podi Masala Dosa with Sambar,rest_8,Chai Point & Railway Cafe,BPL,Beverages & Snacks,south_indian,159,179,11,1,0,2,8,420,4.5,1053,1,96,Crispy golden crepe roasted in pure desi ghee with potato filling
dish_665,Steamed Button Idlis & Medu Vada Combo,rest_8,Chai Point & Railway Cafe,BPL,Beverages & Snacks,south_indian,109,159,31,1,1,1,6,340,4.7,126,1,97,4 Fluffy rice cakes + 2 crispy lentil donuts with coconut chutney
dish_666,Jain Special Satvik Khichdi Bowl,rest_8,Chai Point & Railway Cafe,BPL,Beverages & Snacks,jain,169,189,11,1,1,1,10,380,4.5,711,1,98,No onion no garlic yellow moong dal rice prepared in cow ghee
dish_667,Jain Paneer Kadhai with Phulkas,rest_8,Chai Point & Railway Cafe,BPL,Beverages & Snacks,jain,249,279,11,1,1,1,14,510,4.4,260,0,94,Prepared strictly without root vegetables or onion garlic
dish_668,Crispy Jumbo Paneer Tikka Wrap,rest_8,Chai Point & Railway Cafe,BPL,Beverages & Snacks,snacks,169,199,15,1,0,2,10,460,4.7,505,1,94,Marinated paneer chunks grilled in tandoor rolled in flaky paratha
dish_669,Kulhad Ginger Elaichi Chai (Serves 2),rest_8,Chai Point & Railway Cafe,BPL,Beverages & Snacks,beverages,69,99,30,1,1,1,5,120,4.6,175,1,98,Freshly brewed tea infused with ginger and green cardamom in earthen cups
dish_670,Filter Coffee Flask (500ml),rest_8,Chai Point & Railway Cafe,BPL,Beverages & Snacks,beverages,109,149,27,1,1,1,5,150,4.3,917,0,96,Strong South Indian chicory blend filter coffee
dish_671,Hot Angoori Gulab Jamun (4 pcs),rest_8,Chai Point & Railway Cafe,BPL,Beverages & Snacks,dessert,109,119,8,1,1,1,4,310,4.7,387,1,95,Soft cottage cheese dumplings soaked in saffron sugar syrup
dish_672,Royal Kesar Rasmalai (2 pcs),rest_8,Chai Point & Railway Cafe,BPL,Beverages & Snacks,dessert,129,169,24,1,1,1,4,280,4.4,580,0,98,Spongy discs in thickened pistachio saffron milk
dish_673,Royal Maharaja Special Veg Thali,rest_8,Chai Point & Railway Cafe,NGP,Beverages & Snacks,thali,259,319,19,1,1,2,15,680,4.6,828,1,95,"Full Meal Box with Paneer, Dal, 4 Rotis, Rice & Sweet"
dish_674,Standard Deluxe Mini Thali,rest_8,Chai Point & Railway Cafe,NGP,Beverages & Snacks,thali,189,219,14,1,1,1,12,520,4.8,346,1,97,"Dal Tadka, Mix Veg, 3 Rotis, Jeera Rice, Pickle"
dish_675,Shahi Paneer Butter Masala Combo,rest_8,Chai Point & Railway Cafe,NGP,Beverages & Snacks,north_indian,239,259,8,1,1,2,14,580,4.6,107,0,94,Cottage cheese cubes in buttery gravy with 2 Garlic Naans
dish_676,Dal Makhani with Jeera Rice,rest_8,Chai Point & Railway Cafe,NGP,Beverages & Snacks,north_indian,179,209,14,1,1,1,10,490,4.3,241,1,94,Slow cooked black lentils with aromatic cumin basmati rice
dish_677,Royal Dum Veg Paneer Biryani,rest_8,Chai Point & Railway Cafe,NGP,Beverages & Snacks,biryani,229,309,26,1,1,2,15,610,4.4,710,1,98,Charcoal cooked fragrant basmati rice with paneer cubes & mint
dish_678,Cheesy Farmhouse Delight Pizza (Medium),rest_8,Chai Point & Railway Cafe,NGP,Beverages & Snacks,pizza,309,359,14,1,0,1,15,720,4.3,1107,1,98,"Loaded with capsicum, onion, grilled mushroom, crisp tomato & mozzarella"
dish_679,Ghee Podi Masala Dosa with Sambar,rest_8,Chai Point & Railway Cafe,NGP,Beverages & Snacks,south_indian,159,179,11,1,0,2,8,420,4.8,257,1,98,Crispy golden crepe roasted in pure desi ghee with potato filling
dish_680,Steamed Button Idlis & Medu Vada Combo,rest_8,Chai Point & Railway Cafe,NGP,Beverages & Snacks,south_indian,109,169,36,1,1,1,6,340,4.7,1108,1,95,4 Fluffy rice cakes + 2 crispy lentil donuts with coconut chutney
dish_681,Jain Special Satvik Khichdi Bowl,rest_8,Chai Point & Railway Cafe,NGP,Beverages & Snacks,jain,169,189,11,1,1,1,10,380,4.5,236,1,96,No onion no garlic yellow moong dal rice prepared in cow ghee
dish_682,Jain Paneer Kadhai with Phulkas,rest_8,Chai Point & Railway Cafe,NGP,Beverages & Snacks,jain,239,279,14,1,1,1,14,510,4.5,270,0,98,Prepared strictly without root vegetables or onion garlic
dish_683,Crispy Jumbo Paneer Tikka Wrap,rest_8,Chai Point & Railway Cafe,NGP,Beverages & Snacks,snacks,179,209,14,1,0,2,10,460,4.5,80,1,96,Marinated paneer chunks grilled in tandoor rolled in flaky paratha
dish_684,Kulhad Ginger Elaichi Chai (Serves 2),rest_8,Chai Point & Railway Cafe,NGP,Beverages & Snacks,beverages,99,119,17,1,1,1,5,120,4.6,898,1,99,Freshly brewed tea infused with ginger and green cardamom in earthen cups
dish_685,Filter Coffee Flask (500ml),rest_8,Chai Point & Railway Cafe,NGP,Beverages & Snacks,beverages,119,149,20,1,1,1,5,150,4.7,112,0,99,Strong South Indian chicory blend filter coffee
dish_686,Hot Angoori Gulab Jamun (4 pcs),rest_8,Chai Point & Railway Cafe,NGP,Beverages & Snacks,dessert,99,129,23,1,1,1,4,310,4.4,907,1,96,Soft cottage cheese dumplings soaked in saffron sugar syrup
dish_687,Royal Kesar Rasmalai (2 pcs),rest_8,Chai Point & Railway Cafe,NGP,Beverages & Snacks,dessert,129,149,13,1,1,1,4,280,4.6,218,0,96,Spongy discs in thickened pistachio saffron milk
dish_688,Royal Maharaja Special Veg Thali,rest_8,Chai Point & Railway Cafe,NDLS,Beverages & Snacks,thali,249,319,22,1,1,2,15,680,4.4,554,1,94,"Full Meal Box with Paneer, Dal, 4 Rotis, Rice & Sweet"
dish_689,Standard Deluxe Mini Thali,rest_8,Chai Point & Railway Cafe,NDLS,Beverages & Snacks,thali,179,239,25,1,1,1,12,520,4.7,1096,1,97,"Dal Tadka, Mix Veg, 3 Rotis, Jeera Rice, Pickle"
dish_690,Shahi Paneer Butter Masala Combo,rest_8,Chai Point & Railway Cafe,NDLS,Beverages & Snacks,north_indian,229,259,12,1,1,2,14,580,4.5,1065,0,99,Cottage cheese cubes in buttery gravy with 2 Garlic Naans
dish_691,Dal Makhani with Jeera Rice,rest_8,Chai Point & Railway Cafe,NDLS,Beverages & Snacks,north_indian,169,219,23,1,1,1,10,490,4.6,437,1,95,Slow cooked black lentils with aromatic cumin basmati rice
dish_692,Royal Dum Veg Paneer Biryani,rest_8,Chai Point & Railway Cafe,NDLS,Beverages & Snacks,biryani,229,299,23,1,1,2,15,610,4.3,217,1,95,Charcoal cooked fragrant basmati rice with paneer cubes & mint
dish_693,Cheesy Farmhouse Delight Pizza (Medium),rest_8,Chai Point & Railway Cafe,NDLS,Beverages & Snacks,pizza,289,369,22,1,0,1,15,720,4.5,146,1,96,"Loaded with capsicum, onion, grilled mushroom, crisp tomato & mozzarella"
dish_694,Ghee Podi Masala Dosa with Sambar,rest_8,Chai Point & Railway Cafe,NDLS,Beverages & Snacks,south_indian,159,179,11,1,0,2,8,420,4.5,578,1,95,Crispy golden crepe roasted in pure desi ghee with potato filling
dish_695,Steamed Button Idlis & Medu Vada Combo,rest_8,Chai Point & Railway Cafe,NDLS,Beverages & Snacks,south_indian,109,159,31,1,1,1,6,340,4.5,1104,1,96,4 Fluffy rice cakes + 2 crispy lentil donuts with coconut chutney
dish_696,Jain Special Satvik Khichdi Bowl,rest_8,Chai Point & Railway Cafe,NDLS,Beverages & Snacks,jain,149,189,21,1,1,1,10,380,4.5,699,1,95,No onion no garlic yellow moong dal rice prepared in cow ghee
dish_697,Jain Paneer Kadhai with Phulkas,rest_8,Chai Point & Railway Cafe,NDLS,Beverages & Snacks,jain,219,269,19,1,1,1,14,510,4.5,617,0,96,Prepared strictly without root vegetables or onion garlic
dish_698,Crispy Jumbo Paneer Tikka Wrap,rest_8,Chai Point & Railway Cafe,NDLS,Beverages & Snacks,snacks,149,189,21,1,0,2,10,460,4.8,420,1,99,Marinated paneer chunks grilled in tandoor rolled in flaky paratha
dish_699,Kulhad Ginger Elaichi Chai (Serves 2),rest_8,Chai Point & Railway Cafe,NDLS,Beverages & Snacks,beverages,79,119,34,1,1,1,5,120,4.5,542,1,96,Freshly brewed tea infused with ginger and green cardamom in earthen cups
dish_700,Filter Coffee Flask (500ml),rest_8,Chai Point & Railway Cafe,NDLS,Beverages & Snacks,beverages,89,149,40,1,1,1,5,150,4.8,912,0,97,Strong South Indian chicory blend filter coffee
dish_701,Hot Angoori Gulab Jamun (4 pcs),rest_8,Chai Point & Railway Cafe,NDLS,Beverages & Snacks,dessert,99,119,17,1,1,1,4,310,4.5,275,1,95,Soft cottage cheese dumplings soaked in saffron sugar syrup
dish_702,Royal Kesar Rasmalai (2 pcs),rest_8,Chai Point & Railway Cafe,NDLS,Beverages & Snacks,dessert,109,149,27,1,1,1,4,280,4.8,236,0,98,Spongy discs in thickened pistachio saffron milk
