order_id,train_type,station_code,coach,berth,is_ac_coach,items_count,order_amount_inr,meal_time,kitchen_prep_time_mins,platform_distance_meters,station_crowd_index,weather,station_halt_mins,train_delay_mins,advance_order_mins,delivery_agent_sprint_mins,total_time_required_mins,buffer_margin_mins,delivery_feasible,predicted_delivery_eta_mins
RB-ORD-100001,Vande Bharat,ST,B3,46,1,5,502,Lunch,23.1,378,5,Rainy,10,4.9,55,13.0,36.1,33.8,1,38.7
RB-ORD-100002,Shatabdi,KOTA,C1,16,1,4,683,LateNight,20.8,327,3,Rainy,7,10.4,22,9.6,30.4,9.0,1,32.8
RB-ORD-100003,Rajdhani,KOTA,S1,49,0,3,489,LateNight,15.7,165,1,Clear,10,0,73,2.8,18.5,64.5,1,20.7
RB-ORD-100004,Shatabdi,PRYJ,C2,12,1,5,1032,Breakfast,23.8,93,3,Foggy,2,32.7,40,1.9,25.7,49.0,1,28.4
RB-ORD-100005,Vande Bharat,CNB,B3,23,1,3,1056,Lunch,22.5,86,5,Clear,7,0,88,2.1,24.6,70.4,1,27.1
RB-ORD-100006,Rajdhani,KOTA,B2,66,1,3,278,Dinner,22.6,211,4,Clear,5,19.9,26,4.8,27.4,23.5,1,28.6
RB-ORD-100007,Vande Bharat,BRC,A1,46,1,3,320,Breakfast,16.1,65,4,Clear,7,18.1,43,1.5,17.6,50.5,1,19.5
RB-ORD-100008,Rajdhani,BRC,B1,53,1,3,748,LateNight,16.9,439,4,Rainy,7,13.5,55,14.0,30.9,44.6,1,32.4
RB-ORD-100009,Shatabdi,BPL,B5,16,1,5,879,Lunch,26.5,196,3,Foggy,3,0,33,4.1,30.6,5.4,1,31.9
RB-ORD-100010,Superfast,CNB,S8,11,0,5,1059,Breakfast,23.6,443,4,Clear,10,25.7,28,10.1,33.7,30.0,1,36.7
RB-ORD-100011,Superfast,DDU,B2,3,1,1,1036,LateNight,13.9,267,5,Foggy,5,7.0,35,6.6,20.5,26.5,1,21.8
RB-ORD-100012,Mail Express,KOTA,B3,11,1,6,950,Dinner,27.5,255,5,Rainy,10,3.7,36,8.8,36.3,13.4,1,38.4
RB-ORD-100013,Superfast,KOTA,B1,68,1,2,766,Snacks,13.1,469,3,Rainy,3,35.3,15,13.7,26.8,26.5,1,28.8
RB-ORD-100014,Vande Bharat,PRYJ,S8,59,0,1,840,Lunch,13.4,390,4,Clear,5,13.6,18,8.9,22.3,14.3,1,25.1
RB-ORD-100015,Shatabdi,PRYJ,A1,64,1,6,251,Snacks,22.7,155,1,Clear,15,22.3,30,2.7,25.4,41.9,1,27.1
RB-ORD-100016,Mail Express,ST,C1,19,1,6,1090,LateNight,21.4,342,1,Rainy,2,25.2,63,8.3,29.7,60.5,1,31.0
RB-ORD-100017,Vande Bharat,CNB,B1,54,1,3,987,Snacks,19.5,234,1,Rainy,5,29.4,72,5.6,25.1,81.3,1,27.5
RB-ORD-100018,Rajdhani,CNB,E1,11,1,6,634,LateNight,23.2,412,3,Foggy,7,6.9,70,8.6,31.8,52.1,1,33.2
RB-ORD-100019,Rajdhani,NGP,A1,46,1,4,944,Lunch,23.4,255,3,Clear,15,0,82,5.3,28.7,68.3,1,30.6
RB-ORD-100020,Mail Express,DDU,E1,31,1,1,330,Dinner,16.4,130,5,Foggy,2,10.8,68,3.2,19.6,61.2,1,20.6
RB-ORD-100021,Rajdhani,BRC,C2,25,1,5,511,Breakfast,23.5,100,5,Rainy,15,6.9,90,3.4,26.9,85.0,1,29.1
RB-ORD-100022,Vande Bharat,PRYJ,B1,27,1,3,244,Snacks,17.4,427,5,Foggy,7,41.7,46,10.5,27.9,66.8,1,29.5
RB-ORD-100023,Rajdhani,DDU,C1,16,1,3,590,LateNight,17.4,361,3,Foggy,2,14.0,61,7.6,25.0,52.0,1,27.8
RB-ORD-100024,Superfast,MTJ,B4,8,1,5,459,Lunch,22.0,344,3,Clear,10,31.3,78,7.2,29.2,90.1,1,31.9
RB-ORD-100025,Mail Express,NGP,E1,68,1,6,908,Dinner,28.1,399,5,Rainy,10,2.9,34,13.8,41.9,5.0,0,41.9
RB-ORD-100026,Vande Bharat,PRYJ,B3,69,1,1,898,Breakfast,11.4,167,1,Foggy,5,6.0,34,2.9,14.3,30.7,1,16.2
RB-ORD-100027,Mail Express,PRYJ,A1,55,1,5,864,Snacks,21.5,372,4,Foggy,10,33.4,77,8.5,30.0,90.4,1,31.6
RB-ORD-100028,Mail Express,AGC,H1,35,1,6,407,LateNight,21.9,178,3,Rainy,15,0,57,5.2,27.1,44.9,1,29.4
RB-ORD-100029,Rajdhani,MTJ,A1,45,1,6,926,Snacks,23.9,294,3,Foggy,5,5.6,79,6.2,30.1,59.5,1,31.3
RB-ORD-100030,Rajdhani,CNB,S1,50,0,6,1028,Lunch,28.0,443,1,Rainy,15,0,56,10.7,38.7,32.3,1,41.3
RB-ORD-100031,Mail Express,MTJ,A2,33,1,3,349,Snacks,16.4,388,4,Foggy,10,13.6,60,8.8,25.2,58.4,1,26.8
RB-ORD-100032,Rajdhani,DDU,A2,57,1,5,733,Dinner,24.8,165,3,Clear,2,5.2,21,3.5,28.3,-0.1,0,27.2
RB-ORD-100033,Vande Bharat,ST,E1,15,1,4,923,Lunch,20.6,203,2,Clear,3,0,56,3.9,24.5,34.5,1,25.8
RB-ORD-100034,Shatabdi,PRYJ,C2,28,1,3,910,LateNight,16.7,84,5,Clear,15,0,63,2.1,18.8,59.2,1,21.1
RB-ORD-100035,Shatabdi,NGP,S8,7,0,1,943,LateNight,11.7,62,1,Clear,5,15.2,16,1.1,12.8,23.4,1,15.5
RB-ORD-100036,Shatabdi,AGC,H1,31,1,3,933,LateNight,15.1,237,3,Rainy,10,0.5,77,6.9,22.0,65.5,1,23.5
RB-ORD-100037,Superfast,ST,A1,32,1,5,277,Dinner,26.1,266,2,Clear,10,37.7,77,5.1,31.2,93.5,1,33.2
RB-ORD-100038,Rajdhani,BPL,C1,27,1,4,1067,Snacks,19.8,138,5,Foggy,3,0,28,3.4,23.2,7.8,1,25.8
RB-ORD-100039,Shatabdi,NGP,H1,20,1,5,493,Breakfast,23.2,392,2,Clear,3,40.3,60,7.5,30.7,72.6,1,32.8
RB-ORD-100040,Rajdhani,MTJ,H1,44,1,3,682,Lunch,18.5,193,2,Clear,5,6.6,64,3.7,22.2,53.4,1,25.1
RB-ORD-100041,Shatabdi,NGP,H1,66,1,3,415,Dinner,21.8,235,1,Clear,15,0,86,4.0,25.8,75.2,1,28.1
RB-ORD-100042,Mail Express,DDU,B2,65,1,1,587,Dinner,14.0,406,3,Rainy,7,0,23,11.9,25.9,4.1,1,26.5
RB-ORD-100043,Shatabdi,DDU,C2,22,1,3,330,Breakfast,18.4,324,3,Rainy,5,25.3,84,9.5,27.9,86.4,1,30.2
RB-ORD-100044,Superfast,CNB,H1,57,1,4,478,Dinner,19.9,226,3,Rainy,2,39.3,76,6.6,26.5,90.8,1,29.0
RB-ORD-100045,Shatabdi,AGC,S8,40,0,2,904,Dinner,19.4,149,2,Foggy,15,40.6,78,2.8,22.2,111.4,1,24.7
RB-ORD-100046,Mail Express,CNB,C2,7,1,4,534,Lunch,20.9,363,4,Rainy,3,33.3,59,11.6,32.5,62.8,1,34.4
RB-ORD-100047,Rajdhani,ST,B2,16,1,3,778,Snacks,15.9,399,1,Rainy,15,14.6,44,9.6,25.5,48.1,1,28.1
RB-ORD-100048,Shatabdi,PRYJ,H1,18,1,2,480,Snacks,13.7,174,3,Rainy,7,0,66,5.1,18.8,54.2,1,20.3
RB-ORD-100049,Superfast,CNB,B2,51,1,5,456,Snacks,21.7,250,3,Rainy,5,32.7,55,7.3,29.0,63.7,1,31.1
RB-ORD-100050,Mail Express,BPL,H1,39,1,4,490,LateNight,17.0,463,5,Clear,10,41.1,66,11.4,28.4,88.7,1,30.9
RB-ORD-100051,Shatabdi,BRC,C2,25,1,4,291,Lunch,20.3,265,5,Clear,5,15.5,71,6.5,26.8,64.7,1,29.8
RB-ORD-100052,Superfast,BRC,B5,64,1,6,724,Dinner,24.8,238,3,Foggy,5,12.0,52,5.0,29.8,39.2,1,31.9
RB-ORD-100053,Rajdhani,PRYJ,C1,28,1,4,1081,Snacks,19.8,258,1,Rainy,10,14.9,19,6.2,26.0,17.9,1,27.0
RB-ORD-100054,Superfast,BPL,S4,4,0,6,986,Breakfast,25.9,295,5,Clear,15,14.8,19,7.3,33.2,15.6,1,35.8
RB-ORD-100055,Shatabdi,DDU,B1,63,1,5,562,LateNight,22.5,116,3,Clear,7,4.3,55,2.4,24.9,41.4,1,27.1
RB-ORD-100056,Vande Bharat,PRYJ,C2,55,1,4,531,Lunch,22.2,182,3,Rainy,5,0,69,5.3,27.5,46.5,1,30.3
RB-ORD-100057,Shatabdi,PRYJ,S4,53,0,1,620,Breakfast,14.1,169,2,Rainy,5,0,32,4.5,18.6,18.4,1,21.2
RB-ORD-100058,Rajdhani,AGC,S4,1,0,1,398,Lunch,14.0,385,3,Clear,15,9.4,54,8.1,22.1,56.3,1,25.1
RB-ORD-100059,Vande Bharat,NGP,A2,29,1,3,611,LateNight,19.4,160,1,Rainy,15,25.5,23,3.9,23.3,40.2,1,25.6
RB-ORD-100060,Superfast,AGC,C2,47,1,6,567,Snacks,25.3,322,2,Foggy,5,7.7,64,6.1,31.4,45.3,1,34.3
RB-ORD-100061,Shatabdi,KOTA,S8,54,0,2,1038,Dinner,19.2,259,4,Foggy,5,25.5,23,5.9,25.1,28.4,1,28.0
RB-ORD-100062,Rajdhani,BRC,C2,17,1,6,251,Lunch,27.3,145,3,Clear,3,28.6,48,3.0,30.3,49.3,1,33.0
RB-ORD-100063,Superfast,BRC,B2,63,1,6,679,LateNight,22.8,195,3,Clear,7,0,54,4.1,26.9,34.1,1,28.7
RB-ORD-100064,Shatabdi,AGC,B3,48,1,6,958,Snacks,21.7,109,5,Rainy,5,30.7,24,3.8,25.5,34.2,1,27.8
RB-ORD-100065,Shatabdi,BRC,B4,49,1,4,312,LateNight,20.0,336,1,Clear,7,33.3,33,5.8,25.8,47.5,1,28.2
RB-ORD-100066,Vande Bharat,MTJ,E1,55,1,5,428,Breakfast,23.7,193,4,Foggy,5,20.1,78,4.4,28.1,75.0,1,30.4
RB-ORD-100067,Vande Bharat,ST,B2,34,1,6,654,Lunch,24.7,154,4,Clear,5,11.3,56,3.5,28.2,44.1,1,29.5
RB-ORD-100068,Vande Bharat,NGP,B1,26,1,1,640,Dinner,17.7,83,5,Rainy,5,18.3,74,2.9,20.6,76.7,1,21.6
RB-ORD-100069,Superfast,MTJ,A2,14,1,5,362,Dinner,24.4,93,4,Rainy,5,30.8,62,3.0,27.4,70.4,1,28.8
RB-ORD-100070,Rajdhani,MTJ,B3,6,1,3,678,LateNight,14.8,213,1,Foggy,10,12.3,86,3.7,18.5,89.8,1,20.5
RB-ORD-100071,Mail Express,AGC,B1,29,1,6,285,Dinner,25.7,361,5,Rainy,7,11.2,66,12.4,38.1,46.1,1,39.3
RB-ORD-100072,Rajdhani,BPL,C1,30,1,5,818,Breakfast,19.2,349,4,Rainy,5,31.1,87,11.1,30.3,92.8,1,32.6
RB-ORD-100073,Vande Bharat,CNB,B3,44,1,6,237,LateNight,23.1,353,1,Rainy,2,0,30,8.5,31.6,0.4,0,31.0
RB-ORD-100074,Mail Express,KOTA,S4,51,0,4,1097,Breakfast,17.4,230,2,Rainy,5,2.5,37,6.1,23.5,21.0,1,24.6
RB-ORD-100075,Vande Bharat,NGP,C1,18,1,3,1095,Lunch,21.3,447,1,Rainy,2,20.7,32,10.8,32.1,22.6,1,34.2
RB-ORD-100076,Mail Express,MTJ,A1,36,1,5,130,Lunch,25.9,248,5,Foggy,5,28.8,40,6.1,32.0,41.8,1,33.5
RB-ORD-100077,Mail Express,CNB,B4,11,1,1,538,Snacks,11.9,189,4,Rainy,5,24.2,56,6.0,17.9,67.3,1,20.0
RB-ORD-100078,Shatabdi,BRC,B1,21,1,6,203,Snacks,25.8,185,2,Clear,3,0,34,3.5,29.3,7.7,1,30.5
RB-ORD-100079,Shatabdi,BPL,S1,62,0,5,712,Breakfast,19.4,308,1,Clear,7,45.5,73,5.3,24.7,100.8,1,26.1
RB-ORD-100080,Shatabdi,NGP,S1,58,0,1,1034,LateNight,11.5,417,4,Rainy,3,36.3,31,13.3,24.8,45.5,1,25.8
RB-ORD-100081,Rajdhani,NGP,B5,70,1,2,899,LateNight,13.7,447,5,Foggy,7,13.2,41,11.0,24.7,36.5,1,26.6
RB-ORD-100082,Superfast,MTJ,H1,56,1,1,129,Dinner,14.8,395,5,Rainy,5,29.7,54,13.6,28.4,60.3,1,31.0
RB-ORD-100083,Superfast,AGC,E1,11,1,6,900,Dinner,28.2,443,4,Clear,2,14.1,44,10.1,38.3,21.8,1,40.0
RB-ORD-100084,Superfast,CNB,E1,44,1,1,918,Breakfast,14.5,360,3,Rainy,5,25.9,83,10.5,25.0,88.9,1,27.4
RB-ORD-100085,Superfast,AGC,E1,15,1,5,214,Snacks,19.3,364,5,Rainy,2,18.0,58,12.5,31.8,46.2,1,34.6
RB-ORD-100086,Shatabdi,DDU,C1,39,1,4,543,Breakfast,19.2,354,4,Clear,3,3.1,21,8.1,27.3,-0.2,0,25.6
RB-ORD-100087,Superfast,BPL,B5,45,1,4,469,Dinner,20.9,319,3,Clear,15,25.7,34,6.7,27.6,47.1,1,29.1
RB-ORD-100088,Rajdhani,AGC,S4,2,0,5,639,Snacks,23.3,439,4,Foggy,10,35.6,82,10.0,33.3,94.3,1,34.3
RB-ORD-100089,Superfast,NGP,C1,24,1,6,855,Dinner,26.9,77,5,Clear,5,24.5,81,1.9,28.8,81.7,1,31.3
RB-ORD-100090,Superfast,MTJ,H1,57,1,5,503,Dinner,24.8,268,2,Clear,5,25.6,87,5.1,29.9,87.7,1,31.7
RB-ORD-100091,Superfast,MTJ,S4,24,0,6,947,Dinner,29.1,123,2,Clear,3,40.7,22,2.3,31.4,34.3,1,33.5
RB-ORD-100092,Superfast,KOTA,B3,5,1,4,672,Lunch,21.0,410,2,Rainy,5,2.0,35,11.0,32.0,10.0,1,33.1
RB-ORD-100093,Vande Bharat,AGC,S4,30,0,3,406,Dinner,19.5,192,2,Clear,10,34.5,18,3.7,23.2,39.3,1,25.6
RB-ORD-100094,Rajdhani,NGP,S4,45,0,6,253,Lunch,28.6,225,2,Rainy,15,0,83,6.0,34.6,63.4,1,36.8
RB-ORD-100095,Rajdhani,KOTA,S1,44,0,2,613,Breakfast,15.2,207,5,Clear,10,11.1,48,5.1,20.3,48.8,1,22.3
RB-ORD-100096,Shatabdi,AGC,B2,15,1,5,766,LateNight,20.8,219,2,Clear,5,49.5,36,4.2,25.0,65.5,1,27.1
RB-ORD-100097,Rajdhani,BPL,B4,57,1,4,898,Snacks,21.1,277,5,Clear,7,18.4,57,6.8,27.9,54.5,1,30.0
RB-ORD-100098,Superfast,PRYJ,A2,4,1,6,304,Breakfast,21.8,98,4,Clear,5,0,36,2.2,24.0,17.0,1,25.1
RB-ORD-100099,Rajdhani,DDU,C1,42,1,5,530,Dinner,25.9,141,5,Clear,5,20.7,84,3.5,29.4,80.3,1,31.4
RB-ORD-100100,Rajdhani,CNB,C2,21,1,3,701,Snacks,18.7,302,5,Rainy,5,0,88,10.4,29.1,63.9,1,30.9
RB-ORD-100101,Shatabdi,BRC,A2,2,1,2,319,Lunch,18.9,151,5,Foggy,2,27.9,75,3.7,22.6,82.3,1,24.6
RB-ORD-100102,Shatabdi,BRC,B3,3,1,2,817,Lunch,19.0,310,3,Foggy,2,12.4,25,6.5,25.5,13.9,1,27.1
RB-ORD-100103,Shatabdi,BRC,A2,36,1,5,630,LateNight,21.1,298,3,Clear,3,21.7,22,6.2,27.3,19.4,1,29.6
RB-ORD-100104,Rajdhani,BRC,A1,22,1,4,817,LateNight,17.7,86,2,Rainy,5,1.5,50,2.3,20.0,36.5,1,22.7
RB-ORD-100105,Superfast,ST,H1,69,1,3,419,LateNight,19.4,132,2,Clear,5,0,16,2.5,21.9,-0.9,0,18.5
RB-ORD-100106,Vande Bharat,NGP,S1,2,0,4,170,Breakfast,21.7,138,2,Rainy,7,4.3,72,3.7,25.4,57.9,1,26.7
RB-ORD-100107,Superfast,BRC,B5,69,1,3,632,Breakfast,15.1,281,4,Foggy,15,16.5,15,6.4,21.5,25.0,1,23.7
RB-ORD-100108,Superfast,KOTA,B1,17,1,3,195,LateNight,18.8,139,5,Clear,2,15.1,30,3.4,22.2,24.9,1,24.6
RB-ORD-100109,Shatabdi,KOTA,B4,30,1,6,272,LateNight,25.0,359,3,Rainy,2,0,49,10.5,35.5,15.5,1,37.5
RB-ORD-100110,Mail Express,BRC,A1,69,1,6,1050,Snacks,23.3,168,5,Rainy,3,0,24,5.8,29.1,-2.1,0,25.5
RB-ORD-100111,Rajdhani,CNB,S4,22,0,1,1045,Dinner,17.2,218,2,Rainy,15,9.1,53,5.8,23.0,54.1,1,24.6
RB-ORD-100112,Superfast,AGC,S4,53,0,2,514,Lunch,20.0,181,1,Rainy,3,3.8,81,4.4,24.4,63.4,1,25.8
RB-ORD-100113,Mail Express,MTJ,C1,58,1,2,897,Dinner,16.9,385,3,Foggy,15,26.2,76,8.1,25.0,92.2,1,26.4
RB-ORD-100114,Shatabdi,CNB,S4,60,0,5,627,Lunch,24.4,232,4,Foggy,10,38.5,61,5.3,29.7,79.8,1,32.2
RB-ORD-100115,Shatabdi,AGC,S1,6,0,2,748,LateNight,15.6,124,3,Clear,5,35.4,49,2.6,18.2,71.2,1,20.1
RB-ORD-100116,Superfast,ST,S8,4,0,6,171,LateNight,23.3,241,4,Rainy,2,0.7,23,7.7,31.0,-5.3,0,24.7
RB-ORD-100117,Superfast,KOTA,B5,22,1,4,511,Lunch,20.9,460,5,Clear,7,0,48,11.3,32.2,22.8,1,33.7
RB-ORD-100118,Mail Express,BRC,C1,35,1,6,180,Breakfast,23.5,115,1,Foggy,7,0,33,2.0,25.5,14.5,1,28.0
RB-ORD-100119,Vande Bharat,KOTA,A2,40,1,1,384,Dinner,13.3,93,5,Rainy,10,14.8,88,3.2,16.5,96.3,1,18.0
RB-ORD-100120,Mail Express,AGC,B4,43,1,5,660,Snacks,19.8,335,2,Rainy,5,11.5,35,8.9,28.7,22.8,1,31.4
RB-ORD-100121,Shatabdi,DDU,A2,54,1,6,612,Dinner,25.0,280,2,Clear,7,14.4,46,5.3,30.3,37.1,1,32.8
RB-ORD-100122,Superfast,AGC,A2,42,1,1,163,Lunch,13.4,385,1,Clear,2,9.3,88,6.6,20.0,79.3,1,21.9
RB-ORD-100123,Superfast,NGP,B2,40,1,3,269,Dinner,19.2,397,1,Foggy,15,27.4,46,6.8,26.0,62.4,1,28.4
RB-ORD-100124,Shatabdi,KOTA,S8,32,0,1,530,LateNight,13.9,286,3,Rainy,5,0,22,8.4,22.3,4.7,1,24.5
RB-ORD-100125,Shatabdi,DDU,B4,26,1,3,1098,Lunch,18.7,458,5,Foggy,10,27.7,90,11.3,30.0,97.7,1,32.7
RB-ORD-100126,Shatabdi,KOTA,S1,61,0,5,830,Lunch,23.2,468,5,Rainy,15,13.9,40,16.1,39.3,29.6,1,40.5
RB-ORD-100127,Vande Bharat,AGC,B1,62,1,2,403,Snacks,14.0,151,2,Clear,5,17.5,21,2.9,16.9,26.6,1,18.5
RB-ORD-100128,Superfast,CNB,B1,69,1,3,315,Dinner,18.8,82,3,Clear,2,23.8,45,1.7,20.5,50.3,1,23.3
RB-ORD-100129,Superfast,ST,B3,32,1,2,454,Breakfast,15.1,315,1,Clear,15,0.8,26,5.4,20.5,21.3,1,23.1
RB-ORD-100130,Shatabdi,ST,B5,20,1,2,1036,Snacks,12.8,363,5,Rainy,10,24.6,54,12.5,25.3,63.3,1,26.6
RB-ORD-100131,Shatabdi,BRC,B3,42,1,2,642,Breakfast,17.3,236,1,Rainy,3,23.5,90,5.7,23.0,93.5,1,24.7
RB-ORD-100132,Vande Bharat,CNB,S4,33,0,1,751,Dinner,17.5,220,3,Clear,7,19.4,78,4.6,22.1,82.3,1,24.1
RB-ORD-100133,Rajdhani,NGP,A2,30,1,2,647,Lunch,16.0,270,2,Rainy,10,43.3,46,7.2,23.2,76.1,1,25.9
RB-ORD-100134,Rajdhani,PRYJ,S8,47,0,6,562,Lunch,28.6,60,4,Rainy,5,15.4,16,1.9,30.5,5.9,1,32.4
RB-ORD-100135,Rajdhani,BPL,B1,38,1,2,176,Snacks,14.5,288,4,Foggy,10,21.6,79,6.6,21.1,89.5,1,23.9
RB-ORD-100136,Shatabdi,AGC,S8,28,0,6,552,Breakfast,21.4,82,1,Foggy,2,0,90,1.4,22.8,69.2,1,25.6
RB-ORD-100137,Superfast,BRC,E1,7,1,6,341,LateNight,23.9,166,1,Clear,15,0,80,2.9,26.8,68.2,1,28.4
RB-ORD-100138,Superfast,BRC,A2,32,1,5,655,Breakfast,22.7,105,5,Rainy,15,8.5,83,3.6,26.3,80.2,1,28.9
RB-ORD-100139,Shatabdi,NGP,S4,6,0,3,762,Breakfast,17.3,142,4,Foggy,10,42.3,57,3.2,20.5,88.8,1,22.5
RB-ORD-100140,Mail Express,ST,B1,62,1,2,851,Dinner,16.0,402,3,Clear,2,10.7,85,8.4,24.4,73.3,1,26.3
RB-ORD-100141,Vande Bharat,MTJ,B4,46,1,4,409,Breakfast,20.6,369,4,Rainy,5,24.3,18,11.8,32.4,14.9,1,35.3
RB-ORD-100142,Mail Express,DDU,S4,48,0,1,776,Snacks,11.2,296,1,Rainy,5,8.8,85,7.1,18.3,80.5,1,19.8
RB-ORD-100143,Superfast,CNB,S4,5,0,4,508,LateNight,18.5,311,1,Foggy,10,0,72,5.4,23.9,58.1,1,25.1
RB-ORD-100144,Shatabdi,BPL,A2,6,1,3,804,LateNight,19.6,187,1,Rainy,10,38.0,41,4.5,24.1,64.9,1,26.1
RB-ORD-100145,Superfast,AGC,S4,19,0,1,857,Breakfast,11.9,464,2,Clear,7,20.4,82,8.9,20.8,88.6,1,22.3
RB-ORD-100146,Superfast,MTJ,H1,31,1,1,813,Lunch,16.6,306,1,Clear,10,0,78,5.3,21.9,66.1,1,24.1
RB-ORD-100147,Vande Bharat,NGP,B2,48,1,3,680,Dinner,20.9,130,3,Foggy,5,18.0,16,2.7,23.6,15.4,1,26.5
RB-ORD-100148,Shatabdi,BPL,A1,4,1,6,179,Snacks,26.2,428,1,Rainy,2,4.0,79,10.3,36.5,48.5,1,38.8
RB-ORD-100149,Mail Express,PRYJ,E1,27,1,5,986,Dinner,23.5,109,4,Rainy,15,0,45,3.5,27.0,33.0,1,28.4
RB-ORD-100150,Vande Bharat,CNB,B4,68,1,2,910,Breakfast,12.8,174,3,Clear,2,9.4,89,3.6,16.4,84.0,1,17.7
RB-ORD-100151,Shatabdi,DDU,B4,3,1,4,828,Snacks,18.4,198,4,Clear,15,0,87,4.5,22.9,79.1,1,25.4
RB-ORD-100152,Vande Bharat,PRYJ,S4,64,0,6,319,Snacks,21.9,139,4,Clear,10,1.5,35,3.2,25.1,21.4,1,27.7
RB-ORD-100153,Superfast,ST,B1,22,1,2,375,Breakfast,14.7,112,2,Clear,5,29.1,51,2.1,16.8,68.3,1,18.5
RB-ORD-100154,Shatabdi,PRYJ,S4,6,0,3,224,LateNight,19.0,66,3,Foggy,5,16.3,79,1.4,20.4,79.9,1,21.5
RB-ORD-100155,Superfast,NGP,B1,70,1,1,990,Lunch,14.6,385,5,Clear,5,0,77,9.5,24.1,57.9,1,25.2
RB-ORD-100156,Mail Express,NGP,C2,25,1,4,204,Snacks,19.9,342,3,Clear,15,9.4,65,7.2,27.1,62.3,1,28.7
RB-ORD-100157,Vande Bharat,ST,B3,21,1,3,830,LateNight,18.2,185,4,Clear,5,0,83,4.2,22.4,65.6,1,23.9
RB-ORD-100158,Rajdhani,CNB,A1,6,1,2,1085,Breakfast,14.3,254,5,Clear,2,7.1,34,6.3,20.6,22.5,1,23.2
RB-ORD-100159,Shatabdi,BRC,S4,32,0,6,707,Dinner,28.1,107,5,Clear,10,31.6,25,2.6,30.7,35.9,1,32.8
RB-ORD-100160,Rajdhani,BRC,E1,17,1,6,442,Dinner,27.8,269,5,Foggy,5,15.0,53,6.6,34.4,38.6,1,36.5
RB-ORD-100161,Vande Bharat,CNB,B2,6,1,2,388,Breakfast,13.0,347,1,Rainy,3,12.8,40,8.4,21.4,34.4,1,23.0
RB-ORD-100162,Shatabdi,BRC,C1,30,1,2,442,Breakfast,14.0,79,5,Rainy,2,0,54,2.7,16.7,39.3,1,18.4
RB-ORD-100163,Rajdhani,DDU,C1,36,1,1,946,Dinner,15.8,95,1,Rainy,3,0.7,52,2.3,18.1,37.6,1,19.5
RB-ORD-100164,Shatabdi,BPL,C2,50,1,3,442,Dinner,19.2,301,5,Clear,5,0,73,7.4,26.6,51.4,1,28.1
RB-ORD-100165,Rajdhani,MTJ,C1,35,1,1,347,Lunch,17.8,328,4,Rainy,5,0,48,10.5,28.3,24.7,1,29.3
RB-ORD-100166,Vande Bharat,AGC,S4,14,0,6,354,Dinner,25.1,382,4,Foggy,5,0,26,8.7,33.8,-2.8,0,28.5
RB-ORD-100167,Rajdhani,ST,E1,50,1,1,349,Lunch,16.4,83,3,Rainy,15,12.7,59,2.4,18.8,67.9,1,20.8
RB-ORD-100168,Superfast,AGC,B2,5,1,1,147,LateNight,11.7,462,1,Foggy,10,18.6,57,8.0,19.7,65.9,1,21.0
RB-ORD-100169,Vande Bharat,NGP,B1,50,1,3,141,Breakfast,17.6,347,4,Rainy,15,29.3,52,11.1,28.7,67.6,1,31.2
RB-ORD-100170,Mail Express,PRYJ,S4,35,0,5,378,LateNight,23.5,186,4,Clear,15,6.4,16,4.2,27.7,9.7,1,29.9
RB-ORD-100171,Rajdhani,ST,H1,60,1,1,891,Breakfast,14.7,364,2,Rainy,15,3.1,43,9.7,24.4,36.7,1,27.0
RB-ORD-100172,Rajdhani,MTJ,S1,14,0,1,1073,Breakfast,13.7,276,1,Rainy,3,0,88,6.7,20.4,70.6,1,23.4
RB-ORD-100173,Shatabdi,DDU,B1,22,1,1,394,Snacks,12.4,176,2,Rainy,3,0,60,4.7,17.1,45.9,1,18.6
RB-ORD-100174,Mail Express,CNB,S8,53,0,6,1067,Snacks,24.0,115,4,Rainy,5,32.8,44,3.7,27.7,54.1,1,30.3
RB-ORD-100175,Rajdhani,AGC,C1,30,1,3,369,Breakfast,16.6,238,2,Clear,5,0,89,4.5,21.1,72.9,1,23.5
RB-ORD-100176,Rajdhani,DDU,H1,59,1,2,226,Dinner,18.9,139,3,Clear,5,3.1,69,2.9,21.8,55.3,1,23.8
RB-ORD-100177,Vande Bharat,AGC,C2,72,1,3,986,LateNight,17.0,475,4,Rainy,7,17.3,46,15.1,32.1,38.2,1,34.2
RB-ORD-100178,Rajdhani,CNB,C1,11,1,2,400,LateNight,17.0,259,4,Clear,3,3.1,76,5.9,22.9,59.2,1,25.8
RB-ORD-100179,Superfast,ST,A1,47,1,5,776,Breakfast,23.4,122,4,Rainy,5,2.9,55,3.9,27.3,35.6,1,28.6
RB-ORD-100180,Rajdhani,NGP,C1,72,1,5,312,Snacks,21.0,479,5,Rainy,10,14.2,53,16.5,37.5,39.7,1,39.6
RB-ORD-100181,Mail Express,MTJ,B1,14,1,3,798,Snacks,18.2,188,2,Rainy,15,19.5,15,5.0,23.2,26.3,1,25.2
RB-ORD-100182,Rajdhani,PRYJ,A2,51,1,6,717,Lunch,27.2,392,1,Rainy,7,1.3,31,9.5,36.7,2.6,0,35.8
RB-ORD-100183,Mail Express,KOTA,A2,7,1,1,169,Breakfast,12.3,359,4,Clear,2,19.8,25,8.2,20.5,26.3,1,21.9
RB-ORD-100184,Shatabdi,CNB,C2,66,1,1,262,Breakfast,13.6,344,5,Clear,2,0,21,8.5,22.1,0.9,0,22.0
RB-ORD-100185,Vande Bharat,PRYJ,E1,39,1,6,504,LateNight,22.2,171,1,Foggy,2,24.3,86,2.9,25.1,87.2,1,26.2
RB-ORD-100186,Shatabdi,PRYJ,B2,64,1,6,1030,Dinner,28.5,245,3,Foggy,5,0,67,5.1,33.6,38.4,1,36.0
RB-ORD-100187,Rajdhani,DDU,B3,17,1,1,910,LateNight,10.6,432,4,Foggy,5,24.4,32,9.8,20.4,41.0,1,23.0
RB-ORD-100188,Rajdhani,MTJ,A2,9,1,6,764,Lunch,26.3,451,1,Clear,5,13.6,39,7.8,34.1,23.5,1,36.5
RB-ORD-100189,Superfast,DDU,B4,55,1,5,313,Snacks,19.1,184,2,Foggy,3,23.1,67,3.5,22.6,70.5,1,24.1
RB-ORD-100190,Mail Express,BRC,C1,30,1,6,303,Snacks,25.2,112,2,Clear,5,0,66,2.1,27.3,43.7,1,29.1
RB-ORD-100191,Mail Express,AGC,H1,34,1,5,986,LateNight,23.5,272,3,Foggy,7,26.4,36,5.7,29.2,40.2,1,30.7
RB-ORD-100192,Mail Express,CNB,C2,32,1,6,764,Dinner,24.8,119,1,Foggy,10,5.9,79,2.1,26.9,68.0,1,28.5
RB-ORD-100193,Vande Bharat,AGC,B1,55,1,3,144,LateNight,18.8,222,3,Foggy,2,0,56,4.6,23.4,34.6,1,25.6
RB-ORD-100194,Rajdhani,NGP,C1,22,1,4,663,Dinner,24.4,355,1,Foggy,2,4.2,36,6.1,30.5,11.7,1,32.9
RB-ORD-100195,Rajdhani,CNB,A2,31,1,4,292,Breakfast,17.5,225,5,Rainy,5,9.0,65,7.8,25.3,53.7,1,26.9
RB-ORD-100196,Mail Express,ST,B3,41,1,3,793,LateNight,18.4,429,4,Foggy,15,14.3,74,9.8,28.2,75.1,1,31.1
RB-ORD-100197,Mail Express,AGC,S4,46,0,4,993,LateNight,17.5,428,4,Rainy,7,0,23,13.6,31.1,-1.1,0,26.5
RB-ORD-100198,Rajdhani,BRC,B2,62,1,6,341,Dinner,27.8,277,2,Rainy,2,1.8,42,7.4,35.2,10.6,1,38.1
RB-ORD-100199,Superfast,MTJ,E1,56,1,1,225,Lunch,13.3,81,3,Rainy,5,13.2,35,2.4,15.7,37.5,1,17.5
RB-ORD-100200,Vande Bharat,ST,C1,66,1,6,269,LateNight,21.9,298,2,Clear,5,16.3,86,5.7,27.6,79.7,1,30.5
RB-ORD-100201,Vande Bharat,BRC,B1,61,1,6,853,LateNight,24.8,240,3,Foggy,5,21.2,25,5.0,29.8,21.4,1,31.9
RB-ORD-100202,Vande Bharat,KOTA,B1,61,1,2,126,Breakfast,15.2,130,5,Foggy,15,29.1,17,3.2,18.4,42.7,1,20.3
RB-ORD-100203,Rajdhani,NGP,S8,21,0,4,747,Dinner,23.5,240,3,Clear,10,35.1,56,5.0,28.5,72.6,1,29.7
RB-ORD-100204,Rajdhani,ST,A1,11,1,1,645,Breakfast,14.0,423,2,Foggy,5,22.2,83,8.1,22.1,88.1,1,23.4
RB-ORD-100205,Vande Bharat,AGC,C1,7,1,1,334,Dinner,14.0,394,5,Clear,15,22.9,32,9.7,23.7,46.2,1,25.2
RB-ORD-100206,Vande Bharat,CNB,S8,19,0,6,401,Lunch,27.1,282,5,Rainy,7,23.5,41,9.7,36.8,34.7,1,38.1
RB-ORD-100207,Mail Express,ST,E1,15,1,4,846,Dinner,22.9,345,4,Clear,3,28.9,69,7.9,30.8,70.1,1,33.3
RB-ORD-100208,Shatabdi,ST,B4,27,1,1,380,Snacks,14.9,259,1,Rainy,5,0,23,6.2,21.1,6.9,1,23.0
RB-ORD-100209,Shatabdi,DDU,H1,1,1,1,822,LateNight,13.8,108,4,Rainy,5,4.2,57,3.4,17.2,49.0,1,19.0
RB-ORD-100210,Vande Bharat,DDU,A2,22,1,5,123,LateNight,19.6,63,3,Clear,5,9.3,27,1.3,20.9,20.4,1,23.5
RB-ORD-100211,Mail Express,NGP,S4,54,0,1,868,Lunch,16.7,416,2,Clear,7,7.5,35,7.9,24.6,24.9,1,25.9
RB-ORD-100212,Mail Express,ST,A1,65,1,5,317,Dinner,23.2,198,1,Foggy,15,0,53,3.4,26.6,41.4,1,29.5
RB-ORD-100213,Shatabdi,MTJ,A2,23,1,3,884,Lunch,22.2,457,2,Foggy,7,13.0,20,8.7,30.9,9.1,1,33.5
RB-ORD-100214,Shatabdi,PRYJ,S8,56,0,2,594,Dinner,15.6,102,4,Foggy,5,4.4,66,2.3,17.9,57.5,1,19.5
RB-ORD-100215,Mail Express,ST,B4,3,1,3,1050,Snacks,16.8,469,3,Foggy,2,0,90,9.8,26.6,65.4,1,29.3
RB-ORD-100216,Vande Bharat,KOTA,S4,29,0,3,1100,Snacks,17.6,152,1,Foggy,5,18.2,61,2.6,20.2,64.0,1,21.9
RB-ORD-100217,Shatabdi,DDU,A2,57,1,3,575,Dinner,22.5,468,5,Foggy,3,0,28,11.5,34.0,-3.0,0,29.5
RB-ORD-100218,Shatabdi,BPL,H1,53,1,2,572,Snacks,17.4,60,5,Rainy,3,0,26,2.1,19.5,9.5,1,21.6
RB-ORD-100219,Shatabdi,PRYJ,S4,60,0,1,937,Breakfast,12.1,327,5,Rainy,5,21.1,38,11.3,23.4,40.7,1,26.0
RB-ORD-100220,Rajdhani,ST,S1,26,0,3,589,Dinner,21.0,385,5,Foggy,3,20.1,31,9.5,30.5,23.6,1,33.3
RB-ORD-100221,Mail Express,DDU,C1,30,1,1,823,Dinner,16.9,352,5,Rainy,10,10.2,28,12.1,29.0,19.2,1,31.5
RB-ORD-100222,Superfast,DDU,E1,17,1,4,227,Snacks,21.4,172,2,Foggy,10,0,21,3.3,24.7,6.3,1,26.0
RB-ORD-100223,Superfast,PRYJ,S1,46,0,2,645,Snacks,16.2,457,2,Foggy,10,0,80,8.7,24.9,65.1,1,27.8
RB-ORD-100224,Superfast,NGP,C1,32,1,1,848,LateNight,11.4,360,3,Clear,2,0,75,7.5,18.9,58.1,1,21.1
RB-ORD-100225,Mail Express,CNB,C2,36,1,3,593,Snacks,16.6,147,4,Rainy,5,15.1,29,4.7,21.3,27.8,1,22.6
RB-ORD-100226,Shatabdi,CNB,S8,30,0,3,907,Dinner,17.8,469,3,Rainy,3,7.7,65,13.7,31.5,44.2,1,33.0
RB-ORD-100227,Mail Express,PRYJ,B4,67,1,3,1097,LateNight,17.5,279,3,Foggy,2,22.7,74,5.8,23.3,75.4,1,25.3
RB-ORD-100228,Shatabdi,MTJ,S1,29,0,6,628,Snacks,23.6,218,2,Rainy,3,0,63,5.8,29.4,36.6,1,32.4
RB-ORD-100229,Rajdhani,MTJ,E1,27,1,1,573,Breakfast,14.8,386,2,Foggy,15,19.7,74,7.4,22.2,86.5,1,23.8
RB-ORD-100230,Rajdhani,ST,H1,66,1,5,343,Dinner,23.0,426,5,Foggy,5,9.9,34,10.5,33.5,15.4,1,35.1
RB-ORD-100231,Rajdhani,AGC,B4,53,1,5,721,LateNight,22.6,174,1,Rainy,5,0,85,4.2,26.8,63.2,1,29.3
RB-ORD-100232,Vande Bharat,NGP,A1,26,1,2,589,Lunch,16.8,290,2,Rainy,7,38.6,30,7.7,24.5,51.1,1,26.0
RB-ORD-100233,Rajdhani,AGC,B3,17,1,2,394,Dinner,19.8,359,2,Rainy,3,0,52,9.6,29.4,25.6,1,31.8
RB-ORD-100234,Shatabdi,BPL,A1,58,1,1,1055,Lunch,13.8,188,1,Clear,2,23.4,67,3.2,17.0,75.4,1,18.4
RB-ORD-100235,Shatabdi,CNB,C2,47,1,5,400,Dinner,26.6,365,1,Rainy,3,30.1,35,8.8,35.4,32.7,1,38.3
RB-ORD-100236,Vande Bharat,MTJ,S8,2,0,4,452,Breakfast,21.3,146,2,Rainy,10,26.5,28,3.9,25.2,39.3,1,28.0
RB-ORD-100237,Mail Express,AGC,S8,4,0,3,515,Snacks,14.6,191,3,Rainy,10,7.4,86,5.6,20.2,83.2,1,21.9
RB-ORD-100238,Shatabdi,DDU,A1,7,1,2,537,Lunch,15.4,315,4,Foggy,7,0,69,7.2,22.6,53.4,1,25.1
RB-ORD-100239,Mail Express,CNB,C2,28,1,2,781,Lunch,16.7,270,1,Rainy,10,0,39,6.5,23.2,25.8,1,24.3
RB-ORD-100240,Vande Bharat,AGC,A2,49,1,6,796,Lunch,28.9,154,2,Rainy,2,0.7,38,4.1,33.0,7.7,1,34.1
RB-ORD-100241,Superfast,BPL,A1,3,1,4,226,Dinner,19.9,429,1,Foggy,2,0,70,7.4,27.3,44.7,1,30.2
RB-ORD-100242,Rajdhani,KOTA,B1,8,1,2,718,Lunch,17.7,366,4,Rainy,5,0,19,11.7,29.4,-5.4,0,21.5
RB-ORD-100243,Rajdhani,NGP,B3,10,1,5,784,Lunch,26.2,439,5,Foggy,5,0,44,10.8,37.0,12.0,1,38.3
RB-ORD-100244,Superfast,DDU,B3,15,1,1,990,Snacks,10.6,148,4,Clear,2,0,76,3.4,14.0,64.0,1,15.1
RB-ORD-100245,Rajdhani,PRYJ,B3,19,1,5,358,Dinner,23.4,346,3,Rainy,5,6.2,38,10.1,33.5,15.7,1,35.5
RB-ORD-100246,Mail Express,PRYJ,H1,22,1,5,1075,Lunch,22.8,414,5,Clear,10,13.7,39,10.2,33.0,29.7,1,35.7
RB-ORD-100247,Rajdhani,BRC,B3,54,1,5,686,Breakfast,21.9,130,3,Rainy,5,7.1,68,3.8,25.7,54.4,1,27.7
RB-ORD-100248,Rajdhani,DDU,A2,3,1,6,556,Snacks,25.8,235,2,Rainy,5,0,47,6.3,32.1,19.9,1,33.8
RB-ORD-100249,Vande Bharat,MTJ,S1,60,0,6,376,Dinner,27.7,199,4,Rainy,5,0,16,6.3,34.0,-13.0,0,18.5
RB-ORD-100250,Superfast,MTJ,C2,7,1,4,208,Lunch,22.5,139,4,Foggy,15,23.8,34,3.2,25.7,47.1,1,27.7
RB-ORD-100251,Mail Express,KOTA,S1,19,0,4,823,Breakfast,18.5,312,1,Foggy,10,15.1,47,5.4,23.9,48.2,1,26.2
RB-ORD-100252,Superfast,ST,A1,50,1,6,854,Dinner,24.6,388,4,Foggy,2,14.9,40,8.8,33.4,23.5,1,35.2
RB-ORD-100253,Superfast,DDU,E1,48,1,6,185,Lunch,29.2,128,5,Rainy,5,34.2,30,4.4,33.6,35.6,1,36.0
RB-ORD-100254,Vande Bharat,BPL,S8,35,0,1,978,Dinner,16.2,375,5,Clear,3,0,88,9.2,25.4,65.6,1,27.8
RB-ORD-100255,Mail Express,ST,S1,57,0,1,1073,Breakfast,12.6,112,3,Rainy,2,17.0,80,3.3,15.9,83.1,1,17.2
RB-ORD-100256,Superfast,MTJ,S8,14,0,6,1091,Breakfast,22.6,175,4,Rainy,5,0,22,5.6,28.2,-1.2,0,24.5
RB-ORD-100257,Mail Express,BPL,C1,57,1,5,508,Dinner,23.6,94,1,Foggy,5,0,52,1.6,25.2,31.8,1,26.3
RB-ORD-100258,Mail Express,ST,B1,61,1,1,954,Breakfast,13.8,66,3,Rainy,7,26.0,18,1.9,15.7,35.3,1,16.8
RB-ORD-100259,Shatabdi,CNB,S4,61,0,2,822,Lunch,16.3,300,3,Foggy,5,59.4,19,6.3,22.6,60.8,1,25.4
RB-ORD-100260,Mail Express,MTJ,B5,59,1,6,829,Snacks,22.8,443,4,Foggy,5,38.8,69,10.1,32.9,79.9,1,35.4
RB-ORD-100261,Shatabdi,KOTA,A1,20,1,4,799,LateNight,18.2,238,2,Foggy,5,19.0,36,4.5,22.7,37.3,1,24.6
RB-ORD-100262,Rajdhani,BPL,B2,25,1,2,589,LateNight,16.4,262,5,Clear,15,14.6,69,6.4,22.8,75.8,1,25.3
RB-ORD-100263,Mail Express,MTJ,A2,69,1,1,881,Dinner,17.2,214,5,Clear,7,4.3,58,5.3,22.5,46.8,1,24.8
RB-ORD-100264,Shatabdi,PRYJ,B5,51,1,5,641,Breakfast,22.1,323,1,Rainy,5,12.2,90,7.8,29.9,77.3,1,31.3
RB-ORD-100265,Shatabdi,PRYJ,A2,22,1,3,872,Breakfast,17.4,355,5,Foggy,7,11.4,71,8.7,26.1,63.3,1,28.0
RB-ORD-100266,Vande Bharat,CNB,A1,32,1,3,268,Dinner,22.1,106,1,Foggy,3,28.1,27,1.8,23.9,34.2,1,26.7
RB-ORD-100267,Mail Express,BPL,C2,10,1,5,376,Dinner,25.6,365,2,Foggy,10,0,80,7.0,32.6,57.4,1,35.2
RB-ORD-100268,Rajdhani,AGC,A1,53,1,1,632,Lunch,16.5,414,5,Clear,15,0,40,10.2,26.7,28.3,1,27.7
RB-ORD-100269,Rajdhani,KOTA,B3,54,1,3,278,Snacks,16.1,143,5,Foggy,15,47.1,32,3.5,19.6,74.5,1,21.6
RB-ORD-100270,Superfast,PRYJ,E1,14,1,6,744,Lunch,29.1,190,5,Clear,5,13.9,75,4.7,33.8,60.1,1,36.3
RB-ORD-100271,Shatabdi,MTJ,B5,50,1,1,421,Lunch,15.9,189,4,Foggy,5,31.9,73,4.3,20.2,89.7,1,23.2
RB-ORD-100272,Vande Bharat,BRC,B5,56,1,1,589,Lunch,13.4,198,3,Rainy,7,6.7,83,5.8,19.2,77.5,1,21.8
RB-ORD-100273,Mail Express,KOTA,A2,58,1,4,754,LateNight,21.5,229,3,Foggy,15,33.9,90,4.8,26.3,112.6,1,27.9
RB-ORD-100274,Mail Express,CNB,H1,38,1,1,361,Snacks,13.8,357,2,Clear,3,11.1,32,6.8,20.6,25.5,1,22.4
RB-ORD-100275,Rajdhani,BPL,S4,56,0,2,832,Dinner,16.6,368,1,Rainy,3,16.5,89,8.9,25.5,83.0,1,26.7
RB-ORD-100276,Shatabdi,PRYJ,B5,38,1,4,738,Lunch,20.4,95,3,Rainy,7,28.9,67,2.8,23.2,79.7,1,25.0
RB-ORD-100277,Superfast,KOTA,C1,17,1,6,1063,Lunch,25.5,75,3,Clear,15,3.0,18,1.6,27.1,8.9,1,28.5
RB-ORD-100278,Rajdhani,NGP,B1,17,1,6,253,Dinner,25.4,169,4,Foggy,5,0,45,3.8,29.2,20.8,1,32.1
RB-ORD-100279,Vande Bharat,MTJ,B2,69,1,4,770,Lunch,20.7,92,1,Rainy,5,23.6,73,2.2,22.9,78.7,1,24.2
RB-ORD-100280,Rajdhani,AGC,S1,2,0,4,677,Lunch,23.6,84,4,Foggy,15,0,84,1.9,25.5,73.5,1,27.3
RB-ORD-100281,Shatabdi,CNB,A1,66,1,3,645,Dinner,19.1,327,1,Rainy,5,0,60,7.9,27.0,38.0,1,28.3
RB-ORD-100282,Mail Express,PRYJ,B3,44,1,2,197,Lunch,18.3,221,5,Foggy,10,23.6,70,5.4,23.7,79.9,1,25.2
RB-ORD-100283,Mail Express,DDU,S1,40,0,2,669,LateNight,12.6,100,2,Clear,5,23.9,72,1.9,14.5,86.4,1,17.2
RB-ORD-100284,Vande Bharat,DDU,S1,72,0,4,213,Lunch,20.8,281,4,Clear,5,1.3,17,6.4,27.2,-3.9,0,20.8
RB-ORD-100285,Shatabdi,KOTA,C2,57,1,6,612,LateNight,25.1,155,4,Rainy,5,38.4,69,4.9,30.0,82.4,1,31.3
RB-ORD-100286,Superfast,NGP,B1,32,1,2,126,LateNight,13.5,197,4,Rainy,15,2.5,86,6.3,19.8,83.7,1,22.7
RB-ORD-100287,Rajdhani,NGP,B3,69,1,2,963,Lunch,17.5,158,2,Rainy,7,0,62,4.2,21.7,47.3,1,24.4
RB-ORD-100288,Superfast,MTJ,S8,5,0,1,380,Snacks,12.0,359,4,Clear,7,14.0,82,8.2,20.2,82.8,1,21.6
RB-ORD-100289,Vande Bharat,MTJ,B4,17,1,2,683,Snacks,12.6,432,2,Rainy,2,4.0,54,11.5,24.1,35.9,1,25.8
RB-ORD-100290,Shatabdi,CNB,A2,67,1,5,863,Lunch,25.2,210,1,Foggy,15,0,73,3.6,28.8,59.2,1,30.0
RB-ORD-100291,Superfast,PRYJ,S1,9,0,3,927,LateNight,17.2,462,3,Rainy,5,25.6,66,13.5,30.7,65.9,1,32.5
RB-ORD-100292,Rajdhani,CNB,B5,66,1,6,1069,Snacks,24.9,166,2,Foggy,10,0,78,3.2,28.1,59.9,1,30.5
RB-ORD-100293,Mail Express,BRC,C1,21,1,3,677,LateNight,14.7,397,4,Rainy,7,0,83,12.7,27.4,62.6,1,30.2
RB-ORD-100294,Vande Bharat,DDU,B5,41,1,5,980,LateNight,21.1,76,4,Foggy,5,18.0,35,1.7,22.8,35.2,1,24.6
RB-ORD-100295,Mail Express,DDU,A1,27,1,1,207,Lunch,15.8,415,1,Foggy,2,20.6,43,7.2,23.0,42.6,1,24.5
RB-ORD-100296,Mail Express,MTJ,B2,49,1,2,677,Lunch,18.1,87,3,Clear,7,1.6,69,1.8,19.9,57.7,1,22.7
RB-ORD-100297,Mail Express,BRC,B1,70,1,6,137,Breakfast,22.2,266,4,Rainy,5,0,41,8.5,30.7,15.3,1,31.7
RB-ORD-100298,Superfast,MTJ,B3,66,1,4,192,Snacks,20.1,248,4,Rainy,7,21.2,70,7.9,28.0,70.2,1,30.4
RB-ORD-100299,Mail Express,CNB,A1,64,1,3,701,Snacks,19.1,182,4,Foggy,7,28.3,62,4.1,23.2,74.1,1,24.5
RB-ORD-100300,Rajdhani,MTJ,B2,39,1,5,493,Snacks,23.7,413,3,Clear,5,14.6,59,8.6,32.3,46.3,1,33.6
RB-ORD-100301,Shatabdi,KOTA,C2,8,1,4,1035,LateNight,21.2,372,2,Foggy,5,0,24,7.1,28.3,0.7,0,26.5
RB-ORD-100302,Shatabdi,MTJ,B5,38,1,3,272,Breakfast,17.0,257,5,Clear,2,21.6,32,6.3,23.3,32.3,1,26.1
RB-ORD-100303,Superfast,AGC,B1,66,1,6,913,LateNight,24.6,183,2,Clear,5,22.9,22,3.5,28.1,21.8,1,30.5
RB-ORD-100304,Rajdhani,KOTA,C1,37,1,3,129,Lunch,18.8,389,1,Foggy,5,38.9,70,6.7,25.5,88.4,1,27.7
RB-ORD-100305,Rajdhani,KOTA,C2,12,1,5,1042,Breakfast,21.8,422,1,Rainy,5,0,60,10.2,32.0,33.0,1,33.6
RB-ORD-100306,Superfast,DDU,B5,12,1,2,939,Lunch,17.4,104,5,Clear,7,14.1,53,2.6,20.0,54.1,1,22.8
RB-ORD-100307,Rajdhani,BRC,B4,39,1,6,867,Lunch,28.0,379,4,Rainy,7,23.4,75,12.1,40.1,65.3,1,42.5
RB-ORD-100308,Superfast,NGP,S1,54,0,1,310,Dinner,13.8,119,2,Clear,5,17.2,31,2.3,16.1,37.1,1,17.2
RB-ORD-100309,Vande Bharat,DDU,B2,27,1,5,205,Lunch,22.2,376,5,Clear,3,0,52,9.3,31.5,23.5,1,34.4
RB-ORD-100310,Rajdhani,PRYJ,S1,68,0,6,191,LateNight,25.2,140,2,Rainy,10,3.6,53,3.7,28.9,37.7,1,30.1
RB-ORD-100311,Mail Express,BRC,S8,5,0,5,277,Breakfast,22.6,416,2,Foggy,5,0,39,7.9,30.5,13.5,1,31.7
RB-ORD-100312,Vande Bharat,AGC,C2,56,1,6,528,Dinner,28.8,103,1,Clear,5,53.9,23,1.8,30.6,51.3,1,33.3
RB-ORD-100313,Vande Bharat,PRYJ,S4,12,0,5,237,LateNight,19.6,429,2,Rainy,5,0,19,11.5,31.1,-7.1,0,21.5
RB-ORD-100314,Rajdhani,AGC,B5,34,1,5,496,Dinner,23.3,325,4,Clear,15,44.6,24,7.4,30.7,52.9,1,33.2
RB-ORD-100315,Shatabdi,ST,E1,64,1,4,475,Lunch,23.6,166,1,Rainy,15,17.0,34,4.0,27.6,38.4,1,29.4
RB-ORD-100316,Vande Bharat,MTJ,S8,65,0,6,198,Breakfast,25.1,413,4,Foggy,2,45.3,55,9.4,34.5,67.8,1,37.5
RB-ORD-100317,Rajdhani,AGC,C2,49,1,2,181,Dinner,16.8,365,4,Rainy,15,36.1,17,11.6,28.4,39.7,1,30.2
RB-ORD-100318,Mail Express,AGC,E1,18,1,2,343,Dinner,15.9,408,3,Clear,2,14.1,78,8.5,24.4,69.7,1,26.4
RB-ORD-100319,Rajdhani,ST,S4,64,0,1,400,Breakfast,11.3,75,4,Foggy,10,12.0,40,1.7,13.0,49.0,1,14.7
RB-ORD-100320,Mail Express,MTJ,B5,37,1,6,674,LateNight,22.4,231,5,Foggy,5,24.6,36,5.7,28.1,37.5,1,30.6
RB-ORD-100321,Mail Express,MTJ,B3,19,1,5,991,Snacks,20.4,221,1,Foggy,5,0,62,3.8,24.2,42.8,1,25.6
RB-ORD-100322,Rajdhani,DDU,A2,4,1,2,1061,Snacks,14.5,337,5,Foggy,5,6.9,45,8.3,22.8,34.1,1,25.6
RB-ORD-100323,Mail Express,MTJ,B4,51,1,5,981,Lunch,23.2,190,4,Clear,5,25.8,83,4.3,27.5,86.3,1,29.2
RB-ORD-100324,Shatabdi,NGP,A2,36,1,5,561,Dinner,24.0,311,1,Foggy,5,13.5,27,5.4,29.4,16.1,1,30.7
RB-ORD-100325,Superfast,AGC,B2,59,1,3,473,Lunch,19.4,214,1,Foggy,15,4.6,76,3.7,23.1,72.5,1,25.1
RB-ORD-100326,Rajdhani,CNB,B5,11,1,3,569,Lunch,21.2,419,4,Foggy,3,17.4,54,9.5,30.7,43.7,1,33.5
RB-ORD-100327,Rajdhani,NGP,S1,49,0,1,224,Snacks,12.8,145,4,Rainy,2,17.1,40,4.6,17.4,41.7,1,19.9
RB-ORD-100328,Rajdhani,BPL,A1,44,1,6,765,Snacks,22.1,263,5,Rainy,7,7.0,48,9.1,31.2,30.8,1,34.1
RB-ORD-100329,Superfast,PRYJ,C2,33,1,2,631,Dinner,18.8,383,3,Clear,5,23.7,18,8.0,26.8,19.9,1,28.4
RB-ORD-100330,Shatabdi,DDU,A1,53,1,4,149,Breakfast,17.3,271,2,Clear,2,46.9,26,5.2,22.5,52.4,1,23.8
RB-ORD-100331,Vande Bharat,AGC,S1,49,0,5,602,Snacks,22.8,440,2,Foggy,5,0,27,8.4,31.2,0.8,0,29.5
RB-ORD-100332,Mail Express,AGC,S1,48,0,6,924,Breakfast,21.3,464,5,Foggy,7,0,72,11.4,32.7,46.3,1,34.1
RB-ORD-100333,Rajdhani,DDU,S4,11,0,4,819,Snacks,20.8,445,1,Clear,3,24.1,23,7.7,28.5,21.6,1,30.0
RB-ORD-100334,Mail Express,CNB,S1,35,0,2,1012,Dinner,18.9,148,4,Rainy,2,42.1,16,4.7,23.6,36.5,1,26.5
RB-ORD-100335,Shatabdi,DDU,A1,16,1,3,950,Lunch,19.7,228,3,Foggy,7,5.5,47,4.8,24.5,35.0,1,25.8
RB-ORD-100336,Rajdhani,MTJ,E1,46,1,4,253,Dinner,19.8,66,1,Rainy,5,41.2,79,1.6,21.4,103.8,1,23.2
RB-ORD-100337,Rajdhani,MTJ,B4,35,1,3,592,LateNight,18.0,477,4,Foggy,5,0.7,55,10.9,28.9,31.8,1,31.3
RB-ORD-100338,Mail Express,AGC,E1,21,1,4,405,LateNight,20.2,409,1,Foggy,15,5.3,26,7.0,27.2,19.1,1,28.3
RB-ORD-100339,Superfast,ST,H1,72,1,1,248,LateNight,13.9,80,3,Rainy,7,6.1,72,2.3,16.2,68.9,1,18.9
RB-ORD-100340,Mail Express,CNB,S1,37,0,1,835,Snacks,13.8,456,2,Clear,5,16.0,55,8.7,22.5,53.5,1,25.1
RB-ORD-100341,Mail Express,AGC,S8,28,0,4,293,LateNight,19.6,397,2,Rainy,7,0,66,10.6,30.2,42.8,1,31.3
RB-ORD-100342,Vande Bharat,NGP,A1,49,1,3,772,Dinner,21.7,234,5,Foggy,15,0,27,5.8,27.5,14.5,1,29.6
RB-ORD-100343,Rajdhani,PRYJ,E1,60,1,1,811,LateNight,12.6,355,1,Foggy,5,50.5,24,6.1,18.7,60.8,1,19.9
RB-ORD-100344,Superfast,BRC,B2,39,1,4,383,Snacks,21.8,318,2,Rainy,3,0,28,8.5,30.3,0.7,0,29.5
RB-ORD-100345,Mail Express,MTJ,A1,39,1,2,869,Snacks,16.2,423,2,Rainy,5,42.9,81,11.3,27.5,101.4,1,29.0
RB-ORD-100346,Superfast,CNB,S1,64,0,4,124,Breakfast,18.5,148,3,Rainy,3,0,33,4.3,22.8,13.2,1,25.7
RB-ORD-100347,Vande Bharat,BRC,C2,72,1,1,683,Lunch,16.3,400,4,Clear,10,0,76,9.1,25.4,60.6,1,27.2
RB-ORD-100348,Rajdhani,KOTA,S1,56,0,3,1052,Lunch,20.8,244,4,Foggy,5,1.6,88,5.6,26.4,68.2,1,27.5
RB-ORD-100349,Shatabdi,NGP,C2,68,1,2,231,Breakfast,15.4,70,4,Clear,5,42.2,75,1.6,17.0,105.2,1,18.1
RB-ORD-100350,Vande Bharat,MTJ,S1,8,0,5,766,LateNight,22.8,356,2,Foggy,10,13.8,70,6.8,29.6,64.2,1,30.9
RB-ORD-100351,Superfast,ST,S4,66,0,2,399,LateNight,14.6,269,2,Rainy,5,0,70,7.2,21.8,53.2,1,24.0
RB-ORD-100352,Shatabdi,ST,E1,61,1,3,809,Snacks,16.8,278,4,Rainy,10,12.8,55,8.9,25.7,52.1,1,27.5
RB-ORD-100353,Shatabdi,BRC,C2,66,1,2,634,Breakfast,16.7,472,1,Rainy,5,0,78,11.4,28.1,54.9,1,29.5
RB-ORD-100354,Shatabdi,KOTA,C2,20,1,1,310,Dinner,13.5,124,4,Clear,10,14.4,43,2.8,16.3,51.1,1,18.6
RB-ORD-100355,Shatabdi,BPL,B3,48,1,4,348,Lunch,23.7,80,4,Clear,2,12.7,74,1.8,25.5,63.2,1,27.0
RB-ORD-100356,Rajdhani,NGP,S1,44,0,2,782,Lunch,19.1,248,1,Rainy,15,0,66,6.0,25.1,55.9,1,26.4
RB-ORD-100357,Mail Express,AGC,H1,4,1,1,857,Snacks,10.9,282,2,Clear,10,2.1,67,5.4,16.3,62.8,1,17.7
RB-ORD-100358,Shatabdi,KOTA,B3,69,1,3,833,Dinner,18.3,462,2,Clear,5,4.7,74,8.8,27.1,56.6,1,29.1
RB-ORD-100359,Vande Bharat,KOTA,A1,27,1,1,156,Lunch,14.8,395,2,Clear,15,39.6,21,7.5,22.3,53.3,1,23.8
RB-ORD-100360,Rajdhani,AGC,C1,58,1,1,393,Lunch,16.6,383,5,Clear,5,13.2,40,9.4,26.0,32.2,1,28.8
RB-ORD-100361,Mail Express,AGC,S1,36,0,3,528,Breakfast,14.7,297,2,Clear,7,31.5,77,5.7,20.4,95.1,1,22.3
RB-ORD-100362,Mail Express,PRYJ,C2,48,1,6,813,Breakfast,24.5,336,1,Rainy,10,0,88,8.1,32.6,65.4,1,35.4
RB-ORD-100363,Superfast,CNB,A1,46,1,3,429,Lunch,18.7,377,2,Clear,7,0.7,77,7.2,25.9,58.8,1,27.8
RB-ORD-100364,Rajdhani,BPL,B4,19,1,6,963,Dinner,26.8,375,2,Clear,10,0,81,7.2,34.0,57.0,1,35.5
RB-ORD-100365,Vande Bharat,PRYJ,S1,28,0,6,942,LateNight,25.8,406,5,Clear,5,0,73,10.0,35.8,42.2,1,38.5
RB-ORD-100366,Vande Bharat,BRC,C1,48,1,1,363,Lunch,17.3,275,3,Clear,7,0,89,5.8,23.1,72.9,1,25.7
RB-ORD-100367,Rajdhani,ST,B3,43,1,1,525,Dinner,18.2,313,4,Rainy,10,0,19,10.0,28.2,0.8,0,24.0
RB-ORD-100368,Shatabdi,DDU,S4,69,0,4,372,Lunch,24.3,60,2,Foggy,7,23.4,26,1.1,25.4,31.0,1,27.5
RB-ORD-100369,Vande Bharat,CNB,B3,61,1,4,292,Lunch,24.3,286,3,Clear,7,0,60,6.0,30.3,36.7,1,31.7
RB-ORD-100370,Superfast,AGC,S4,33,0,5,464,LateNight,21.8,238,3,Rainy,2,4.7,40,7.0,28.8,17.9,1,31.4
RB-ORD-100371,Shatabdi,NGP,A1,56,1,6,788,Snacks,21.4,136,1,Clear,3,31.5,75,2.3,23.7,85.8,1,24.7
RB-ORD-100372,Vande Bharat,MTJ,B4,49,1,6,505,Lunch,27.9,396,4,Foggy,5,19.5,59,9.0,36.9,46.6,1,38.3
RB-ORD-100373,Vande Bharat,KOTA,C1,27,1,3,1060,LateNight,16.7,260,1,Rainy,5,23.3,87,6.3,23.0,92.3,1,25.6
RB-ORD-100374,Mail Express,BRC,B1,2,1,3,681,LateNight,18.3,166,2,Rainy,10,61.0,17,4.4,22.7,65.3,1,24.5
RB-ORD-100375,Shatabdi,MTJ,C2,72,1,5,763,Lunch,26.7,106,4,Foggy,15,1.3,80,2.4,29.1,67.2,1,32.1
RB-ORD-100376,Rajdhani,DDU,S8,3,0,5,322,Dinner,26.6,454,3,Clear,10,25.3,52,9.5,36.1,51.2,1,38.4
RB-ORD-100377,Mail Express,BRC,B1,37,1,3,889,Dinner,19.1,312,2,Clear,5,0,68,6.0,25.1,47.9,1,27.5
RB-ORD-100378,Vande Bharat,PRYJ,H1,71,1,1,882,Snacks,12.1,236,1,Clear,2,21.3,57,4.1,16.2,64.1,1,18.3
RB-ORD-100379,Superfast,PRYJ,C2,39,1,6,580,Dinner,26.0,370,4,Clear,5,7.1,71,8.4,34.4,48.7,1,36.4
RB-ORD-100380,Mail Express,AGC,S1,6,0,4,281,Snacks,17.0,352,5,Clear,5,44.7,45,8.7,25.7,69.0,1,28.4
RB-ORD-100381,Superfast,CNB,A2,22,1,3,1072,Lunch,19.2,117,2,Rainy,5,11.9,60,3.1,22.3,54.6,1,24.9
RB-ORD-100382,Shatabdi,NGP,B1,31,1,5,582,Breakfast,20.7,218,4,Clear,2,30.4,41,5.0,25.7,47.7,1,27.9
RB-ORD-100383,Superfast,NGP,B1,39,1,5,941,Breakfast,21.2,358,1,Clear,15,11.1,66,6.2,27.4,64.7,1,29.7
RB-ORD-100384,Rajdhani,NGP,B2,24,1,2,238,Snacks,16.5,267,3,Clear,5,26.4,88,5.6,22.1,97.3,1,25.1
RB-ORD-100385,Mail Express,NGP,C1,65,1,6,1068,Breakfast,22.8,368,2,Foggy,2,15.6,20,7.0,29.8,7.8,1,31.2
RB-ORD-100386,Shatabdi,KOTA,E1,70,1,4,851,Dinner,22.4,221,1,Clear,3,0,43,3.8,26.2,19.8,1,28.7
RB-ORD-100387,Rajdhani,KOTA,S4,44,0,4,317,LateNight,20.9,298,1,Clear,3,44.2,18,5.1,26.0,39.2,1,28.9
RB-ORD-100388,Rajdhani,BPL,S1,8,0,4,885,Breakfast,20.7,119,2,Foggy,5,26.8,87,2.3,23.0,95.8,1,25.8
RB-ORD-100389,Shatabdi,ST,A1,44,1,1,709,Breakfast,12.7,467,4,Foggy,5,0,88,10.6,23.3,69.7,1,24.5
RB-ORD-100390,Rajdhani,PRYJ,B1,40,1,5,1090,Lunch,25.8,345,3,Foggy,5,22.2,35,7.2,33.0,29.2,1,34.0
RB-ORD-100391,Rajdhani,DDU,A2,11,1,2,725,Lunch,17.2,129,1,Clear,5,13.1,24,2.2,19.4,22.7,1,21.5
RB-ORD-100392,Shatabdi,ST,S8,7,0,2,609,Breakfast,15.0,238,4,Rainy,15,0,61,7.6,22.6,53.4,1,23.9
RB-ORD-100393,Superfast,CNB,S1,1,0,4,529,Breakfast,20.4,392,2,Clear,5,19.2,68,7.5,27.9,64.3,1,30.7
RB-ORD-100394,Superfast,DDU,E1,48,1,1,559,Snacks,10.8,343,4,Rainy,3,0,36,10.9,21.7,17.3,1,22.8
RB-ORD-100395,Rajdhani,PRYJ,B2,16,1,6,867,Lunch,26.0,441,5,Foggy,5,15.8,43,10.9,36.9,26.9,1,39.4
RB-ORD-100396,Mail Express,KOTA,B1,55,1,2,346,Breakfast,15.2,412,5,Rainy,7,22.8,70,14.2,29.4,70.4,1,31.8
RB-ORD-100397,Rajdhani,ST,S4,50,0,6,230,LateNight,21.6,132,1,Rainy,2,1.5,51,3.2,24.8,29.7,1,27.5
RB-ORD-100398,Superfast,ST,S1,16,0,4,924,Snacks,18.1,467,4,Clear,2,24.8,47,10.6,28.7,45.1,1,31.4
RB-ORD-100399,Mail Express,BRC,C1,64,1,1,382,Breakfast,11.6,240,1,Foggy,5,0,49,4.1,15.7,38.3,1,18.3
RB-ORD-100400,Rajdhani,DDU,S8,43,0,5,155,Dinner,23.7,281,5,Clear,15,19.3,48,6.9,30.6,51.7,1,32.7
RB-ORD-100401,Mail Express,PRYJ,E1,45,1,5,789,Breakfast,20.5,400,5,Rainy,5,0.8,33,13.8,34.3,4.5,1,36.3
RB-ORD-100402,Shatabdi,DDU,A1,59,1,6,573,Dinner,27.6,381,5,Clear,7,2.9,39,9.4,37.0,11.9,1,38.6
RB-ORD-100403,Superfast,NGP,S4,11,0,5,945,Snacks,20.4,131,5,Clear,2,0,27,3.2,23.6,5.4,1,26.6
RB-ORD-100404,Superfast,BRC,H1,38,1,6,849,Dinner,28.7,128,4,Foggy,7,34.5,89,2.9,31.6,98.9,1,32.9
RB-ORD-100405,Superfast,NGP,B2,16,1,4,516,Lunch,22.8,125,3,Foggy,10,23.7,70,2.6,25.4,78.3,1,28.0
RB-ORD-100406,Superfast,PRYJ,S4,53,0,4,786,Breakfast,18.7,314,4,Clear,10,12.6,62,7.1,25.8,58.8,1,28.4
RB-ORD-100407,Shatabdi,ST,B3,9,1,3,961,Dinner,18.3,151,2,Clear,5,9.9,26,2.9,21.2,19.7,1,22.9
RB-ORD-100408,Shatabdi,NGP,E1,5,1,1,653,Snacks,14.6,291,2,Foggy,5,2.1,64,5.6,20.2,50.9,1,21.4
RB-ORD-100409,Rajdhani,BPL,C2,20,1,1,760,Snacks,13.8,323,3,Foggy,5,14.4,57,6.8,20.6,55.8,1,22.3
RB-ORD-100410,Superfast,ST,A1,30,1,3,799,Lunch,21.2,424,1,Clear,5,19.3,31,7.3,28.5,26.8,1,29.5
RB-ORD-100411,Rajdhani,KOTA,S4,35,0,3,1030,Lunch,18.0,75,5,Foggy,3,33.6,50,1.8,19.8,66.8,1,22.7
RB-ORD-100412,Superfast,PRYJ,B4,34,1,6,1048,Lunch,27.2,338,2,Foggy,15,0,76,6.4,33.6,57.4,1,36.0
RB-ORD-100413,Shatabdi,ST,C2,20,1,1,1070,Breakfast,14.9,408,5,Rainy,5,29.5,44,14.1,29.0,49.5,1,30.2
RB-ORD-100414,Rajdhani,ST,B1,50,1,2,1002,Snacks,17.4,325,5,Clear,10,23.5,59,8.0,25.4,67.1,1,27.9
RB-ORD-100415,Superfast,AGC,S8,43,0,3,636,Dinner,21.4,213,5,Rainy,5,24.5,59,7.3,28.7,59.8,1,30.7
RB-ORD-100416,Mail Express,KOTA,B4,64,1,6,272,Snacks,21.8,224,2,Rainy,5,0,38,6.0,27.8,15.2,1,29.5
RB-ORD-100417,Rajdhani,MTJ,S1,72,0,2,686,Breakfast,15.2,329,2,Rainy,2,11.8,46,8.8,24.0,35.8,1,26.0
RB-ORD-100418,Superfast,KOTA,B1,34,1,4,526,Dinner,23.3,332,2,Rainy,10,29.2,63,8.9,32.2,70.0,1,34.3
RB-ORD-100419,Superfast,CNB,A1,65,1,4,200,Lunch,23.9,426,4,Clear,15,19.2,55,9.7,33.6,55.6,1,35.7
RB-ORD-100420,Mail Express,AGC,B2,48,1,6,259,Dinner,26.6,211,1,Clear,3,38.4,19,3.6,30.2,30.2,1,31.7
RB-ORD-100421,Shatabdi,AGC,B1,16,1,1,944,Dinner,17.5,255,3,Clear,5,0,51,5.3,22.8,33.2,1,24.5
RB-ORD-100422,Superfast,CNB,B5,27,1,2,190,LateNight,16.5,409,3,Foggy,15,31.0,27,8.6,25.1,47.9,1,26.6
RB-ORD-100423,Vande Bharat,CNB,C2,58,1,2,757,Dinner,19.1,465,3,Foggy,15,37.1,18,9.7,28.8,41.3,1,30.3
RB-ORD-100424,Shatabdi,DDU,S4,64,0,3,876,LateNight,18.2,380,1,Foggy,7,28.4,85,6.5,24.7,95.7,1,27.2
RB-ORD-100425,Mail Express,PRYJ,B2,61,1,5,533,Breakfast,21.5,190,2,Foggy,5,0,29,3.6,25.1,8.9,1,27.0
RB-ORD-100426,Vande Bharat,PRYJ,B3,63,1,3,717,Breakfast,15.4,155,2,Clear,5,29.9,30,3.0,18.4,46.5,1,21.1
RB-ORD-100427,Shatabdi,CNB,S1,6,0,4,134,Snacks,21.2,328,2,Rainy,5,41.0,30,8.8,30.0,46.0,1,32.6
RB-ORD-100428,Mail Express,MTJ,B5,59,1,4,860,Dinner,19.9,266,4,Rainy,2,8.4,73,8.5,28.4,55.0,1,30.2
RB-ORD-100429,Shatabdi,NGP,B1,1,1,6,580,Dinner,25.0,152,5,Foggy,5,25.9,35,3.7,28.7,37.2,1,30.0
RB-ORD-100430,Mail Express,AGC,E1,65,1,4,1005,LateNight,20.8,450,4,Clear,15,0,86,10.2,31.0,70.0,1,32.3
RB-ORD-100431,Shatabdi,AGC,S4,27,0,2,990,Breakfast,13.2,449,1,Rainy,7,31.1,90,10.8,24.0,104.1,1,26.8
RB-ORD-100432,Superfast,NGP,B1,35,1,5,480,Lunch,23.3,195,2,Clear,5,11.8,40,3.7,27.0,29.8,1,30.0
RB-ORD-100433,Mail Express,CNB,S4,72,0,1,235,LateNight,11.5,120,1,Foggy,5,5.8,70,2.1,13.6,67.2,1,16.3
RB-ORD-100434,Vande Bharat,MTJ,S1,12,0,4,895,Breakfast,18.1,330,1,Rainy,5,20.4,63,8.0,26.1,62.3,1,27.3
RB-ORD-100435,Superfast,BPL,S4,45,0,3,875,LateNight,17.7,315,5,Foggy,7,21.9,88,7.8,25.5,91.4,1,28.0
RB-ORD-100436,Rajdhani,AGC,C2,53,1,2,1051,Dinner,17.8,296,4,Rainy,15,7.5,37,9.4,27.2,32.3,1,29.2
RB-ORD-100437,Superfast,MTJ,A1,27,1,3,927,LateNight,17.0,364,1,Rainy,3,19.7,41,8.8,25.8,37.9,1,28.0
RB-ORD-100438,Vande Bharat,PRYJ,B1,71,1,6,677,Snacks,25.5,158,2,Clear,10,0,77,3.0,28.5,58.5,1,30.7
RB-ORD-100439,Rajdhani,MTJ,E1,52,1,1,492,Breakfast,11.9,329,1,Clear,3,33.5,24,5.7,17.6,42.9,1,19.2
RB-ORD-100440,Vande Bharat,AGC,A2,33,1,4,753,Lunch,22.8,104,1,Clear,5,24.2,89,1.8,24.6,93.6,1,27.3
RB-ORD-100441,Mail Express,NGP,B2,50,1,3,965,Dinner,20.9,352,1,Foggy,2,38.9,54,6.1,27.0,67.9,1,28.7
RB-ORD-100442,Superfast,AGC,S1,4,0,4,585,LateNight,20.1,258,4,Foggy,10,0,74,5.9,26.0,58.0,1,27.4
RB-ORD-100443,Rajdhani,DDU,S8,51,0,1,166,Lunch,14.1,246,5,Clear,15,0.3,38,6.1,20.2,33.1,1,22.8
RB-ORD-100444,Mail Express,DDU,H1,21,1,3,1053,Snacks,17.9,445,3,Foggy,15,17.3,28,9.3,27.2,33.1,1,28.9
RB-ORD-100445,Superfast,DDU,B4,21,1,4,598,Breakfast,21.0,298,4,Clear,3,3.1,57,6.8,27.8,35.3,1,29.2
RB-ORD-100446,Vande Bharat,NGP,B1,55,1,5,468,Dinner,22.2,447,5,Foggy,10,35.3,23,11.0,33.2,35.1,1,34.9
RB-ORD-100447,Mail Express,MTJ,B4,45,1,5,507,Dinner,27.0,270,3,Foggy,5,50.0,42,5.6,32.6,64.4,1,34.1
RB-ORD-100448,Superfast,ST,B3,49,1,2,273,Dinner,19.8,451,3,Rainy,15,0,69,13.2,33.0,51.0,1,35.2
RB-ORD-100449,Shatabdi,BPL,S1,57,0,6,879,Dinner,27.9,238,3,Rainy,5,0,89,7.0,34.9,59.1,1,37.6
RB-ORD-100450,Vande Bharat,CNB,E1,57,1,3,1004,Snacks,15.9,456,3,Foggy,2,0,31,9.5,25.4,7.6,1,26.9
RB-ORD-100451,Superfast,KOTA,S4,1,0,5,862,Snacks,20.3,73,2,Foggy,10,30.6,55,1.4,21.7,73.9,1,23.6
RB-ORD-100452,Shatabdi,CNB,S1,5,0,4,657,Breakfast,17.9,433,5,Rainy,5,0,83,14.9,32.8,55.2,1,34.5
RB-ORD-100453,Superfast,DDU,B4,24,1,6,741,Breakfast,21.4,201,1,Clear,10,2.3,63,3.5,24.9,50.4,1,26.8
RB-ORD-100454,Superfast,AGC,B1,36,1,1,480,Breakfast,11.1,421,3,Foggy,10,39.9,42,8.8,19.9,72.0,1,22.6
RB-ORD-100455,Shatabdi,BRC,B1,19,1,4,489,LateNight,18.3,262,4,Clear,15,1.0,89,6.0,24.3,80.7,1,25.9
RB-ORD-100456,Superfast,CNB,C1,51,1,4,883,Breakfast,21.3,160,5,Clear,5,17.0,32,3.9,25.2,28.8,1,27.4
RB-ORD-100457,Shatabdi,BRC,A1,19,1,1,845,LateNight,13.3,283,1,Rainy,3,14.7,21,6.8,20.1,18.6,1,22.1
RB-ORD-100458,Mail Express,BRC,S8,42,0,1,521,Snacks,14.6,303,5,Foggy,5,9.4,90,7.5,22.1,82.3,1,24.4
RB-ORD-100459,Vande Bharat,PRYJ,B4,31,1,1,557,Breakfast,13.5,198,4,Rainy,5,27.1,42,6.3,19.8,54.3,1,21.9
RB-ORD-100460,Vande Bharat,BPL,B1,45,1,6,895,Lunch,28.0,74,4,Rainy,2,0,38,2.4,30.4,9.6,1,33.1
RB-ORD-100461,Superfast,BPL,A2,61,1,1,612,Breakfast,13.8,108,2,Foggy,3,1.2,35,2.1,15.9,23.3,1,18.0
RB-ORD-100462,Vande Bharat,AGC,H1,60,1,3,492,LateNight,18.1,166,2,Foggy,5,4.2,28,3.2,21.3,15.9,1,23.3
RB-ORD-100463,Mail Express,MTJ,B1,43,1,6,637,Breakfast,25.4,246,1,Rainy,3,0,20,5.9,31.3,-8.3,0,21.5
RB-ORD-100464,Superfast,CNB,B1,64,1,1,585,LateNight,12.9,197,5,Clear,5,0,71,4.8,17.7,58.3,1,20.6
RB-ORD-100465,Rajdhani,AGC,B5,67,1,3,593,Lunch,19.1,194,5,Rainy,7,11.2,51,6.7,25.8,43.4,1,27.1
RB-ORD-100466,Vande Bharat,PRYJ,B1,2,1,2,240,Dinner,19.4,191,2,Foggy,5,10.0,64,3.6,23.0,56.0,1,25.5
RB-ORD-100467,Rajdhani,NGP,H1,67,1,3,884,LateNight,17.4,397,5,Foggy,5,49.7,48,9.8,27.2,75.5,1,30.0
RB-ORD-100468,Mail Express,AGC,B1,26,1,2,760,Breakfast,12.4,425,3,Rainy,7,10.5,70,12.4,24.8,62.7,1,26.1
RB-ORD-100469,Mail Express,DDU,C2,7,1,1,881,Snacks,13.2,378,4,Clear,5,31.8,19,8.6,21.8,34.0,1,23.6
RB-ORD-100470,Vande Bharat,ST,S4,22,0,2,486,Dinner,20.3,75,4,Rainy,5,0,15,2.4,22.7,-2.7,0,17.5
RB-ORD-100471,Mail Express,BRC,C2,46,1,3,944,Breakfast,15.3,381,5,Clear,15,15.7,41,9.4,24.7,47.0,1,26.4
RB-ORD-100472,Rajdhani,PRYJ,A1,1,1,1,419,Lunch,13.9,79,4,Clear,3,10.1,83,1.8,15.7,80.4,1,18.6
RB-ORD-100473,Vande Bharat,ST,B5,68,1,1,920,Breakfast,12.9,422,4,Foggy,5,26.0,22,9.6,22.5,30.5,1,23.9
RB-ORD-100474,Mail Express,BPL,H1,63,1,5,577,Lunch,26.2,228,3,Foggy,5,3.1,49,4.8,31.0,26.1,1,32.5
RB-ORD-100475,Rajdhani,BPL,E1,11,1,5,280,Dinner,23.4,127,5,Clear,5,25.2,80,3.1,26.5,83.7,1,28.2
RB-ORD-100476,Rajdhani,PRYJ,A1,24,1,3,493,Dinner,21.5,398,1,Foggy,10,0,82,6.9,28.4,63.6,1,30.1
RB-ORD-100477,Shatabdi,DDU,B1,32,1,1,1079,LateNight,12.7,258,1,Clear,10,19.9,57,4.4,17.1,69.8,1,19.5
RB-ORD-100478,Shatabdi,ST,E1,38,1,5,687,Snacks,22.7,321,5,Foggy,3,0.4,56,7.9,30.6,28.8,1,31.9
RB-ORD-100479,Shatabdi,CNB,A2,38,1,1,363,Snacks,14.1,367,2,Clear,15,0,67,7.0,21.1,60.9,1,22.8
RB-ORD-100480,Shatabdi,PRYJ,S1,10,0,1,639,Lunch,15.4,228,3,Foggy,5,2.4,72,4.8,20.2,59.2,1,22.1
RB-ORD-100481,Superfast,MTJ,H1,35,1,3,708,Lunch,18.3,207,5,Rainy,5,27.2,30,7.1,25.4,36.8,1,28.0
RB-ORD-100482,Vande Bharat,MTJ,S4,61,0,5,159,Breakfast,23.4,246,5,Rainy,2,27.4,51,8.5,31.9,48.5,1,34.9
RB-ORD-100483,Mail Express,CNB,S4,54,0,4,1037,Snacks,19.6,463,4,Foggy,3,1.3,70,10.5,30.1,44.2,1,32.4
RB-ORD-100484,Superfast,BRC,B3,43,1,3,720,Lunch,21.5,280,4,Rainy,2,17.3,36,8.9,30.4,24.9,1,31.9
RB-ORD-100485,Rajdhani,NGP,B5,16,1,2,1053,Lunch,15.7,204,3,Rainy,5,2.5,76,6.0,21.7,61.8,1,24.6
RB-ORD-100486,Vande Bharat,CNB,B2,64,1,6,958,Breakfast,26.0,232,5,Clear,7,19.2,51,5.7,31.7,45.5,1,33.2
RB-ORD-100487,Shatabdi,BPL,A1,44,1,3,1065,Dinner,20.9,164,3,Clear,3,57.0,69,3.4,24.3,104.7,1,26.9
RB-ORD-100488,Superfast,NGP,A2,66,1,1,693,LateNight,15.1,440,5,Rainy,2,9.8,53,15.2,30.3,34.5,1,31.5
RB-ORD-100489,Mail Express,NGP,C2,7,1,3,325,Breakfast,17.4,452,2,Rainy,3,35.0,62,12.1,29.5,70.5,1,30.7
RB-ORD-100490,Mail Express,MTJ,S4,30,0,2,520,LateNight,16.8,402,4,Rainy,2,0,46,12.8,29.6,18.4,1,30.7
RB-ORD-100491,Mail Express,PRYJ,S1,70,0,3,781,Breakfast,15.6,100,1,Clear,2,0,62,1.7,17.3,46.7,1,18.5
RB-ORD-100492,Vande Bharat,KOTA,B1,21,1,4,411,Breakfast,20.3,352,4,Clear,5,34.0,45,8.0,28.3,55.7,1,29.8
RB-ORD-100493,Mail Express,ST,B3,1,1,6,805,Lunch,29.0,346,5,Foggy,15,24.7,81,8.5,37.5,83.2,1,39.7
RB-ORD-100494,Mail Express,CNB,B5,58,1,5,221,Dinner,23.2,199,2,Rainy,10,35.0,66,5.3,28.5,82.5,1,31.0
RB-ORD-100495,Mail Express,AGC,B5,66,1,6,214,Lunch,24.9,477,4,Rainy,5,0,66,15.2,40.1,30.9,1,41.7
RB-ORD-100496,Rajdhani,CNB,H1,72,1,2,904,Lunch,16.6,364,3,Rainy,10,20.2,67,10.7,27.3,69.9,1,29.3
RB-ORD-100497,Mail Express,MTJ,H1,39,1,3,744,LateNight,16.1,191,4,Clear,5,0,64,4.3,20.4,48.6,1,23.0
RB-ORD-100498,Vande Bharat,DDU,S4,43,0,2,214,Snacks,14.0,133,2,Rainy,10,7.6,66,3.6,17.6,66.0,1,19.8
RB-ORD-100499,Rajdhani,KOTA,S8,49,0,5,897,Breakfast,21.0,401,5,Foggy,10,14.4,49,9.9,30.9,42.5,1,32.0
RB-ORD-100500,Rajdhani,PRYJ,B3,18,1,5,920,Lunch,23.9,311,2,Clear,5,0,49,5.9,29.8,24.2,1,31.2
RB-ORD-100501,Rajdhani,AGC,H1,27,1,2,617,LateNight,15.0,311,3,Rainy,2,9.0,64,9.1,24.1,50.9,1,26.5
RB-ORD-100502,Mail Express,BPL,H1,65,1,2,172,Snacks,14.3,469,3,Rainy,7,6.1,89,13.7,28.0,74.1,1,30.4
RB-ORD-100503,Superfast,NGP,S8,48,0,4,634,Dinner,24.0,127,4,Foggy,2,24.4,21,2.9,26.9,20.5,1,29.2
RB-ORD-100504,Superfast,NGP,B5,33,1,5,390,Lunch,24.3,248,4,Rainy,5,1.3,36,7.9,32.2,10.1,1,33.4
RB-ORD-100505,Superfast,BPL,B4,33,1,3,301,Breakfast,16.8,188,4,Clear,5,35.3,34,4.3,21.1,53.2,1,23.5
RB-ORD-100506,Shatabdi,KOTA,B1,32,1,3,204,LateNight,18.6,269,3,Clear,7,26.3,17,5.6,24.2,26.1,1,26.5
RB-ORD-100507,Vande Bharat,AGC,A1,71,1,3,170,LateNight,18.1,316,4,Clear,5,41.0,39,7.2,25.3,59.7,1,28.1
RB-ORD-100508,Superfast,AGC,B3,63,1,6,725,Breakfast,22.2,109,1,Rainy,5,0,41,2.6,24.8,21.2,1,26.6
RB-ORD-100509,Mail Express,DDU,B2,63,1,1,159,Snacks,14.7,395,3,Clear,5,0,25,8.3,23.0,7.0,1,25.2
RB-ORD-100510,Superfast,BPL,S4,3,0,3,987,Lunch,19.4,377,4,Rainy,2,9.0,38,12.0,31.4,17.6,1,32.6
RB-ORD-100511,Rajdhani,CNB,B4,41,1,5,961,Lunch,26.5,428,3,Clear,5,0,15,9.0,35.5,-15.5,0,17.5
RB-ORD-100512,Rajdhani,NGP,B2,2,1,5,889,Lunch,24.7,293,3,Clear,3,0,66,6.1,30.8,38.2,1,32.5
RB-ORD-100513,Vande Bharat,MTJ,B2,37,1,4,364,Lunch,21.2,469,1,Clear,5,20.1,46,8.1,29.3,41.8,1,30.7
RB-ORD-100514,Superfast,NGP,A1,51,1,1,299,Lunch,17.7,242,3,Clear,10,16.6,26,5.1,22.8,29.8,1,24.8
RB-ORD-100515,Superfast,KOTA,B5,59,1,3,459,Snacks,18.0,267,4,Clear,10,47.5,73,6.1,24.1,106.4,1,26.6
RB-ORD-100516,Vande Bharat,MTJ,C1,41,1,1,127,Breakfast,12.6,278,5,Rainy,10,0,85,9.6,22.2,72.8,1,23.2
RB-ORD-100517,Superfast,BRC,C2,10,1,2,205,LateNight,16.5,183,3,Clear,10,28.6,73,3.8,20.3,91.3,1,22.9
RB-ORD-100518,Vande Bharat,DDU,C2,30,1,6,1061,Lunch,26.8,435,5,Clear,7,0,49,10.7,37.5,18.5,1,39.9
RB-ORD-100519,Rajdhani,NGP,A1,61,1,1,1037,Dinner,15.8,76,2,Foggy,5,17.3,39,1.4,17.2,44.1,1,18.7
RB-ORD-100520,Superfast,CNB,A2,68,1,3,763,Snacks,14.7,429,1,Foggy,3,18.8,88,7.4,22.1,87.7,1,23.7
RB-ORD-100521,Rajdhani,BPL,C1,40,1,5,636,Breakfast,21.0,246,2,Rainy,3,2.8,21,6.6,27.6,-0.8,0,25.3
RB-ORD-100522,Superfast,AGC,C2,31,1,1,443,Dinner,14.2,418,1,Foggy,7,4.7,53,7.2,21.4,43.3,1,22.4
RB-ORD-100523,Mail Express,CNB,B2,52,1,3,358,Dinner,21.7,442,3,Rainy,2,28.5,33,12.9,34.6,28.9,1,36.5
RB-ORD-100524,Rajdhani,KOTA,A1,22,1,5,1040,Lunch,24.2,336,3,Clear,15,23.4,26,7.0,31.2,33.2,1,33.0
RB-ORD-100525,Rajdhani,MTJ,A2,57,1,3,157,Snacks,18.0,348,2,Foggy,3,24.6,78,6.6,24.6,81.0,1,25.7
RB-ORD-100526,Rajdhani,ST,S8,45,0,6,491,LateNight,22.1,427,1,Clear,10,8.1,85,7.4,29.5,73.6,1,31.5
RB-ORD-100527,Vande Bharat,NGP,B5,64,1,1,651,LateNight,13.8,382,3,Foggy,5,28.1,53,8.0,21.8,64.3,1,24.7
RB-ORD-100528,Shatabdi,KOTA,C1,43,1,5,327,Snacks,23.3,255,3,Rainy,2,16.5,78,7.5,30.8,65.7,1,31.8
RB-ORD-100529,Shatabdi,NGP,B3,2,1,4,670,Snacks,20.9,270,1,Rainy,5,0,38,6.5,27.4,15.6,1,29.9
RB-ORD-100530,Superfast,BRC,B2,72,1,4,644,Breakfast,21.7,463,2,Foggy,3,19.3,18,8.8,30.5,9.8,1,32.4
RB-ORD-100531,Rajdhani,DDU,S8,9,0,5,405,LateNight,24.0,315,4,Clear,3,46.8,74,7.2,31.2,92.6,1,33.5
RB-ORD-100532,Mail Express,ST,A1,68,1,4,596,Dinner,21.2,361,4,Rainy,2,23.1,25,11.5,32.7,17.4,1,34.0
RB-ORD-100533,Superfast,PRYJ,B3,13,1,1,696,Snacks,12.4,385,3,Rainy,10,0,54,11.3,23.7,40.3,1,26.6
RB-ORD-100534,Shatabdi,NGP,C1,15,1,5,957,Lunch,26.3,121,2,Clear,2,30.7,60,2.3,28.6,64.1,1,30.3
RB-ORD-100535,Vande Bharat,DDU,C1,59,1,3,868,LateNight,15.1,299,3,Foggy,5,32.2,60,6.3,21.4,75.8,1,24.2
RB-ORD-100536,Mail Express,NGP,S8,61,0,2,491,LateNight,14.9,314,3,Clear,5,17.9,29,6.6,21.5,30.4,1,23.5
RB-ORD-100537,Shatabdi,MTJ,H1,31,1,3,1004,LateNight,16.5,369,5,Foggy,7,4.2,85,9.1,25.6,70.6,1,27.8
RB-ORD-100538,Rajdhani,KOTA,A1,19,1,1,982,Breakfast,13.7,190,4,Foggy,5,32.9,22,4.3,18.0,41.9,1,20.3
RB-ORD-100539,Rajdhani,KOTA,A2,63,1,1,711,Breakfast,11.4,79,2,Foggy,10,1.0,89,1.5,12.9,87.1,1,15.2
RB-ORD-100540,Vande Bharat,PRYJ,H1,72,1,2,160,Snacks,13.1,468,4,Foggy,10,6.4,82,10.7,23.8,74.6,1,25.5
RB-ORD-100541,Vande Bharat,BPL,E1,43,1,2,553,Lunch,16.7,318,1,Clear,5,19.2,50,5.5,22.2,52.0,1,23.4
RB-ORD-100542,Mail Express,KOTA,A2,26,1,3,883,Snacks,17.5,144,2,Clear,15,0,44,2.7,20.2,38.8,1,21.5
RB-ORD-100543,Vande Bharat,BRC,H1,59,1,5,561,Snacks,23.1,284,3,Clear,5,0,87,5.9,29.0,63.0,1,31.7
RB-ORD-100544,Rajdhani,BPL,A1,62,1,6,796,Dinner,24.6,213,2,Foggy,15,0,87,4.1,28.7,73.3,1,29.8
RB-ORD-100545,Vande Bharat,CNB,B4,39,1,6,446,Lunch,27.6,313,3,Rainy,5,18.4,79,9.2,36.8,65.6,1,37.9
RB-ORD-100546,Mail Express,KOTA,H1,21,1,1,753,Snacks,12.1,419,3,Foggy,2,8.7,39,8.8,20.9,28.8,1,22.8
RB-ORD-100547,Shatabdi,NGP,B3,33,1,2,324,LateNight,14.7,62,5,Clear,10,0,83,1.5,16.2,76.8,1,18.3
RB-ORD-100548,Shatabdi,ST,A2,35,1,2,912,LateNight,16.4,90,1,Foggy,5,35.4,49,1.6,18.0,71.4,1,19.0
RB-ORD-100549,Vande Bharat,MTJ,C2,61,1,3,757,Lunch,17.6,328,1,Rainy,5,35.8,89,7.9,25.5,104.3,1,27.5
RB-ORD-100550,Mail Express,NGP,S4,15,0,2,279,LateNight,17.3,224,2,Clear,7,44.8,72,4.3,21.6,102.2,1,23.7
RB-ORD-100551,Mail Express,BRC,B2,12,1,3,853,Dinner,20.8,270,3,Clear,5,0,53,5.6,26.4,31.6,1,29.1
RB-ORD-100552,Vande Bharat,NGP,B3,39,1,3,1050,Snacks,14.6,151,1,Rainy,10,16.7,35,3.6,18.2,43.5,1,20.9
RB-ORD-100553,Shatabdi,CNB,C2,50,1,5,846,Lunch,26.3,444,4,Clear,5,7.5,87,10.1,36.4,63.1,1,37.9
RB-ORD-100554,Shatabdi,AGC,B5,50,1,4,1054,Breakfast,19.2,85,1,Foggy,7,32.4,48,1.5,20.7,66.7,1,22.5
RB-ORD-100555,Vande Bharat,DDU,S1,10,0,1,572,LateNight,11.5,450,1,Rainy,3,15.6,65,10.9,22.4,61.2,1,24.9
RB-ORD-100556,Rajdhani,KOTA,B3,38,1,6,229,Dinner,26.1,81,5,Rainy,10,21.0,23,2.8,28.9,25.1,1,30.6
RB-ORD-100557,Shatabdi,BRC,S1,43,0,3,244,Lunch,17.7,325,3,Clear,5,0,70,6.8,24.5,50.5,1,27.5
RB-ORD-100558,Mail Express,BRC,A1,56,1,6,897,Snacks,24.4,110,3,Foggy,3,30.3,71,2.3,26.7,77.6,1,29.2
RB-ORD-100559,Mail Express,KOTA,S4,8,0,6,457,Lunch,27.1,119,1,Foggy,5,15.3,90,2.1,29.2,81.1,1,31.5
RB-ORD-100560,Vande Bharat,DDU,S4,35,0,5,235,Snacks,22.8,170,5,Clear,5,18.9,15,4.2,27.0,11.9,1,29.9
RB-ORD-100561,Superfast,DDU,S4,25,0,5,243,Snacks,23.1,480,1,Clear,10,34.2,56,8.3,31.4,68.8,1,32.6
RB-ORD-100562,Shatabdi,ST,B3,7,1,5,1043,LateNight,21.2,317,5,Foggy,5,44.2,54,7.8,29.0,74.2,1,31.9
RB-ORD-100563,Superfast,NGP,A1,39,1,5,195,LateNight,20.2,257,4,Clear,15,34.6,38,5.9,26.1,61.5,1,28.9
RB-ORD-100564,Shatabdi,DDU,B2,54,1,3,1099,Snacks,15.6,136,1,Foggy,3,3.0,55,2.3,17.9,43.1,1,20.0
RB-ORD-100565,Rajdhani,BRC,B2,25,1,1,649,Snacks,12.9,147,2,Clear,5,0,28,2.8,15.7,17.3,1,17.3
RB-ORD-100566,Mail Express,CNB,C1,2,1,6,248,Lunch,25.1,261,4,Foggy,5,38.2,65,5.9,31.0,77.2,1,33.7
RB-ORD-100567,Vande Bharat,KOTA,B1,18,1,3,372,Snacks,18.7,302,4,Clear,5,0,83,6.9,25.6,62.4,1,26.7
RB-ORD-100568,Vande Bharat,DDU,C1,26,1,6,769,LateNight,24.7,300,3,Foggy,15,26.9,69,6.3,31.0,79.9,1,32.1
RB-ORD-100569,Mail Express,MTJ,H1,18,1,1,160,Dinner,13.5,183,2,Foggy,7,21.3,37,3.5,17.0,48.3,1,19.4
RB-ORD-100570,Shatabdi,BRC,B1,64,1,2,410,Dinner,16.3,237,3,Clear,7,0,50,5.0,21.3,35.7,1,24.1
RB-ORD-100571,Superfast,PRYJ,S4,27,0,5,302,Dinner,23.1,396,1,Rainy,5,0,89,9.6,32.7,61.3,1,35.3
RB-ORD-100572,Vande Bharat,PRYJ,S4,25,0,4,783,Lunch,22.5,278,5,Foggy,5,3.2,73,6.8,29.3,51.9,1,30.3
RB-ORD-100573,Rajdhani,CNB,B3,30,1,3,1045,Dinner,20.5,96,1,Foggy,5,0,25,1.7,22.2,7.8,1,24.7
RB-ORD-100574,Mail Express,DDU,B3,11,1,6,315,Snacks,24.8,237,1,Clear,5,8.8,74,4.1,28.9,58.9,1,31.5
RB-ORD-100575,Rajdhani,MTJ,H1,48,1,1,860,LateNight,13.3,264,2,Foggy,5,7.2,87,5.0,18.3,80.9,1,20.9
RB-ORD-100576,Superfast,NGP,S1,54,0,6,544,Lunch,28.9,475,3,Clear,5,35.1,84,9.9,38.8,85.3,1,41.6
RB-ORD-100577,Shatabdi,BRC,S4,33,0,5,406,Snacks,20.7,160,2,Rainy,5,31.3,35,4.3,25.0,46.3,1,27.4
RB-ORD-100578,Shatabdi,DDU,B2,45,1,3,218,LateNight,15.1,442,1,Rainy,5,0,60,10.7,25.8,39.2,1,26.9
RB-ORD-100579,Superfast,MTJ,B5,44,1,1,808,Lunch,13.2,231,1,Rainy,5,13.2,66,5.6,18.8,65.4,1,20.3
RB-ORD-100580,Superfast,AGC,H1,19,1,2,362,Snacks,16.6,462,4,Clear,10,0,77,10.5,27.1,59.9,1,29.8
RB-ORD-100581,Rajdhani,AGC,E1,23,1,2,768,LateNight,16.4,329,5,Clear,5,17.7,81,8.1,24.5,79.2,1,26.8
RB-ORD-100582,Mail Express,AGC,A1,40,1,6,573,Snacks,25.7,285,3,Clear,3,15.1,24,6.0,31.7,10.4,1,34.6
RB-ORD-100583,Superfast,AGC,C2,64,1,2,192,Breakfast,12.5,333,5,Rainy,5,20.5,45,11.5,24.0,46.5,1,25.8
RB-ORD-100584,Vande Bharat,ST,E1,56,1,6,905,Snacks,21.3,476,5,Foggy,5,11.5,18,11.7,33.0,1.5,0,32.0
RB-ORD-100585,Rajdhani,AGC,C1,54,1,3,680,Snacks,17.1,215,1,Foggy,3,20.2,19,3.7,20.8,21.4,1,23.2
RB-ORD-100586,Rajdhani,PRYJ,B2,58,1,1,257,LateNight,12.3,341,4,Rainy,10,7.3,23,10.9,23.2,17.1,1,25.3
RB-ORD-100587,Vande Bharat,KOTA,C2,9,1,3,701,LateNight,14.7,156,3,Foggy,15,14.4,16,3.3,18.0,27.4,1,20.3
RB-ORD-100588,Shatabdi,AGC,C1,27,1,3,432,Lunch,19.4,83,1,Clear,2,21.1,67,1.4,20.8,69.3,1,22.4
RB-ORD-100589,Superfast,ST,B2,2,1,6,419,Breakfast,24.9,352,3,Clear,3,3.6,45,7.4,32.3,19.3,1,33.6
RB-ORD-100590,Superfast,KOTA,S8,17,0,6,357,LateNight,21.9,103,4,Rainy,10,25.9,74,3.3,25.2,84.7,1,27.0
RB-ORD-100591,Rajdhani,PRYJ,C2,72,1,5,687,Dinner,26.6,92,2,Foggy,15,0,77,1.8,28.4,63.6,1,30.4
RB-ORD-100592,Superfast,BRC,B3,28,1,5,669,Breakfast,22.2,469,2,Foggy,5,25.6,73,8.9,31.1,72.5,1,32.2
RB-ORD-100593,Mail Express,MTJ,B4,5,1,3,489,Breakfast,19.2,473,1,Foggy,5,0.4,55,8.2,27.4,33.0,1,29.7
RB-ORD-100594,Superfast,AGC,B5,15,1,5,688,Breakfast,22.6,80,2,Rainy,10,29.8,54,2.1,24.7,69.1,1,27.0
RB-ORD-100595,Rajdhani,BPL,H1,41,1,5,459,LateNight,21.0,131,1,Clear,3,3.4,84,2.3,23.3,67.1,1,25.0
RB-ORD-100596,Shatabdi,CNB,S4,25,0,2,717,Lunch,17.0,75,4,Rainy,3,1.9,87,2.4,19.4,72.5,1,20.9
RB-ORD-100597,Shatabdi,NGP,H1,2,1,2,175,Dinner,16.8,88,3,Foggy,3,19.5,60,1.8,18.6,63.9,1,20.3
RB-ORD-100598,Shatabdi,BPL,C2,29,1,6,447,Snacks,25.0,324,5,Rainy,2,33.8,72,11.2,36.2,71.6,1,38.6
RB-ORD-100599,Superfast,MTJ,C1,65,1,5,670,LateNight,19.2,459,2,Clear,5,12.3,28,8.8,28.0,17.3,1,30.4
RB-ORD-100600,Rajdhani,CNB,B1,40,1,4,898,Breakfast,18.8,412,4,Clear,5,7.5,52,9.4,28.2,36.3,1,29.9
RB-ORD-100601,Superfast,PRYJ,C1,2,1,3,217,Breakfast,17.2,191,3,Foggy,5,0,85,4.0,21.2,68.8,1,22.5
RB-ORD-100602,Superfast,KOTA,C2,38,1,3,963,Dinner,20.3,300,1,Clear,5,21.1,87,5.2,25.5,87.6,1,26.7
RB-ORD-100603,Rajdhani,BRC,S1,60,0,4,917,Breakfast,20.3,397,3,Clear,5,0,35,8.3,28.6,11.4,1,30.0
RB-ORD-100604,Rajdhani,MTJ,B4,18,1,3,980,Dinner,20.4,374,4,Foggy,10,39.6,82,8.5,28.9,102.7,1,31.2
RB-ORD-100605,Shatabdi,DDU,C2,8,1,2,774,Breakfast,14.6,364,5,Rainy,5,44.2,80,12.5,27.1,102.1,1,30.0
RB-ORD-100606,Mail Express,KOTA,B5,52,1,5,284,Snacks,23.3,122,1,Rainy,2,8.5,51,2.9,26.2,35.3,1,29.1
RB-ORD-100607,Vande Bharat,ST,B2,66,1,4,906,Snacks,18.6,254,3,Clear,5,24.2,46,5.3,23.9,51.3,1,25.1
RB-ORD-100608,Rajdhani,KOTA,H1,48,1,5,202,Dinner,23.4,448,4,Clear,2,19.1,46,10.2,33.6,33.5,1,35.1
RB-ORD-100609,Vande Bharat,BPL,A2,61,1,3,149,Snacks,18.0,165,1,Clear,10,0,32,2.8,20.8,21.2,1,21.9
RB-ORD-100610,Shatabdi,CNB,B2,9,1,1,726,Breakfast,12.1,310,1,Foggy,5,45.7,18,5.3,17.4,51.3,1,18.9
RB-ORD-100611,Superfast,DDU,B4,7,1,1,489,Lunch,15.3,284,2,Clear,3,9.6,54,5.4,20.7,45.9,1,23.2
RB-ORD-100612,Shatabdi,AGC,S1,34,0,6,259,Snacks,25.4,115,3,Rainy,3,37.9,30,3.4,28.8,42.1,1,31.1
RB-ORD-100613,Mail Express,DDU,C1,40,1,3,872,Lunch,19.2,284,3,Rainy,3,6.7,83,8.3,27.5,65.2,1,29.6
RB-ORD-100614,Vande Bharat,NGP,S1,17,0,6,776,LateNight,21.7,373,5,Rainy,2,45.3,83,12.9,34.6,95.7,1,37.2
RB-ORD-100615,Shatabdi,ST,B3,25,1,2,319,Snacks,12.7,165,3,Foggy,7,14.1,90,3.5,16.2,94.9,1,19.0
RB-ORD-100616,Vande Bharat,PRYJ,S1,4,0,3,148,Dinner,21.2,320,1,Rainy,2,28.5,78,7.7,28.9,79.6,1,31.1
RB-ORD-100617,Superfast,AGC,A1,34,1,3,1053,Lunch,20.0,189,3,Rainy,5,6.2,50,5.5,25.5,35.7,1,28.1
RB-ORD-100618,Shatabdi,DDU,A2,34,1,5,371,Breakfast,23.0,84,4,Rainy,10,0,51,2.7,25.7,35.3,1,26.7
RB-ORD-100619,Mail Express,PRYJ,E1,66,1,2,519,Snacks,14.2,246,2,Foggy,10,38.0,31,4.7,18.9,60.1,1,20.9
RB-ORD-100620,Mail Express,AGC,C2,72,1,3,1044,Snacks,17.5,131,1,Foggy,10,5.4,17,2.3,19.8,12.6,1,20.8
RB-ORD-100621,Shatabdi,ST,H1,21,1,3,379,Snacks,14.9,374,2,Foggy,5,41.1,70,7.1,22.0,94.1,1,23.3
RB-ORD-100622,Shatabdi,MTJ,B1,57,1,5,266,Dinner,25.5,211,2,Clear,7,20.2,28,4.0,29.5,25.7,1,30.7
RB-ORD-100623,Superfast,ST,B4,17,1,3,180,Lunch,22.3,192,3,Foggy,5,0.8,46,4.0,26.3,25.5,1,29.2
RB-ORD-100624,Superfast,PRYJ,S4,46,0,2,822,Lunch,18.4,195,5,Rainy,3,0,78,6.7,25.1,55.9,1,26.9
RB-ORD-100625,Shatabdi,BPL,C2,40,1,5,835,Snacks,19.9,431,2,Foggy,7,8.1,73,8.2,28.1,60.0,1,30.6
RB-ORD-100626,Superfast,CNB,S8,19,0,4,866,Breakfast,21.1,409,3,Foggy,5,0,31,8.6,29.7,6.3,1,32.5
RB-ORD-100627,Vande Bharat,AGC,S4,27,0,4,1003,Lunch,21.2,75,3,Rainy,10,0,28,2.2,23.4,14.6,1,26.4
RB-ORD-100628,Shatabdi,NGP,A1,47,1,1,202,Lunch,15.7,122,1,Foggy,10,21.6,44,2.1,17.8,57.8,1,19.5
RB-ORD-100629,Vande Bharat,KOTA,S1,21,0,1,608,Snacks,14.9,427,2,Foggy,7,0,90,8.1,23.0,74.0,1,24.9
RB-ORD-100630,Superfast,MTJ,H1,35,1,2,331,LateNight,13.5,445,2,Clear,7,37.1,48,8.5,22.0,70.1,1,24.6
RB-ORD-100631,Superfast,AGC,C1,18,1,6,571,LateNight,22.9,81,1,Clear,10,24.9,89,1.4,24.3,99.6,1,25.6
RB-ORD-100632,Rajdhani,MTJ,H1,22,1,1,383,Lunch,15.1,351,4,Foggy,5,43.0,81,8.0,23.1,105.9,1,26.0
RB-ORD-100633,Shatabdi,AGC,E1,64,1,1,489,Snacks,10.2,350,5,Rainy,5,28.6,29,12.1,22.3,40.3,1,23.7
RB-ORD-100634,Mail Express,MTJ,B4,4,1,6,949,LateNight,24.3,179,4,Rainy,2,8.8,75,5.7,30.0,55.8,1,31.9
RB-ORD-100635,Vande Bharat,BRC,B3,61,1,2,1030,Snacks,16.2,410,4,Clear,5,0,81,9.3,25.5,60.5,1,27.8
RB-ORD-100636,Shatabdi,DDU,S8,4,0,5,272,Dinner,25.0,301,2,Foggy,2,44.2,15,5.7,30.7,30.5,1,32.0
RB-ORD-100637,Mail Express,MTJ,B2,21,1,1,654,LateNight,13.7,351,4,Rainy,7,13.8,38,11.2,24.9,33.9,1,27.4
RB-ORD-100638,Vande Bharat,AGC,B4,10,1,3,950,LateNight,15.2,244,4,Foggy,15,71.7,59,5.6,20.8,124.9,1,23.4
RB-ORD-100639,Rajdhani,AGC,B3,26,1,1,958,LateNight,11.6,94,4,Foggy,2,36.6,70,2.1,13.7,94.9,1,15.4
RB-ORD-100640,Vande Bharat,CNB,B2,29,1,1,168,Dinner,16.4,324,4,Foggy,10,0,78,7.4,23.8,64.2,1,25.4
RB-ORD-100641,Mail Express,BPL,B1,44,1,5,891,Breakfast,21.2,187,4,Rainy,7,2.2,20,6.0,27.2,2.0,0,25.7
RB-ORD-100642,Shatabdi,NGP,B3,58,1,2,633,Dinner,20.0,207,2,Rainy,3,44.4,84,5.5,25.5,105.9,1,26.6
RB-ORD-100643,Vande Bharat,PRYJ,B5,42,1,1,818,Snacks,13.5,211,5,Rainy,5,0,28,7.3,20.8,12.2,1,23.5
RB-ORD-100644,Mail Express,CNB,B2,55,1,6,890,Dinner,26.4,407,5,Rainy,5,13.5,19,14.0,40.4,-2.9,0,35.0
RB-ORD-100645,Superfast,DDU,S1,47,0,5,442,Dinner,26.7,294,2,Rainy,3,36.4,26,7.9,34.6,30.8,1,37.6
RB-ORD-100646,Shatabdi,BRC,S1,58,0,5,361,LateNight,21.3,86,1,Rainy,7,20.7,42,2.1,23.4,46.3,1,26.3
RB-ORD-100647,Shatabdi,DDU,B4,15,1,4,878,Snacks,19.0,67,3,Rainy,5,64.5,48,2.0,21.0,96.5,1,22.9
RB-ORD-100648,Shatabdi,ST,H1,26,1,4,472,Breakfast,18.8,356,2,Foggy,15,6.1,62,6.8,25.6,57.5,1,28.6
RB-ORD-100649,Mail Express,KOTA,C2,7,1,2,804,Lunch,17.2,307,2,Rainy,5,13.5,58,8.2,25.4,51.1,1,28.4
RB-ORD-100650,Vande Bharat,AGC,B1,4,1,5,919,Snacks,19.6,179,2,Rainy,7,3.1,90,4.8,24.4,75.7,1,26.8
RB-ORD-100651,Vande Bharat,BPL,C2,50,1,4,140,Breakfast,17.9,394,5,Foggy,2,40.5,57,9.7,27.6,71.9,1,28.7
RB-ORD-100652,Vande Bharat,ST,B4,35,1,1,960,Lunch,16.5,124,5,Foggy,10,0,58,3.1,19.6,48.4,1,21.6
RB-ORD-100653,Superfast,PRYJ,B5,57,1,6,941,Dinner,25.6,253,1,Clear,15,8.4,20,4.4,30.0,13.4,1,32.7
RB-ORD-100654,Vande Bharat,AGC,E1,57,1,1,172,Snacks,15.2,205,2,Foggy,3,13.8,77,3.9,19.1,74.7,1,20.9
RB-ORD-100655,Superfast,BRC,S8,49,0,2,635,Dinner,18.9,469,3,Rainy,5,43.6,25,13.7,32.6,41.0,1,35.3
RB-ORD-100656,Shatabdi,CNB,A1,65,1,4,559,Breakfast,20.6,430,4,Foggy,5,0,52,9.8,30.4,26.6,1,32.0
RB-ORD-100657,Shatabdi,KOTA,H1,65,1,3,1023,Lunch,20.1,300,2,Foggy,3,34.7,47,5.7,25.8,58.9,1,27.6
RB-ORD-100658,Shatabdi,DDU,B3,11,1,6,284,Lunch,28.5,470,5,Clear,5,30.5,88,11.6,40.1,83.4,1,42.9
RB-ORD-100659,Vande Bharat,BRC,A1,4,1,1,592,Breakfast,12.8,459,3,Clear,5,8.5,15,9.6,22.4,6.1,1,24.2
RB-ORD-100660,Superfast,BRC,A1,35,1,1,871,Dinner,13.2,221,4,Foggy,10,25.9,64,5.0,18.2,81.7,1,20.3
RB-ORD-100661,Vande Bharat,DDU,B2,13,1,4,822,Snacks,20.1,290,4,Rainy,15,0,66,9.2,29.3,51.7,1,32.2
RB-ORD-100662,Superfast,NGP,A2,52,1,3,612,Dinner,17.6,403,3,Clear,7,13.7,31,8.4,26.0,25.7,1,28.7
RB-ORD-100663,Vande Bharat,DDU,A2,40,1,3,1021,Snacks,17.7,325,4,Clear,3,2.3,77,7.4,25.1,57.2,1,27.2
RB-ORD-100664,Mail Express,PRYJ,S1,63,0,2,599,Snacks,13.2,280,1,Rainy,5,23.2,33,6.8,20.0,41.2,1,22.4
RB-ORD-100665,Mail Express,BPL,C1,6,1,4,1031,LateNight,20.2,77,1,Clear,15,0.3,44,1.3,21.5,37.8,1,23.3
RB-ORD-100666,Superfast,KOTA,B5,54,1,4,327,LateNight,20.8,104,3,Clear,5,0,35,2.2,23.0,17.0,1,24.5
RB-ORD-100667,Vande Bharat,BRC,S1,25,0,5,960,Lunch,26.3,194,1,Clear,2,18.8,25,3.3,29.6,16.2,1,31.4
RB-ORD-100668,Shatabdi,PRYJ,S1,42,0,3,655,Dinner,21.1,242,2,Rainy,7,17.5,32,6.5,27.6,28.9,1,29.7
RB-ORD-100669,Rajdhani,BPL,B2,36,1,2,541,LateNight,13.5,97,4,Rainy,5,0,59,3.1,16.6,47.4,1,19.5
RB-ORD-100670,Mail Express,AGC,S8,65,0,4,849,Breakfast,18.5,263,4,Foggy,5,24.5,57,6.0,24.5,62.0,1,27.3
RB-ORD-100671,Superfast,AGC,S8,27,0,5,849,LateNight,23.6,227,4,Rainy,10,35.8,47,7.2,30.8,62.0,1,33.6
RB-ORD-100672,Rajdhani,DDU,S4,15,0,6,562,Lunch,27.4,275,2,Rainy,10,22.9,54,7.3,34.7,52.2,1,36.9
RB-ORD-100673,Superfast,PRYJ,B5,18,1,4,657,Snacks,19.6,370,1,Clear,15,0,90,6.4,26.0,79.0,1,27.2
RB-ORD-100674,Rajdhani,KOTA,S8,64,0,1,741,Breakfast,14.4,156,5,Foggy,7,17.1,31,3.8,18.2,36.9,1,21.1
RB-ORD-100675,Superfast,KOTA,B2,17,1,1,914,Snacks,12.0,467,4,Foggy,3,25.9,88,10.6,22.6,94.3,1,23.9
RB-ORD-100676,Shatabdi,CNB,A2,24,1,2,156,Breakfast,14.4,383,2,Rainy,7,15.7,69,10.2,24.6,67.1,1,26.8
RB-ORD-100677,Shatabdi,ST,S1,20,0,3,313,Lunch,22.4,67,2,Rainy,5,13.3,56,1.8,24.2,50.1,1,25.3
RB-ORD-100678,Superfast,BPL,A1,68,1,3,187,Snacks,19.0,330,3,Clear,2,34.3,33,6.9,25.9,43.4,1,27.3
RB-ORD-100679,Shatabdi,ST,H1,36,1,3,134,LateNight,17.8,349,5,Clear,5,0,38,8.6,26.4,16.6,1,29.0
RB-ORD-100680,Rajdhani,KOTA,B5,35,1,1,429,Lunch,15.5,109,5,Clear,2,8.6,16,2.7,18.2,8.4,1,19.5
RB-ORD-100681,Shatabdi,AGC,B3,63,1,4,764,Lunch,20.1,125,4,Rainy,10,1.3,60,4.0,24.1,47.2,1,25.8
RB-ORD-100682,Vande Bharat,BPL,A1,40,1,5,1068,Breakfast,19.9,259,4,Rainy,15,28.2,27,8.3,28.2,42.0,1,30.1
RB-ORD-100683,Shatabdi,AGC,S4,28,0,5,882,Lunch,22.7,95,3,Foggy,5,6.3,37,2.0,24.7,23.6,1,25.8
RB-ORD-100684,Rajdhani,AGC,B5,29,1,6,375,LateNight,23.6,439,5,Clear,10,13.4,35,10.8,34.4,24.0,1,37.3
RB-ORD-100685,Shatabdi,PRYJ,B3,37,1,4,604,Lunch,20.0,290,1,Clear,3,0,31,5.0,25.0,9.0,1,27.4
RB-ORD-100686,Rajdhani,KOTA,H1,45,1,5,368,LateNight,21.3,104,3,Foggy,7,0,55,2.2,23.5,38.5,1,26.1
RB-ORD-100687,Rajdhani,BRC,A2,24,1,2,154,Dinner,19.6,157,4,Foggy,7,39.4,26,3.6,23.2,49.2,1,24.7
RB-ORD-100688,Vande Bharat,NGP,B5,38,1,3,335,Lunch,18.1,135,2,Foggy,10,20.1,90,2.6,20.7,99.4,1,23.1
RB-ORD-100689,Rajdhani,ST,H1,20,1,2,1061,Dinner,19.6,319,4,Rainy,5,23.8,55,10.2,29.8,54.0,1,32.6
RB-ORD-100690,Shatabdi,MTJ,B2,8,1,5,1057,Lunch,22.2,82,5,Clear,7,29.9,42,2.0,24.2,54.7,1,25.3
RB-ORD-100691,Rajdhani,NGP,B4,18,1,3,646,Dinner,19.4,271,1,Foggy,15,23.0,72,4.7,24.1,85.9,1,26.1
RB-ORD-100692,Mail Express,CNB,H1,4,1,2,416,Snacks,13.3,206,4,Rainy,5,2.3,43,6.6,19.9,30.4,1,21.6
RB-ORD-100693,Superfast,PRYJ,B5,9,1,3,423,Dinner,18.6,447,1,Foggy,5,23.3,57,7.7,26.3,59.0,1,28.9
RB-ORD-100694,Mail Express,BPL,B2,64,1,4,702,Dinner,21.8,464,4,Rainy,7,22.7,89,14.8,36.6,82.1,1,37.6
RB-ORD-100695,Vande Bharat,AGC,H1,41,1,2,306,LateNight,12.4,141,2,Rainy,5,11.6,81,3.8,16.2,81.4,1,19.1
RB-ORD-100696,Vande Bharat,BPL,B2,34,1,3,481,Dinner,19.9,126,2,Foggy,7,21.9,40,2.4,22.3,46.6,1,24.3
RB-ORD-100697,Superfast,ST,B5,9,1,3,267,Dinner,17.8,99,2,Rainy,5,25.9,22,2.6,20.4,32.5,1,23.0
RB-ORD-100698,Vande Bharat,KOTA,S4,72,0,2,244,Breakfast,15.6,136,3,Foggy,5,44.0,61,2.8,18.4,91.6,1,21.2
RB-ORD-100699,Vande Bharat,DDU,B3,22,1,5,773,Snacks,21.8,73,4,Clear,3,0,54,1.7,23.5,33.5,1,26.1
RB-ORD-100700,Mail Express,BPL,B4,7,1,5,599,LateNight,21.0,411,5,Clear,5,0,78,10.1,31.1,51.9,1,32.1
RB-ORD-100701,Superfast,PRYJ,B3,40,1,3,528,Dinner,22.2,479,1,Rainy,10,7.1,54,11.6,33.8,37.3,1,36.2
RB-ORD-100702,Mail Express,CNB,B4,67,1,4,637,Lunch,22.4,231,5,Foggy,7,0.2,17,5.7,28.1,-3.9,0,20.7
RB-ORD-100703,Superfast,KOTA,S4,62,0,2,506,Dinner,17.0,436,2,Foggy,5,23.0,41,8.3,25.3,43.7,1,27.3
RB-ORD-100704,Shatabdi,NGP,S1,22,0,4,176,Snacks,20.7,408,2,Rainy,5,0,39,10.9,31.6,12.4,1,33.1
RB-ORD-100705,Shatabdi,NGP,A2,51,1,1,167,Snacks,12.1,322,4,Clear,5,16.8,64,7.3,19.4,66.4,1,20.7
RB-ORD-100706,Mail Express,NGP,C2,67,1,6,654,Dinner,29.1,369,3,Foggy,5,14.9,49,7.7,36.8,32.1,1,39.6
RB-ORD-100707,Vande Bharat,DDU,A1,11,1,5,1100,Dinner,23.5,84,5,Foggy,7,16.0,68,2.1,25.6,65.4,1,28.6
RB-ORD-100708,Vande Bharat,AGC,E1,13,1,5,373,LateNight,21.9,157,3,Clear,3,0,65,3.3,25.2,42.8,1,27.1
RB-ORD-100709,Mail Express,BRC,C2,18,1,6,972,Lunch,28.2,106,2,Rainy,15,0,46,2.8,31.0,30.0,1,32.3
RB-ORD-100710,Rajdhani,BRC,A2,28,1,1,633,Snacks,13.3,183,5,Clear,2,0,15,4.5,17.8,-0.8,0,16.0
RB-ORD-100711,Vande Bharat,AGC,B2,25,1,2,953,Dinner,18.2,100,2,Foggy,5,11.5,23,1.9,20.1,19.4,1,22.1
RB-ORD-100712,Vande Bharat,AGC,B2,71,1,5,1057,Dinner,26.2,153,5,Rainy,5,13.7,19,5.3,31.5,6.2,1,33.2
RB-ORD-100713,Rajdhani,AGC,B2,59,1,4,770,Snacks,20.1,387,1,Rainy,2,3.3,15,9.3,29.4,-9.1,0,19.3
RB-ORD-100714,Superfast,BPL,E1,28,1,2,1081,Snacks,17.4,461,5,Rainy,5,0,47,15.9,33.3,18.7,1,36.1
RB-ORD-100715,Superfast,BRC,A1,10,1,3,411,Dinner,17.9,426,5,Rainy,10,49.2,29,14.7,32.6,55.6,1,34.5
RB-ORD-100716,Vande Bharat,MTJ,B3,69,1,2,1047,Breakfast,15.5,396,5,Rainy,2,44.2,20,13.6,29.1,37.1,1,30.1
RB-ORD-100717,Mail Express,AGC,B5,15,1,2,977,Lunch,17.3,367,2,Clear,3,10.6,63,7.0,24.3,52.3,1,25.7
RB-ORD-100718,Rajdhani,PRYJ,B4,18,1,6,873,Snacks,22.0,135,1,Clear,15,9.5,64,2.3,24.3,64.2,1,27.1
RB-ORD-100719,Rajdhani,AGC,B2,13,1,4,598,LateNight,17.9,257,4,Rainy,5,0,36,8.2,26.1,14.9,1,28.5
RB-ORD-100720,Rajdhani,BRC,A2,58,1,5,233,Breakfast,21.1,129,5,Rainy,15,4.9,83,4.4,25.5,77.4,1,26.5
RB-ORD-100721,Shatabdi,BRC,A1,25,1,5,526,Snacks,19.9,374,5,Clear,10,12.3,71,9.2,29.1,64.2,1,30.7
RB-ORD-100722,Superfast,BPL,B4,3,1,3,1088,Breakfast,17.6,203,1,Rainy,5,15.2,24,4.9,22.5,21.7,1,23.6
RB-ORD-100723,Shatabdi,ST,H1,42,1,3,122,LateNight,17.0,91,2,Rainy,7,0,35,2.4,19.4,22.6,1,22.0
RB-ORD-100724,Mail Express,CNB,A2,58,1,5,623,Breakfast,22.3,176,1,Foggy,2,6.5,86,3.0,25.3,69.2,1,27.6
RB-ORD-100725,Superfast,CNB,S8,38,0,1,467,LateNight,12.7,143,4,Clear,7,11.5,56,3.3,16.0,58.5,1,17.3
RB-ORD-100726,Mail Express,MTJ,B4,18,1,5,311,LateNight,23.5,126,1,Clear,3,9.8,85,2.2,25.7,72.1,1,27.4
RB-ORD-100727,Rajdhani,KOTA,B2,25,1,3,148,Dinner,20.6,246,1,Clear,10,48.8,83,4.2,24.8,117.0,1,26.2
RB-ORD-100728,Rajdhani,NGP,A1,9,1,1,810,Dinner,17.2,428,1,Foggy,5,19.3,75,7.4,24.6,74.7,1,26.5
RB-ORD-100729,Superfast,CNB,S1,46,0,4,700,Dinner,24.3,462,3,Foggy,10,6.7,39,9.7,34.0,21.7,1,36.7
RB-ORD-100730,Superfast,DDU,B1,40,1,6,424,LateNight,23.9,396,5,Foggy,3,6.3,46,9.7,33.6,21.7,1,34.8
RB-ORD-100731,Rajdhani,BRC,B2,36,1,3,835,Dinner,20.5,233,2,Rainy,10,0,74,6.2,26.7,57.3,1,28.2
RB-ORD-100732,Superfast,ST,B2,62,1,1,701,Lunch,14.7,98,4,Clear,15,26.5,69,2.2,16.9,93.6,1,19.6
RB-ORD-100733,Superfast,ST,B3,20,1,6,330,LateNight,23.7,143,4,Clear,5,26.8,59,3.3,27.0,63.8,1,28.9
RB-ORD-100734,Vande Bharat,BPL,E1,25,1,6,272,Breakfast,24.4,153,5,Foggy,7,7.9,90,3.8,28.2,76.7,1,29.7
RB-ORD-100735,Mail Express,PRYJ,H1,31,1,3,845,LateNight,19.0,157,2,Rainy,5,36.1,73,4.2,23.2,90.9,1,25.5
RB-ORD-100736,Shatabdi,MTJ,S8,3,0,2,836,Snacks,14.9,400,4,Clear,5,5.4,88,9.1,24.0,74.4,1,25.4
RB-ORD-100737,Mail Express,PRYJ,B5,50,1,3,666,Snacks,16.2,448,4,Rainy,5,12.2,73,14.3,30.5,59.7,1,33.1
RB-ORD-100738,Shatabdi,KOTA,C1,31,1,5,199,LateNight,21.0,463,2,Foggy,10,35.0,73,8.8,29.8,88.2,1,31.7
RB-ORD-100739,Shatabdi,AGC,E1,31,1,3,1036,Breakfast,15.6,198,1,Rainy,5,23.1,22,4.8,20.4,29.7,1,21.6
RB-ORD-100740,Vande Bharat,BRC,A1,51,1,6,320,Snacks,26.1,272,2,Foggy,7,0,37,5.2,31.3,12.7,1,33.1
RB-ORD-100741,Mail Express,PRYJ,A2,24,1,2,319,Snacks,16.4,120,3,Rainy,2,9.2,51,3.5,19.9,42.3,1,21.3
RB-ORD-100742,Shatabdi,KOTA,B2,10,1,1,598,Snacks,15.2,230,4,Rainy,5,28.9,52,7.3,22.5,63.4,1,24.8
RB-ORD-100743,Vande Bharat,BRC,S8,71,0,5,855,Snacks,20.8,142,5,Clear,5,12.7,63,3.5,24.3,56.4,1,25.5
RB-ORD-100744,Superfast,CNB,C2,63,1,6,745,Lunch,25.1,365,5,Rainy,10,20.6,51,12.6,37.7,43.9,1,40.7
RB-ORD-100745,Vande Bharat,CNB,H1,27,1,3,339,LateNight,15.2,182,1,Foggy,15,14.2,62,3.1,18.3,72.9,1,19.4
RB-ORD-100746,Shatabdi,BRC,B5,48,1,6,197,LateNight,25.6,150,2,Clear,5,0,76,2.9,28.5,52.5,1,29.6
RB-ORD-100747,Superfast,PRYJ,B3,34,1,3,877,Lunch,22.5,182,4,Clear,2,23.5,79,4.1,26.6,77.9,1,28.7
RB-ORD-100748,Superfast,KOTA,B5,27,1,6,168,Breakfast,23.3,437,5,Rainy,10,19.5,16,15.1,38.4,7.1,1,40.2
RB-ORD-100749,Rajdhani,NGP,C2,53,1,2,887,Dinner,18.0,311,5,Rainy,3,21.7,33,10.7,28.7,29.0,1,31.6
RB-ORD-100750,Rajdhani,NGP,A1,2,1,4,199,Snacks,19.7,112,1,Rainy,3,0,59,2.7,22.4,39.6,1,25.2
RB-ORD-100751,Shatabdi,ST,B3,25,1,1,545,Breakfast,11.0,475,5,Clear,5,31.7,21,11.7,22.7,35.0,1,24.8
RB-ORD-100752,Mail Express,AGC,S8,18,0,1,1067,Lunch,14.5,419,5,Clear,10,59.4,25,10.3,24.8,69.6,1,26.9
RB-ORD-100753,Vande Bharat,BPL,B1,60,1,5,524,Dinner,26.7,391,1,Foggy,15,19.6,79,6.7,33.4,80.2,1,35.0
RB-ORD-100754,Shatabdi,CNB,B3,33,1,4,134,Dinner,21.0,333,4,Clear,15,4.4,36,7.6,28.6,26.8,1,29.7
RB-ORD-100755,Shatabdi,DDU,A1,22,1,5,841,Snacks,22.5,169,4,Foggy,5,38.1,73,3.8,26.3,89.8,1,28.7
RB-ORD-100756,Mail Express,PRYJ,B3,30,1,1,468,Snacks,12.5,480,5,Rainy,15,7.9,88,16.5,29.0,81.9,1,31.3
RB-ORD-100757,Vande Bharat,NGP,H1,56,1,1,600,Snacks,11.6,404,5,Foggy,3,3.4,20,9.9,21.5,4.9,1,22.7
RB-ORD-100758,Rajdhani,CNB,E1,30,1,5,177,Lunch,26.4,331,3,Rainy,10,21.3,18,9.7,36.1,13.2,1,38.6
RB-ORD-100759,Superfast,DDU,S8,50,0,4,853,Breakfast,21.3,261,1,Foggy,10,0,42,4.5,25.8,26.2,1,28.6
RB-ORD-100760,Shatabdi,BRC,C2,22,1,1,178,Breakfast,12.1,399,2,Foggy,5,33.1,31,7.6,19.7,49.4,1,21.5
RB-ORD-100761,Shatabdi,BRC,S1,3,0,2,995,Snacks,15.4,179,3,Rainy,5,0,22,5.2,20.6,6.4,1,22.4
RB-ORD-100762,Vande Bharat,BPL,B3,36,1,6,370,Dinner,28.3,430,4,Rainy,7,11.4,19,13.7,42.0,-4.6,0,33.9
RB-ORD-100763,Shatabdi,BPL,H1,29,1,4,1016,Snacks,21.5,478,5,Foggy,7,6.7,34,11.8,33.3,14.4,1,36.0
RB-ORD-100764,Superfast,MTJ,C2,7,1,1,795,Dinner,17.5,361,2,Rainy,5,21.6,35,9.6,27.1,34.5,1,29.3
RB-ORD-100765,Mail Express,NGP,A1,21,1,2,925,LateNight,17.1,375,1,Rainy,15,1.7,47,9.0,26.1,37.6,1,27.4
RB-ORD-100766,Vande Bharat,PRYJ,A1,35,1,1,568,Breakfast,11.9,425,1,Clear,5,0,26,7.3,19.2,11.8,1,22.1
RB-ORD-100767,Shatabdi,KOTA,A2,41,1,4,1030,Snacks,21.5,306,4,Clear,7,8.8,23,7.0,28.5,10.3,1,30.9
RB-ORD-100768,Shatabdi,KOTA,S4,37,0,4,192,Snacks,16.9,90,5,Clear,10,0.4,36,2.2,19.1,27.3,1,20.8
RB-ORD-100769,Rajdhani,NGP,C2,32,1,2,389,Dinner,16.3,133,5,Clear,3,0,82,3.3,19.6,65.4,1,21.0
RB-ORD-100770,Superfast,BPL,S4,25,0,6,343,LateNight,24.8,373,1,Clear,5,0,28,6.4,31.2,1.8,0,30.5
RB-ORD-100771,Superfast,ST,B4,26,1,6,942,Lunch,25.7,274,4,Clear,7,7.7,52,6.2,31.9,34.8,1,33.0
RB-ORD-100772,Vande Bharat,ST,S8,26,0,1,347,Dinner,16.6,94,1,Foggy,2,33.7,35,1.6,18.2,52.5,1,20.4
RB-ORD-100773,Superfast,MTJ,C1,53,1,4,1082,Dinner,24.6,253,3,Rainy,15,22.0,45,7.4,32.0,50.0,1,33.7
RB-ORD-100774,Shatabdi,BPL,S4,8,0,2,376,LateNight,13.4,455,1,Clear,7,0,47,7.8,21.2,32.8,1,22.4
RB-ORD-100775,Rajdhani,KOTA,A2,27,1,5,442,Snacks,19.7,413,2,Clear,5,0,21,7.9,27.6,-1.6,0,23.5
RB-ORD-100776,Rajdhani,AGC,A1,9,1,3,790,LateNight,16.9,133,4,Rainy,7,5.2,18,4.2,21.1,9.1,1,22.6
RB-ORD-100777,Superfast,KOTA,C2,55,1,1,514,Dinner,17.3,216,5,Rainy,3,5.8,55,7.4,24.7,39.1,1,26.7
RB-ORD-100778,Vande Bharat,BRC,A2,37,1,5,370,Snacks,22.5,356,4,Foggy,5,5.2,73,8.1,30.6,52.6,1,32.1
RB-ORD-100779,Vande Bharat,DDU,B5,7,1,4,700,Snacks,17.9,468,3,Rainy,5,14.3,59,13.7,31.6,46.7,1,33.6
RB-ORD-100780,Vande Bharat,MTJ,H1,15,1,2,503,LateNight,17.3,346,5,Clear,5,16.1,82,8.5,25.8,77.3,1,28.6
RB-ORD-100781,Mail Express,DDU,B5,46,1,1,513,Snacks,12.2,210,3,Foggy,3,6.4,89,4.4,16.6,81.8,1,18.5
RB-ORD-100782,Shatabdi,KOTA,B4,1,1,1,384,Breakfast,14.6,437,5,Rainy,5,45.8,53,15.1,29.7,74.1,1,31.5
RB-ORD-100783,Mail Express,BPL,A1,33,1,4,1031,Breakfast,17.0,410,3,Clear,15,0,77,8.6,25.6,66.4,1,27.4
RB-ORD-100784,Rajdhani,DDU,S8,30,0,4,621,Lunch,23.5,317,1,Foggy,7,2.3,20,5.5,29.0,0.3,0,25.8
RB-ORD-100785,Shatabdi,BRC,H1,62,1,6,153,Dinner,26.3,173,3,Clear,5,25.1,69,3.6,29.9,69.2,1,30.9
RB-ORD-100786,Superfast,DDU,S4,17,0,6,883,Breakfast,23.6,150,4,Rainy,5,15.6,59,4.8,28.4,51.2,1,30.1
RB-ORD-100787,Vande Bharat,PRYJ,C1,26,1,2,898,LateNight,14.2,86,4,Rainy,15,7.9,79,2.7,16.9,85.0,1,19.7
RB-ORD-100788,Superfast,PRYJ,S1,9,0,3,487,Dinner,21.8,406,4,Clear,7,18.7,61,9.2,31.0,55.7,1,32.2
RB-ORD-100789,Superfast,NGP,S1,39,0,1,699,Lunch,14.9,249,3,Rainy,5,11.9,64,7.3,22.2,58.7,1,23.4
RB-ORD-100790,Superfast,BRC,E1,10,1,2,332,LateNight,13.3,193,3,Rainy,10,37.7,39,5.7,19.0,67.7,1,21.9
RB-ORD-100791,Mail Express,KOTA,A1,51,1,5,533,Breakfast,21.1,350,4,Foggy,5,36.5,25,8.0,29.1,37.4,1,31.8
RB-ORD-100792,Shatabdi,PRYJ,E1,50,1,5,617,LateNight,22.8,319,5,Rainy,15,3.9,88,11.0,33.8,73.1,1,36.8
RB-ORD-100793,Vande Bharat,BRC,S4,55,0,2,179,Snacks,15.3,153,2,Clear,15,11.2,21,2.9,18.2,29.0,1,20.7
RB-ORD-100794,Mail Express,BRC,A2,33,1,2,360,Breakfast,13.8,360,1,Clear,5,24.2,76,6.2,20.0,85.2,1,21.2
RB-ORD-100795,Superfast,AGC,B2,12,1,5,965,LateNight,23.2,245,3,Rainy,5,38.1,74,7.2,30.4,86.7,1,31.9
RB-ORD-100796,Superfast,ST,A2,20,1,2,317,Breakfast,14.5,165,3,Rainy,5,11.4,59,4.8,19.3,56.1,1,21.3
RB-ORD-100797,Shatabdi,NGP,S4,38,0,2,904,LateNight,12.4,423,1,Foggy,5,27.1,23,7.3,19.7,35.4,1,21.1
RB-ORD-100798,Vande Bharat,MTJ,B4,3,1,2,890,Lunch,16.9,415,4,Rainy,5,12.2,71,13.2,30.1,58.1,1,31.5
RB-ORD-100799,Shatabdi,KOTA,S8,30,0,3,979,Dinner,17.7,184,5,Clear,3,0,86,4.5,22.2,66.8,1,23.2
RB-ORD-100800,Superfast,DDU,A1,65,1,6,542,Lunch,25.9,392,1,Foggy,3,9.2,86,6.8,32.7,65.5,1,35.1
RB-ORD-100801,Rajdhani,KOTA,S1,11,0,4,616,LateNight,18.8,428,5,Clear,5,0,65,10.5,29.3,40.7,1,30.9
RB-ORD-100802,Vande Bharat,PRYJ,B2,32,1,2,544,Snacks,12.5,162,4,Foggy,5,20.3,58,3.7,16.2,67.1,1,18.4
RB-ORD-100803,Vande Bharat,DDU,B5,4,1,2,622,Snacks,13.4,423,3,Clear,7,7.7,40,8.9,22.3,32.4,1,24.8
RB-ORD-100804,Vande Bharat,MTJ,C1,43,1,4,582,Breakfast,20.9,461,2,Foggy,7,4.6,21,8.8,29.7,2.9,0,29.1
RB-ORD-100805,Superfast,PRYJ,H1,72,1,1,587,Breakfast,13.3,467,5,Clear,10,32.3,57,11.5,24.8,74.5,1,27.0
RB-ORD-100806,Mail Express,BPL,B3,65,1,2,639,LateNight,14.0,201,5,Clear,2,40.6,24,4.9,18.9,47.7,1,20.8
RB-ORD-100807,Superfast,NGP,B5,12,1,2,529,Breakfast,14.9,145,2,Rainy,7,0,71,3.9,18.8,59.2,1,21.2
RB-ORD-100808,Superfast,BRC,E1,42,1,6,395,LateNight,24.0,347,3,Foggy,2,20.5,31,7.3,31.3,22.2,1,33.5
RB-ORD-100809,Shatabdi,AGC,S8,33,0,6,998,Snacks,25.6,337,5,Rainy,15,16.7,67,11.6,37.2,61.5,1,39.9
RB-ORD-100810,Shatabdi,BPL,B1,5,1,6,1036,LateNight,24.8,441,4,Clear,7,6.6,59,10.0,34.8,37.8,1,36.8
RB-ORD-100811,Vande Bharat,AGC,S4,47,0,5,894,Lunch,22.8,295,1,Rainy,2,0,29,7.1,29.9,1.1,0,30.0
RB-ORD-100812,Rajdhani,PRYJ,C2,42,1,6,355,Dinner,24.4,284,2,Clear,15,5.0,83,5.4,29.8,73.2,1,30.8
RB-ORD-100813,Vande Bharat,ST,E1,29,1,6,849,Lunch,27.1,278,4,Foggy,3,28.6,23,6.3,33.4,21.2,1,36.1
RB-ORD-100814,Superfast,AGC,H1,21,1,1,324,Dinner,15.7,252,3,Clear,5,37.4,47,5.3,21.0,68.4,1,22.8
RB-ORD-100815,Rajdhani,MTJ,S8,13,0,5,764,Breakfast,23.3,159,5,Rainy,10,0,56,5.5,28.8,37.2,1,30.6
RB-ORD-100816,Superfast,ST,A1,34,1,4,958,Dinner,21.8,431,5,Clear,5,12.9,24,10.6,32.4,9.5,1,33.4
RB-ORD-100817,Shatabdi,CNB,A2,71,1,6,665,Dinner,26.7,333,1,Foggy,5,12.7,21,5.7,32.4,6.3,1,33.5
RB-ORD-100818,Vande Bharat,BPL,B4,13,1,2,723,Lunch,17.0,313,5,Rainy,10,0,31,10.8,27.8,13.2,1,30.6
RB-ORD-100819,Rajdhani,DDU,A1,67,1,1,433,Breakfast,14.1,453,1,Clear,5,23.3,64,7.8,21.9,70.4,1,23.0
RB-ORD-100820,Rajdhani,DDU,S8,8,0,1,581,Lunch,15.2,448,2,Foggy,7,22.9,47,8.5,23.7,53.2,1,26.0
RB-ORD-100821,Superfast,CNB,B4,52,1,5,357,LateNight,19.5,331,3,Foggy,2,5.3,85,6.9,26.4,65.9,1,29.3
RB-ORD-100822,Superfast,MTJ,B2,68,1,2,266,Breakfast,13.9,398,5,Clear,2,6.8,59,9.8,23.7,44.1,1,26.0
RB-ORD-100823,Vande Bharat,BPL,S8,9,0,1,208,LateNight,14.5,67,5,Foggy,2,12.9,40,1.6,16.1,38.8,1,17.7
RB-ORD-100824,Mail Express,CNB,B2,24,1,3,698,Dinner,21.4,131,2,Foggy,2,0,44,2.5,23.9,22.1,1,26.0
RB-ORD-100825,Superfast,NGP,H1,50,1,4,157,Dinner,24.0,68,2,Clear,7,36.7,24,1.3,25.3,42.4,1,27.4
RB-ORD-100826,Superfast,PRYJ,B4,69,1,4,413,Snacks,19.4,321,2,Foggy,5,0,17,6.1,25.5,-3.5,0,19.5
RB-ORD-100827,Vande Bharat,DDU,S8,27,0,6,758,Dinner,26.7,62,4,Foggy,2,0,38,1.4,28.1,11.9,1,29.3
RB-ORD-100828,Shatabdi,PRYJ,B2,71,1,3,240,Lunch,21.7,320,4,Clear,3,23.7,24,7.3,29.0,21.7,1,30.1
RB-ORD-100829,Superfast,MTJ,A2,58,1,4,193,LateNight,17.6,287,3,Clear,5,16.4,19,6.0,23.6,16.8,1,26.2
RB-ORD-100830,Shatabdi,ST,A1,65,1,5,890,Lunch,24.1,253,4,Clear,2,7.5,41,5.8,29.9,20.6,1,31.9
RB-ORD-100831,Superfast,BRC,S4,22,0,3,897,LateNight,16.9,156,4,Rainy,5,0,63,5.0,21.9,46.1,1,23.5
RB-ORD-100832,Superfast,MTJ,B5,47,1,1,831,Snacks,12.0,150,3,Rainy,5,38.8,72,4.4,16.4,99.4,1,18.3
RB-ORD-100833,Shatabdi,CNB,S8,67,0,5,269,Snacks,23.1,247,1,Clear,10,39.6,88,4.3,27.4,110.2,1,29.9
RB-ORD-100834,Rajdhani,BRC,A1,56,1,4,1034,Lunch,21.4,279,3,Clear,7,6.2,24,5.8,27.2,10.0,1,29.7
RB-ORD-100835,Superfast,ST,S8,48,0,1,796,Dinner,18.2,358,2,Foggy,2,20.7,84,6.8,25.0,81.7,1,26.5
RB-ORD-100836,Shatabdi,ST,B3,63,1,3,641,Dinner,21.3,236,4,Clear,5,40.0,53,5.4,26.7,71.3,1,28.1
RB-ORD-100837,Vande Bharat,AGC,C2,70,1,5,274,Lunch,22.3,99,3,Rainy,7,9.1,32,2.9,25.2,22.9,1,27.9
RB-ORD-100838,Shatabdi,MTJ,E1,68,1,6,256,Dinner,28.2,197,2,Clear,2,27.6,40,3.8,32.0,37.6,1,33.9
RB-ORD-100839,Superfast,BRC,S8,68,0,6,807,Dinner,25.5,273,2,Clear,10,53.7,89,5.2,30.7,122.0,1,33.6
RB-ORD-100840,Vande Bharat,MTJ,B1,27,1,6,689,Snacks,24.0,287,2,Foggy,5,0,75,5.5,29.5,50.5,1,31.3
RB-ORD-100841,Rajdhani,DDU,E1,25,1,1,935,LateNight,14.2,149,2,Clear,5,19.5,88,2.8,17.0,95.5,1,18.3
RB-ORD-100842,Rajdhani,NGP,B3,45,1,2,821,LateNight,14.2,234,3,Rainy,3,9.6,79,6.9,21.1,70.5,1,22.7
RB-ORD-100843,Mail Express,DDU,B3,41,1,5,1039,LateNight,20.2,265,2,Clear,3,12.6,48,5.1,25.3,38.3,1,26.4
RB-ORD-100844,Vande Bharat,PRYJ,B3,56,1,4,315,Snacks,18.3,288,5,Foggy,5,6.2,16,7.1,25.4,1.8,0,24.7
RB-ORD-100845,Mail Express,NGP,A1,57,1,1,556,LateNight,13.9,247,1,Foggy,10,20.5,32,4.3,18.2,44.3,1,20.2
RB-ORD-100846,Vande Bharat,PRYJ,A2,69,1,3,515,Snacks,16.8,85,5,Foggy,5,17.6,53,2.1,18.9,56.7,1,21.5
RB-ORD-100847,Mail Express,KOTA,B4,3,1,5,294,Snacks,22.2,262,4,Foggy,15,0,37,6.0,28.2,23.8,1,31.1
RB-ORD-100848,Vande Bharat,NGP,B4,10,1,4,327,Lunch,20.0,300,2,Clear,5,7.9,64,5.7,25.7,51.2,1,28.2
RB-ORD-100849,Vande Bharat,PRYJ,C2,2,1,2,1087,Lunch,19.4,460,4,Foggy,10,0,54,10.5,29.9,34.1,1,31.5
RB-ORD-100850,Rajdhani,BRC,A2,31,1,3,993,Lunch,22.3,91,1,Foggy,2,0,44,1.6,23.9,22.1,1,25.7
RB-ORD-100851,Vande Bharat,NGP,A2,23,1,2,656,Snacks,15.1,229,4,Rainy,7,38.9,54,7.3,22.4,77.5,1,24.6
RB-ORD-100852,Superfast,KOTA,B3,46,1,1,902,Breakfast,11.8,278,1,Foggy,2,25.2,80,4.8,16.6,90.6,1,17.7
RB-ORD-100853,Superfast,ST,C1,8,1,2,1007,Dinner,17.6,373,3,Clear,5,0,68,7.8,25.4,47.6,1,26.8
RB-ORD-100854,Mail Express,BRC,E1,49,1,2,1043,Snacks,14.5,380,4,Rainy,3,0,18,12.1,26.6,-5.6,0,19.5
RB-ORD-100855,Shatabdi,BPL,H1,29,1,2,1050,Breakfast,13.8,168,5,Rainy,7,40.0,22,5.8,19.6,49.4,1,21.7
RB-ORD-100856,Shatabdi,CNB,C1,33,1,1,591,Breakfast,14.0,375,5,Clear,2,0,74,9.2,23.2,52.8,1,24.9
RB-ORD-100857,Vande Bharat,AGC,S8,4,0,3,774,Breakfast,15.8,173,2,Rainy,10,30.6,71,4.6,20.4,91.2,1,23.0
RB-ORD-100858,Superfast,BRC,B5,59,1,5,898,Snacks,19.9,469,5,Rainy,5,24.5,23,16.2,36.1,16.4,1,38.5
RB-ORD-100859,Shatabdi,DDU,B3,21,1,1,960,Lunch,15.7,408,3,Foggy,3,14.6,60,8.5,24.2,53.4,1,25.5
RB-ORD-100860,Superfast,NGP,S1,1,0,1,954,Lunch,14.9,83,3,Rainy,10,0.9,36,2.4,17.3,29.6,1,19.8
RB-ORD-100861,Superfast,AGC,C1,18,1,3,887,LateNight,19.4,444,2,Clear,5,13.0,52,8.5,27.9,42.1,1,29.6
RB-ORD-100862,Vande Bharat,MTJ,B5,51,1,2,927,Lunch,20.2,211,1,Foggy,5,25.5,79,3.6,23.8,85.7,1,26.3
RB-ORD-100863,Vande Bharat,MTJ,S8,51,0,3,383,Lunch,19.4,328,1,Foggy,5,24.8,34,5.7,25.1,38.7,1,26.5
RB-ORD-100864,Rajdhani,PRYJ,A2,33,1,1,414,LateNight,13.2,83,5,Rainy,5,0,31,2.9,16.1,19.9,1,17.7
RB-ORD-100865,Rajdhani,BPL,B1,35,1,6,643,Dinner,24.8,124,2,Foggy,3,0,57,2.4,27.2,32.8,1,29.1
RB-ORD-100866,Vande Bharat,BRC,B1,7,1,4,379,Snacks,20.3,350,1,Rainy,15,0,88,8.4,28.7,74.3,1,31.1
RB-ORD-100867,Superfast,BRC,H1,33,1,6,130,Breakfast,23.7,201,5,Clear,5,0,60,4.9,28.6,36.4,1,30.4
RB-ORD-100868,Superfast,AGC,H1,38,1,3,733,Dinner,19.8,172,4,Rainy,10,28.7,15,5.5,25.3,28.4,1,27.1
RB-ORD-100869,Rajdhani,CNB,E1,61,1,3,226,Lunch,20.6,316,2,Clear,3,31.3,84,6.0,26.6,91.7,1,28.3
RB-ORD-100870,Vande Bharat,PRYJ,S8,37,0,1,433,Lunch,13.8,69,2,Foggy,5,12.2,61,1.3,15.1,63.1,1,16.9
RB-ORD-100871,Shatabdi,MTJ,H1,48,1,2,826,Dinner,19.1,278,2,Rainy,5,23.6,86,7.4,26.5,88.1,1,28.3
RB-ORD-100872,Mail Express,BRC,H1,41,1,2,387,LateNight,13.6,257,3,Clear,5,7.0,58,5.4,19.0,51.0,1,20.3
RB-ORD-100873,Mail Express,AGC,C2,29,1,1,334,LateNight,14.4,81,5,Rainy,5,30.3,61,2.8,17.2,79.1,1,19.5
RB-ORD-100874,Shatabdi,AGC,B3,72,1,4,1020,Lunch,20.2,377,5,Rainy,2,33.0,26,13.0,33.2,27.8,1,35.2
RB-ORD-100875,Shatabdi,MTJ,A1,35,1,6,621,Lunch,29.0,80,5,Foggy,15,41.6,74,2.0,31.0,99.6,1,34.0
RB-ORD-100876,Superfast,PRYJ,B2,40,1,3,962,Dinner,18.8,257,1,Rainy,15,19.0,72,6.2,25.0,81.0,1,27.6
RB-ORD-100877,Rajdhani,AGC,C2,33,1,1,471,Dinner,13.7,86,5,Clear,10,36.0,84,2.1,15.8,114.2,1,18.5
RB-ORD-100878,Rajdhani,CNB,C2,15,1,6,810,Dinner,28.7,76,4,Rainy,10,0,50,2.4,31.1,28.9,1,33.8
RB-ORD-100879,Vande Bharat,BRC,S8,65,0,6,932,LateNight,25.8,361,1,Rainy,15,3.7,23,8.7,34.5,7.2,0,34.2
RB-ORD-100880,Mail Express,MTJ,B3,30,1,4,373,Snacks,18.1,229,4,Clear,3,0,19,5.2,23.3,-1.3,0,20.5
RB-ORD-100881,Superfast,MTJ,B2,19,1,4,455,Dinner,20.5,454,5,Foggy,5,23.2,85,11.2,31.7,81.5,1,34.4
RB-ORD-100882,Vande Bharat,MTJ,C2,72,1,5,776,LateNight,20.3,404,5,Foggy,7,0,36,9.9,30.2,12.8,1,31.3
RB-ORD-100883,Superfast,ST,S8,68,0,3,222,Snacks,14.9,466,3,Foggy,7,21.9,62,9.8,24.7,66.2,1,26.1
RB-ORD-100884,Superfast,AGC,B2,68,1,3,497,LateNight,17.1,123,4,Rainy,15,38.7,17,3.9,21.0,49.7,1,23.5
RB-ORD-100885,Shatabdi,CNB,S1,13,0,3,887,Snacks,18.5,249,4,Clear,2,11.7,22,5.7,24.2,11.5,1,25.3
RB-ORD-100886,Vande Bharat,BRC,B1,55,1,3,914,Breakfast,17.5,328,2,Rainy,15,0,35,8.8,26.3,23.7,1,27.7
RB-ORD-100887,Mail Express,PRYJ,S8,43,0,6,931,Snacks,24.1,308,5,Clear,15,11.4,41,7.6,31.7,35.7,1,34.3
RB-ORD-100888,Mail Express,KOTA,E1,48,1,1,936,LateNight,12.2,224,3,Rainy,5,0,67,6.6,18.8,53.2,1,20.7
RB-ORD-100889,Shatabdi,PRYJ,E1,60,1,5,839,Lunch,23.6,360,2,Foggy,15,41.1,23,6.9,30.5,48.6,1,32.2
RB-ORD-100890,Mail Express,ST,C2,56,1,6,945,Dinner,25.8,425,4,Rainy,3,0,86,13.5,39.3,49.7,1,40.3
RB-ORD-100891,Rajdhani,MTJ,B5,29,1,6,140,Snacks,21.4,121,2,Clear,5,0,59,2.3,23.7,40.3,1,26.5
RB-ORD-100892,Superfast,NGP,E1,64,1,4,480,Lunch,20.4,139,4,Rainy,2,34.3,71,4.4,24.8,82.5,1,27.0
RB-ORD-100893,Superfast,BRC,H1,56,1,2,879,Snacks,13.2,428,5,Clear,10,24.1,52,10.5,23.7,62.4,1,26.5
RB-ORD-100894,Shatabdi,AGC,S1,71,0,6,223,Dinner,26.2,145,4,Foggy,10,37.0,74,3.3,29.5,91.5,1,30.6
RB-ORD-100895,Shatabdi,CNB,B4,10,1,4,775,Lunch,21.2,307,2,Foggy,3,0,55,5.9,27.1,30.9,1,28.8
RB-ORD-100896,Rajdhani,CNB,A2,60,1,5,281,Breakfast,22.1,260,1,Foggy,5,8.2,70,4.5,26.6,56.6,1,28.2
RB-ORD-100897,Shatabdi,ST,S8,24,0,4,1052,Breakfast,19.2,107,2,Clear,5,1.1,18,2.0,21.2,2.9,1,21.6
RB-ORD-100898,Rajdhani,NGP,A2,57,1,4,535,Snacks,18.0,385,2,Rainy,2,0,56,10.3,28.3,29.7,1,29.9
RB-ORD-100899,Rajdhani,NGP,S4,36,0,2,462,Lunch,17.7,400,1,Foggy,5,10.9,79,6.9,24.6,70.3,1,26.3
RB-ORD-100900,Rajdhani,AGC,S1,5,0,3,583,Lunch,19.5,472,4,Clear,3,0,43,10.7,30.2,15.8,1,32.9
RB-ORD-100901,Mail Express,NGP,B5,46,1,3,972,Snacks,14.7,436,3,Clear,10,10.2,29,9.1,23.8,25.4,1,26.1
RB-ORD-100902,Superfast,ST,A1,21,1,5,1088,Snacks,21.5,468,3,Clear,10,16.1,83,9.8,31.3,77.8,1,32.9
RB-ORD-100903,Vande Bharat,AGC,A1,70,1,5,564,Lunch,24.2,77,4,Rainy,10,21.5,34,2.5,26.7,38.8,1,29.0
RB-ORD-100904,Shatabdi,BPL,B2,47,1,1,614,LateNight,14.5,162,4,Rainy,7,2.4,24,5.2,19.7,13.7,1,22.5
RB-ORD-100905,Shatabdi,DDU,A1,28,1,1,975,Lunch,17.5,331,1,Rainy,5,13.3,49,8.0,25.5,41.8,1,27.8
RB-ORD-100906,Mail Express,MTJ,A2,21,1,1,322,Snacks,11.6,252,1,Rainy,3,0,65,6.1,17.7,50.3,1,19.3
RB-ORD-100907,Superfast,BPL,B4,20,1,2,250,Snacks,12.9,330,1,Rainy,2,57.0,80,8.0,20.9,118.1,1,22.2
RB-ORD-100908,Superfast,BRC,S4,72,0,5,399,Breakfast,21.2,464,3,Foggy,5,42.5,46,9.7,30.9,62.6,1,33.0
RB-ORD-100909,Rajdhani,KOTA,A2,66,1,1,619,LateNight,12.8,472,5,Clear,2,8.6,16,11.6,24.4,2.2,1,25.6
RB-ORD-100910,Rajdhani,BPL,E1,66,1,1,679,Breakfast,11.3,424,1,Rainy,2,11.5,39,10.2,21.5,31.0,1,23.2
RB-ORD-100911,Rajdhani,PRYJ,E1,15,1,6,859,Breakfast,24.8,396,4,Rainy,10,0,43,12.6,37.4,15.6,1,40.0
RB-ORD-100912,Mail Express,DDU,B1,24,1,1,916,Lunch,16.7,351,3,Clear,3,33.7,67,7.3,24.0,79.7,1,25.8
RB-ORD-100913,Vande Bharat,BRC,B3,38,1,4,578,Dinner,23.4,237,5,Rainy,5,33.1,79,8.2,31.6,85.5,1,33.6
RB-ORD-100914,Vande Bharat,NGP,C2,21,1,1,588,Snacks,14.7,430,3,Foggy,5,30.6,89,9.0,23.7,100.9,1,25.9
RB-ORD-100915,Vande Bharat,NGP,B1,20,1,1,370,Lunch,15.0,426,1,Clear,5,0,70,7.3,22.3,52.7,1,24.8
RB-ORD-100916,Superfast,BPL,H1,66,1,6,218,Lunch,27.3,89,3,Clear,5,46.6,88,1.9,29.2,110.4,1,30.7
RB-ORD-100917,Mail Express,DDU,S8,51,0,3,784,Breakfast,19.0,421,5,Rainy,5,29.2,60,14.5,33.5,60.7,1,36.3
RB-ORD-100918,Vande Bharat,KOTA,C2,17,1,2,143,Dinner,20.0,257,3,Clear,5,16.4,85,5.4,25.4,81.0,1,26.6
RB-ORD-100919,Vande Bharat,NGP,B2,28,1,6,1007,LateNight,21.8,441,1,Rainy,7,11.8,77,10.6,32.4,63.4,1,34.8
RB-ORD-100920,Mail Express,AGC,S4,32,0,3,1025,Breakfast,16.0,477,3,Foggy,5,34.6,62,10.0,26.0,75.6,1,28.7
RB-ORD-100921,Superfast,PRYJ,S1,46,0,5,678,LateNight,20.9,160,2,Clear,5,0,16,3.1,24.0,-3.0,0,18.5
RB-ORD-100922,Mail Express,NGP,C2,19,1,4,566,Lunch,22.5,102,2,Clear,5,19.2,68,1.9,24.4,67.8,1,26.3
RB-ORD-100923,Vande Bharat,CNB,B2,69,1,2,747,LateNight,15.2,443,1,Foggy,7,0,58,7.6,22.8,42.2,1,24.1
RB-ORD-100924,Vande Bharat,PRYJ,B1,12,1,4,629,Breakfast,17.4,211,3,Foggy,2,0,68,4.4,21.8,48.2,1,24.5
RB-ORD-100925,Rajdhani,KOTA,C1,50,1,6,896,LateNight,22.3,108,3,Rainy,5,14.9,73,3.2,25.5,67.4,1,27.9
RB-ORD-100926,Mail Express,BRC,B1,28,1,2,1092,Lunch,17.6,399,4,Foggy,3,28.9,82,9.1,26.7,87.2,1,29.6
RB-ORD-100927,Mail Express,ST,A2,55,1,6,618,Snacks,21.7,398,1,Rainy,15,12.2,32,9.6,31.3,27.9,1,32.9
RB-ORD-100928,Mail Express,AGC,S1,33,0,2,879,Dinner,15.5,103,5,Foggy,5,0,65,2.5,18.0,52.0,1,19.9
RB-ORD-100929,Superfast,DDU,C2,45,1,6,347,Lunch,25.3,375,2,Foggy,5,20.3,33,7.2,32.5,25.8,1,33.8
RB-ORD-100930,Vande Bharat,BPL,C2,64,1,4,581,Lunch,21.6,405,3,Rainy,15,21.2,47,11.9,33.5,49.7,1,34.6
RB-ORD-100931,Rajdhani,PRYJ,S1,45,0,2,215,Breakfast,14.3,331,2,Rainy,5,24.9,70,8.8,23.1,76.8,1,25.3
RB-ORD-100932,Superfast,PRYJ,H1,70,1,5,1014,Snacks,21.3,412,5,Clear,2,11.6,51,10.1,31.4,33.2,1,33.9
RB-ORD-100933,Vande Bharat,BPL,S8,65,0,5,438,Dinner,26.1,409,5,Rainy,2,0,64,14.1,40.2,25.8,1,41.6
RB-ORD-100934,Shatabdi,AGC,B3,7,1,2,1076,Snacks,16.7,424,4,Rainy,10,0,25,13.5,30.2,4.8,0,30.0
RB-ORD-100935,Shatabdi,NGP,C1,57,1,6,583,LateNight,25.1,170,4,Foggy,3,35.4,81,3.9,29.0,90.4,1,31.5
RB-ORD-100936,Rajdhani,AGC,E1,42,1,5,855,Snacks,19.7,93,1,Foggy,7,11.1,89,1.6,21.3,85.8,1,23.7
RB-ORD-100937,Shatabdi,MTJ,B3,30,1,6,460,Breakfast,23.3,265,2,Clear,5,16.7,73,5.1,28.4,66.3,1,30.4
RB-ORD-100938,Mail Express,NGP,E1,46,1,3,904,LateNight,17.5,422,4,Foggy,15,32.3,74,9.6,27.1,94.2,1,29.2
RB-ORD-100939,Vande Bharat,KOTA,B1,6,1,5,855,Breakfast,23.1,401,4,Clear,2,11.5,27,9.1,32.2,8.3,1,34.4
RB-ORD-100940,Superfast,KOTA,A1,11,1,3,620,Snacks,15.9,358,1,Foggy,7,0.7,28,6.2,22.1,13.6,1,24.2
RB-ORD-100941,Superfast,MTJ,B2,2,1,6,643,Breakfast,22.1,140,2,Clear,5,0,60,2.7,24.8,40.2,1,26.8
RB-ORD-100942,Shatabdi,DDU,A2,55,1,3,840,Lunch,18.6,82,3,Foggy,5,10.1,81,1.7,20.3,75.8,1,21.5
RB-ORD-100943,Rajdhani,DDU,H1,20,1,6,459,Breakfast,22.8,281,4,Clear,5,23.8,47,6.4,29.2,46.6,1,30.9
RB-ORD-100944,Superfast,MTJ,H1,57,1,2,376,Lunch,19.7,225,1,Rainy,7,53.4,83,5.4,25.1,118.3,1,26.5
RB-ORD-100945,Rajdhani,ST,B5,57,1,5,214,Snacks,22.1,321,1,Clear,15,46.1,76,5.5,27.6,109.5,1,30.5
RB-ORD-100946,Superfast,BRC,S8,5,0,4,982,Snacks,19.8,314,3,Rainy,10,29.4,67,9.2,29.0,77.4,1,30.9
RB-ORD-100947,Rajdhani,MTJ,B2,22,1,3,906,Lunch,21.5,436,1,Rainy,10,0,69,10.5,32.0,47.0,1,33.4
RB-ORD-100948,Shatabdi,AGC,A2,48,1,6,267,Snacks,23.6,223,1,Rainy,15,11.9,63,5.4,29.0,60.9,1,30.9
RB-ORD-100949,Mail Express,BRC,C1,8,1,6,631,Lunch,25.5,431,4,Foggy,5,25.1,53,9.8,35.3,47.8,1,37.8
RB-ORD-100950,Rajdhani,KOTA,S8,49,0,1,386,LateNight,13.6,181,1,Foggy,5,0,66,3.1,16.7,54.3,1,19.2
RB-ORD-100951,Superfast,KOTA,E1,57,1,3,523,Snacks,16.2,382,5,Rainy,5,15.4,89,13.2,29.4,80.0,1,32.1
RB-ORD-100952,Superfast,NGP,B4,3,1,1,787,Dinner,16.8,120,1,Clear,10,8.3,33,2.1,18.9,32.4,1,20.6
RB-ORD-100953,Rajdhani,NGP,B5,8,1,4,642,Dinner,20.3,439,3,Foggy,2,23.3,53,9.2,29.5,48.8,1,32.0
RB-ORD-100954,Vande Bharat,MTJ,C1,32,1,5,545,Snacks,22.8,364,3,Clear,15,0,35,7.6,30.4,19.6,1,32.6
RB-ORD-100955,Mail Express,NGP,H1,59,1,4,833,Breakfast,20.7,302,1,Rainy,7,0,53,7.3,28.0,32.0,1,31.0
RB-ORD-100956,Mail Express,DDU,A2,13,1,3,419,LateNight,14.8,125,5,Clear,15,9.5,16,3.1,17.9,22.6,1,19.4
RB-ORD-100957,Rajdhani,AGC,B3,51,1,5,705,Lunch,24.2,339,5,Rainy,5,18.5,68,11.7,35.9,55.6,1,37.5
RB-ORD-100958,Shatabdi,MTJ,H1,11,1,6,258,LateNight,24.7,390,3,Clear,5,12.8,37,8.2,32.9,21.9,1,34.0
RB-ORD-100959,Mail Express,BPL,C2,53,1,1,604,Dinner,14.3,248,3,Foggy,7,2.2,58,5.2,19.5,47.7,1,22.3
RB-ORD-100960,Mail Express,BPL,S1,63,0,6,146,Dinner,28.0,340,2,Clear,2,8.3,34,6.5,34.5,9.8,1,36.7
RB-ORD-100961,Vande Bharat,AGC,A1,19,1,5,994,Dinner,23.8,366,4,Foggy,15,0,28,8.3,32.1,10.9,1,33.7
RB-ORD-100962,Vande Bharat,NGP,S1,40,0,6,630,Snacks,22.8,292,2,Rainy,5,39.0,61,7.8,30.6,74.4,1,33.4
RB-ORD-100963,Vande Bharat,BRC,C2,2,1,1,683,Snacks,12.6,266,3,Foggy,2,0,82,5.6,18.2,65.8,1,20.8
RB-ORD-100964,Shatabdi,ST,C1,44,1,5,233,Breakfast,19.0,388,5,Rainy,2,0,28,13.4,32.4,-2.4,0,29.0
RB-ORD-100965,Superfast,MTJ,S4,63,0,3,379,Dinner,21.5,340,4,Rainy,3,17.2,90,10.8,32.3,77.9,1,34.1
RB-ORD-100966,Superfast,CNB,A2,43,1,2,1078,Lunch,17.6,440,5,Clear,5,33.5,71,10.8,28.4,81.1,1,30.2
RB-ORD-100967,Vande Bharat,AGC,H1,19,1,2,932,Dinner,17.8,165,5,Clear,3,5.6,24,4.1,21.9,10.7,1,24.7
RB-ORD-100968,Superfast,AGC,B5,41,1,1,450,Lunch,14.8,384,1,Clear,5,21.4,16,6.6,21.4,21.0,1,22.9
RB-ORD-100969,Vande Bharat,NGP,B1,62,1,6,697,Dinner,26.5,269,4,Clear,3,0,49,6.1,32.6,19.4,1,33.6
RB-ORD-100970,Mail Express,BPL,S4,15,0,5,690,Breakfast,23.9,178,4,Rainy,5,30.9,77,5.7,29.6,83.3,1,31.5
RB-ORD-100971,Vande Bharat,DDU,H1,68,1,5,478,LateNight,20.7,395,3,Rainy,5,11.6,79,11.6,32.3,63.3,1,34.2
RB-ORD-100972,Vande Bharat,BRC,C2,69,1,3,388,Snacks,19.2,184,5,Foggy,10,0,23,4.5,23.7,9.3,1,25.3
RB-ORD-100973,Shatabdi,MTJ,B5,62,1,4,614,Snacks,18.2,293,4,Clear,15,23.2,35,6.7,24.9,48.3,1,26.6
RB-ORD-100974,Rajdhani,DDU,B2,71,1,5,972,LateNight,21.5,402,5,Rainy,7,18.1,62,13.9,35.4,51.7,1,38.1
RB-ORD-100975,Vande Bharat,KOTA,C1,24,1,5,161,Breakfast,22.7,284,2,Clear,7,26.8,90,5.4,28.1,95.7,1,29.9
RB-ORD-100976,Mail Express,BPL,B5,5,1,3,866,LateNight,16.1,154,3,Clear,5,13.1,50,3.2,19.3,48.8,1,21.1
RB-ORD-100977,Superfast,BRC,B3,25,1,5,359,Lunch,26.0,425,3,Clear,10,13.4,58,8.9,34.9,46.5,1,37.1
RB-ORD-100978,Superfast,BPL,E1,70,1,1,704,Dinner,16.2,60,5,Clear,5,29.3,30,1.5,17.7,46.6,1,19.7
RB-ORD-100979,Superfast,BPL,S8,61,0,5,787,LateNight,20.2,361,4,Clear,15,0,39,8.2,28.4,25.6,1,30.3
RB-ORD-100980,Mail Express,PRYJ,C1,32,1,4,985,Dinner,22.3,351,4,Rainy,2,21.3,87,11.2,33.5,76.8,1,35.5
RB-ORD-100981,Shatabdi,BPL,B1,8,1,6,778,Snacks,23.2,372,1,Rainy,7,2.7,20,9.0,32.2,-2.5,0,26.2
RB-ORD-100982,Rajdhani,MTJ,S4,30,0,6,306,Lunch,26.4,141,3,Rainy,7,15.4,33,4.1,30.5,24.9,1,32.1
RB-ORD-100983,Vande Bharat,ST,A1,39,1,6,200,Snacks,22.2,342,4,Rainy,15,29.7,30,10.9,33.1,41.6,1,34.4
RB-ORD-100984,Shatabdi,PRYJ,B2,71,1,4,806,Breakfast,19.3,424,3,Foggy,5,20.0,15,8.9,28.2,11.8,1,30.7
RB-ORD-100985,Mail Express,ST,A1,26,1,6,521,Snacks,24.3,249,1,Foggy,15,0.4,33,4.3,28.6,19.8,1,31.1
RB-ORD-100986,Rajdhani,BPL,B2,25,1,1,538,LateNight,10.5,125,5,Rainy,15,16.8,38,4.3,14.8,55.0,1,16.0
RB-ORD-100987,Superfast,PRYJ,B4,71,1,4,920,Breakfast,19.6,476,5,Clear,15,23.8,81,11.7,31.3,88.5,1,33.8
RB-ORD-100988,Rajdhani,CNB,C1,22,1,3,206,Lunch,18.8,278,2,Rainy,3,7.0,76,7.4,26.2,59.8,1,28.3
RB-ORD-100989,Mail Express,BPL,S1,28,0,1,537,LateNight,14.8,276,4,Rainy,5,17.4,69,8.8,23.6,67.8,1,24.9
RB-ORD-100990,Mail Express,NGP,A2,44,1,6,543,Breakfast,23.1,239,5,Rainy,15,0,76,8.2,31.3,59.7,1,33.0
RB-ORD-100991,Vande Bharat,BPL,B5,13,1,1,446,Dinner,14.1,412,5,Rainy,5,26.9,60,14.2,28.3,63.6,1,30.6
RB-ORD-100992,Mail Express,PRYJ,B2,4,1,6,673,Snacks,22.3,308,5,Rainy,15,9.9,34,10.6,32.9,26.0,1,34.5
RB-ORD-100993,Shatabdi,MTJ,S8,20,0,1,659,Breakfast,12.0,464,4,Clear,5,26.7,29,10.6,22.6,38.1,1,25.1
RB-ORD-100994,Shatabdi,DDU,B4,15,1,4,508,Breakfast,20.6,480,1,Foggy,3,13.5,69,8.3,28.9,56.6,1,30.1
RB-ORD-100995,Shatabdi,NGP,A2,12,1,2,783,Snacks,12.6,219,3,Clear,5,3.3,71,4.6,17.2,62.1,1,19.3
RB-ORD-100996,Rajdhani,PRYJ,S4,18,0,2,761,Dinner,18.5,79,4,Clear,10,0,88,1.8,20.3,77.7,1,21.9
RB-ORD-100997,Shatabdi,DDU,B4,43,1,4,784,Snacks,19.6,266,3,Foggy,2,16.3,43,5.6,25.2,36.1,1,27.2
RB-ORD-100998,Vande Bharat,CNB,A1,42,1,5,1058,Breakfast,22.6,180,3,Rainy,2,0,82,5.3,27.9,56.1,1,29.0
RB-ORD-100999,Shatabdi,KOTA,B5,35,1,6,771,LateNight,21.4,80,1,Foggy,10,4.1,66,1.4,22.8,57.3,1,24.3
RB-ORD-101000,Vande Bharat,DDU,C1,71,1,1,399,LateNight,13.4,221,1,Foggy,10,0,78,3.8,17.2,70.8,1,18.8
RB-ORD-101001,Mail Express,NGP,B2,57,1,1,698,LateNight,15.0,316,1,Foggy,15,42.1,41,5.4,20.4,77.7,1,23.2
RB-ORD-101002,Superfast,PRYJ,S1,14,0,2,1034,Breakfast,15.4,407,2,Clear,5,27.0,63,7.8,23.2,71.8,1,25.3
RB-ORD-101003,Shatabdi,ST,B2,49,1,3,453,Snacks,15.4,238,2,Rainy,10,3.1,34,6.4,21.8,25.3,1,23.6
RB-ORD-101004,Vande Bharat,MTJ,A2,65,1,4,524,Lunch,23.8,387,5,Clear,7,21.5,78,9.5,33.3,73.2,1,36.2
RB-ORD-101005,Superfast,CNB,A1,5,1,5,181,LateNight,20.1,448,3,Foggy,15,0,30,9.4,29.5,15.5,1,32.0
RB-ORD-101006,Rajdhani,NGP,B1,36,1,2,511,Breakfast,12.8,273,3,Rainy,5,14.7,72,8.0,20.8,70.9,1,21.9
RB-ORD-101007,Shatabdi,CNB,C2,14,1,3,309,Dinner,20.8,366,4,Rainy,5,3.2,59,11.7,32.5,34.7,1,35.0
RB-ORD-101008,Shatabdi,BPL,B5,12,1,6,809,LateNight,24.0,190,5,Clear,5,0,74,4.7,28.7,50.3,1,30.7
RB-ORD-101009,Superfast,KOTA,B1,25,1,5,947,Lunch,23.6,148,4,Rainy,5,38.6,65,4.7,28.3,80.3,1,30.6
RB-ORD-101010,Rajdhani,MTJ,B5,16,1,3,567,Snacks,16.8,123,2,Rainy,2,0,36,3.3,20.1,17.9,1,21.8
RB-ORD-101011,Shatabdi,KOTA,A1,46,1,3,514,Breakfast,15.4,105,2,Foggy,5,19.8,33,2.0,17.4,40.4,1,19.5
RB-ORD-101012,Rajdhani,BPL,A1,10,1,1,709,Snacks,14.1,306,3,Rainy,5,0,61,9.0,23.1,42.9,1,24.1
RB-ORD-101013,Superfast,PRYJ,S1,8,0,5,1046,Snacks,19.8,156,2,Foggy,5,0,16,3.0,22.8,-1.8,0,18.5
RB-ORD-101014,Vande Bharat,DDU,B4,63,1,5,1078,Breakfast,21.0,141,4,Foggy,5,19.6,34,3.2,24.2,34.4,1,25.7
RB-ORD-101015,Vande Bharat,NGP,B3,58,1,4,1057,Dinner,22.3,320,1,Rainy,5,24.0,70,7.7,30.0,69.0,1,32.2
RB-ORD-101016,Shatabdi,NGP,S1,58,0,6,843,Dinner,25.6,370,5,Rainy,5,1.0,88,12.8,38.4,55.6,1,39.8
RB-ORD-101017,Rajdhani,AGC,A2,63,1,3,772,Dinner,20.6,62,3,Clear,10,0,67,1.3,21.9,55.1,1,23.4
RB-ORD-101018,Superfast,MTJ,S8,65,0,2,901,Lunch,17.4,425,2,Clear,5,11.2,24,8.1,25.5,14.7,1,28.2
RB-ORD-101019,Superfast,MTJ,S4,2,0,3,369,Snacks,15.6,394,3,Clear,5,6.6,85,8.2,23.8,72.8,1,26.4
RB-ORD-101020,Rajdhani,PRYJ,B1,14,1,4,532,Snacks,18.0,129,5,Foggy,2,0.5,35,3.2,21.2,16.3,1,22.3
RB-ORD-101021,Rajdhani,DDU,B4,65,1,5,976,LateNight,22.9,402,2,Foggy,7,27.1,39,7.7,30.6,42.5,1,32.7
RB-ORD-101022,Mail Express,BRC,A1,63,1,2,386,Breakfast,15.8,456,4,Rainy,3,19.3,17,14.5,30.3,9.0,1,31.3
RB-ORD-101023,Superfast,KOTA,B4,49,1,3,181,Snacks,15.5,133,3,Rainy,2,0,33,3.9,19.4,15.6,1,22.1
RB-ORD-101024,Superfast,PRYJ,S8,17,0,2,1075,Snacks,17.2,110,2,Clear,5,40.8,69,2.1,19.3,95.5,1,21.0
RB-ORD-101025,Superfast,KOTA,B2,8,1,5,416,Breakfast,21.5,393,1,Clear,7,33.1,76,6.8,28.3,87.8,1,30.1
RB-ORD-101026,Mail Express,PRYJ,B2,5,1,5,746,Dinner,26.3,276,5,Foggy,7,0,38,6.8,33.1,11.9,1,34.9
RB-ORD-101027,Shatabdi,ST,S1,28,0,4,685,Breakfast,17.9,160,1,Rainy,5,7.1,29,3.9,21.8,19.3,1,23.9
RB-ORD-101028,Superfast,BRC,B5,26,1,5,138,Lunch,22.1,86,3,Foggy,2,30.8,34,1.8,23.9,42.9,1,26.6
RB-ORD-101029,Superfast,KOTA,A2,6,1,4,127,Lunch,24.3,289,5,Foggy,5,4.6,78,7.1,31.4,56.2,1,33.4
RB-ORD-101030,Mail Express,PRYJ,S4,22,0,1,356,Lunch,13.8,229,2,Rainy,5,44.8,83,6.1,19.9,112.9,1,21.2
RB-ORD-101031,Vande Bharat,KOTA,B3,59,1,6,815,Lunch,28.5,187,5,Rainy,5,30.4,19,6.4,34.9,19.5,1,37.3
RB-ORD-101032,Shatabdi,MTJ,C2,48,1,3,360,Breakfast,16.4,197,4,Foggy,10,27.6,54,4.5,20.9,70.7,1,23.0
RB-ORD-101033,Rajdhani,MTJ,E1,23,1,6,396,Dinner,25.4,239,3,Clear,10,46.1,67,5.0,30.4,92.7,1,33.4
RB-ORD-101034,Shatabdi,ST,B5,44,1,5,369,LateNight,19.1,439,4,Rainy,7,9.2,19,14.0,33.1,2.1,0,31.7
RB-ORD-101035,Rajdhani,DDU,S4,7,0,6,312,Breakfast,22.3,245,5,Rainy,5,7.0,27,8.4,30.7,8.3,1,33.1
RB-ORD-101036,Rajdhani,CNB,B4,27,1,2,232,Snacks,14.5,69,1,Foggy,10,6.7,89,1.2,15.7,90.0,1,16.8
RB-ORD-101037,Shatabdi,NGP,B1,12,1,5,813,Lunch,22.8,149,4,Clear,7,54.2,38,3.4,26.2,73.0,1,27.3
RB-ORD-101038,Mail Express,AGC,B2,50,1,6,402,Lunch,25.4,254,1,Rainy,10,13.9,44,6.1,31.5,36.4,1,33.1
RB-ORD-101039,Mail Express,KOTA,B4,14,1,1,185,Dinner,14.8,438,3,Clear,15,0,30,9.2,24.0,21.0,1,25.1
RB-ORD-101040,Rajdhani,DDU,S8,47,0,1,687,Breakfast,14.4,447,3,Foggy,2,0,15,9.4,23.8,-6.8,0,16.0
RB-ORD-101041,Superfast,AGC,S8,46,0,2,941,Dinner,16.6,153,3,Clear,7,39.6,62,3.2,19.8,88.8,1,21.0
RB-ORD-101042,Rajdhani,KOTA,C1,24,1,5,922,Dinner,24.0,227,4,Rainy,3,28.8,21,7.2,31.2,21.6,1,32.2
RB-ORD-101043,Shatabdi,DDU,B3,25,1,3,1024,Dinner,17.8,301,1,Rainy,15,25.3,51,7.3,25.1,66.2,1,27.1
RB-ORD-101044,Vande Bharat,KOTA,B3,64,1,6,759,LateNight,23.2,122,3,Rainy,7,19.4,35,3.6,26.8,34.6,1,28.9
RB-ORD-101045,Mail Express,DDU,C1,68,1,5,946,Breakfast,23.3,118,1,Rainy,5,3.6,27,2.8,26.1,9.5,1,27.2
RB-ORD-101046,Vande Bharat,CNB,B2,21,1,3,838,LateNight,19.4,285,2,Rainy,7,13.2,54,7.6,27.0,47.2,1,28.1
RB-ORD-101047,Vande Bharat,MTJ,B2,61,1,6,390,Breakfast,25.7,222,1,Foggy,2,0,67,3.8,29.5,39.5,1,31.6
RB-ORD-101048,Superfast,ST,B4,33,1,1,1034,Breakfast,12.2,105,4,Foggy,3,21.1,78,2.4,14.6,87.5,1,15.7
RB-ORD-101049,Rajdhani,AGC,S8,5,0,1,226,Lunch,18.0,383,1,Rainy,5,13.4,83,9.2,27.2,74.2,1,29.1
RB-ORD-101050,Rajdhani,AGC,A1,61,1,5,509,Snacks,19.2,351,1,Rainy,5,19.7,16,8.5,27.7,13.0,1,30.0
RB-ORD-101051,Shatabdi,CNB,E1,17,1,4,860,Breakfast,18.3,122,4,Foggy,15,16.3,85,2.8,21.1,95.2,1,23.8
RB-ORD-101052,Vande Bharat,CNB,C2,23,1,3,796,Breakfast,16.2,209,4,Clear,5,2.8,75,4.8,21.0,61.8,1,23.9
RB-ORD-101053,Vande Bharat,CNB,C2,68,1,2,249,Lunch,15.8,321,3,Clear,10,16.9,52,6.7,22.5,56.4,1,24.3
RB-ORD-101054,Vande Bharat,PRYJ,C2,45,1,1,762,Snacks,11.6,412,4,Foggy,5,17.0,45,9.4,21.0,46.0,1,22.8
RB-ORD-101055,Vande Bharat,BRC,E1,64,1,3,554,Snacks,18.9,357,3,Rainy,5,27.6,44,10.5,29.4,47.2,1,30.4
RB-ORD-101056,Rajdhani,BPL,S8,37,0,1,218,Lunch,16.4,208,4,Rainy,3,23.1,43,6.6,23.0,46.1,1,25.5
RB-ORD-101057,Vande Bharat,BRC,C2,2,1,4,676,LateNight,20.2,224,4,Foggy,2,0,76,5.1,25.3,52.7,1,27.8
RB-ORD-101058,Rajdhani,BRC,S1,68,0,2,134,Snacks,15.6,310,3,Clear,7,6.8,50,6.5,22.1,41.7,1,24.8
RB-ORD-101059,Vande Bharat,AGC,B5,29,1,3,790,LateNight,15.1,278,5,Rainy,5,13.2,70,9.6,24.7,63.5,1,27.2
RB-ORD-101060,Vande Bharat,BPL,E1,31,1,1,801,Dinner,18.1,467,5,Rainy,2,0,47,16.1,34.2,14.8,1,35.6
RB-ORD-101061,Rajdhani,BRC,C1,15,1,5,455,LateNight,20.8,349,1,Rainy,15,0,49,8.4,29.2,34.8,1,30.9
RB-ORD-101062,Shatabdi,ST,S4,45,0,4,1063,LateNight,18.1,433,2,Clear,3,0,82,8.3,26.4,58.6,1,28.2
RB-ORD-101063,Mail Express,ST,A2,27,1,6,1019,LateNight,21.7,365,3,Foggy,5,49.8,51,7.6,29.3,76.5,1,32.0
RB-ORD-101064,Rajdhani,NGP,B3,63,1,5,781,LateNight,21.5,163,1,Clear,2,31.8,65,2.8,24.3,74.5,1,26.8
RB-ORD-101065,Vande Bharat,BRC,H1,43,1,5,262,LateNight,20.6,308,4,Clear,5,12.4,41,7.0,27.6,30.8,1,28.9
RB-ORD-101066,Rajdhani,AGC,S1,45,0,4,246,Dinner,24.6,193,1,Clear,15,19.4,29,3.3,27.9,35.5,1,29.3
RB-ORD-101067,Vande Bharat,MTJ,S8,64,0,2,267,Lunch,16.3,461,1,Rainy,15,0.8,44,11.1,27.4,32.4,1,29.8
RB-ORD-101068,Shatabdi,KOTA,B1,33,1,2,155,Dinner,16.7,249,5,Foggy,5,0,76,6.1,22.8,58.2,1,24.7
RB-ORD-101069,Mail Express,DDU,B5,19,1,3,171,Snacks,17.8,61,5,Foggy,5,17.4,57,1.5,19.3,60.1,1,21.0
RB-ORD-101070,Mail Express,MTJ,H1,29,1,4,422,Lunch,22.7,292,2,Rainy,5,47.9,73,7.8,30.5,95.4,1,31.9
RB-ORD-101071,Rajdhani,NGP,S8,10,0,2,716,Lunch,18.6,182,2,Clear,5,33.0,56,3.5,22.1,71.9,1,23.2
RB-ORD-101072,Rajdhani,MTJ,A1,25,1,3,1088,Breakfast,19.5,202,5,Clear,5,28.0,66,5.0,24.5,74.5,1,27.2
RB-ORD-101073,Shatabdi,BRC,B3,28,1,2,962,Lunch,19.3,328,3,Clear,5,31.1,36,6.9,26.2,45.9,1,29.0
RB-ORD-101074,Superfast,ST,C2,39,1,2,718,Breakfast,17.3,240,5,Clear,15,0,16,5.9,23.2,7.8,1,23.5
RB-ORD-101075,Mail Express,AGC,H1,22,1,1,350,Breakfast,10.2,474,5,Rainy,5,7.7,32,16.3,26.5,18.2,1,27.9
RB-ORD-101076,Rajdhani,BPL,B2,30,1,1,1067,Dinner,16.8,338,5,Foggy,5,16.2,49,8.3,25.1,45.1,1,27.7
RB-ORD-101077,Vande Bharat,PRYJ,B1,26,1,4,773,Snacks,20.8,288,1,Foggy,15,4.2,44,5.0,25.8,37.4,1,28.1
RB-ORD-101078,Mail Express,CNB,A2,22,1,3,982,Snacks,16.8,309,1,Rainy,5,9.8,18,7.5,24.3,8.5,1,25.3
RB-ORD-101079,Vande Bharat,BPL,A1,65,1,5,253,Lunch,24.8,151,5,Rainy,3,12.8,30,5.2,30.0,15.8,1,32.3
RB-ORD-101080,Vande Bharat,PRYJ,A1,8,1,2,866,LateNight,15.4,343,2,Rainy,15,7.8,76,9.2,24.6,74.2,1,27.5
RB-ORD-101081,Mail Express,MTJ,C1,46,1,2,595,Breakfast,16.4,180,2,Rainy,10,42.2,52,4.8,21.2,83.0,1,23.7
RB-ORD-101082,Superfast,ST,A2,53,1,4,817,Dinner,23.6,179,1,Clear,10,34.0,42,3.1,26.7,59.3,1,27.9
RB-ORD-101083,Rajdhani,NGP,C1,12,1,1,724,Snacks,13.8,157,3,Rainy,5,0,18,4.6,18.4,4.6,1,20.5
RB-ORD-101084,Vande Bharat,MTJ,H1,10,1,4,128,Lunch,21.9,475,5,Rainy,5,0.3,18,16.4,38.3,-15.0,0,20.8
RB-ORD-101085,Rajdhani,ST,B5,48,1,5,252,Breakfast,21.2,414,3,Rainy,5,0,27,12.1,33.3,-1.3,0,29.5
RB-ORD-101086,Superfast,PRYJ,B5,62,1,2,270,Snacks,17.1,128,5,Rainy,2,33.3,69,4.4,21.5,82.8,1,23.8
RB-ORD-101087,Rajdhani,BPL,C1,29,1,4,946,Dinner,20.6,442,1,Foggy,3,31.5,31,7.6,28.2,37.3,1,30.4
RB-ORD-101088,Superfast,PRYJ,E1,3,1,2,441,Snacks,15.4,470,4,Clear,3,15.0,87,10.7,26.1,78.9,1,28.2
RB-ORD-101089,Shatabdi,CNB,A1,56,1,3,1094,Dinner,17.8,221,3,Foggy,3,6.9,72,4.6,22.4,59.5,1,23.5
RB-ORD-101090,Shatabdi,BRC,A1,42,1,4,615,Snacks,17.4,261,4,Clear,5,71.7,21,5.9,23.3,74.4,1,25.9
RB-ORD-101091,Mail Express,DDU,S8,32,0,1,1066,Breakfast,14.6,238,5,Clear,5,16.8,47,5.9,20.5,48.3,1,21.6
RB-ORD-101092,Superfast,ST,S4,10,0,3,922,Snacks,17.2,62,1,Rainy,7,6.5,54,1.5,18.7,48.8,1,19.7
RB-ORD-101093,Shatabdi,ST,B1,38,1,6,542,Snacks,22.7,334,4,Rainy,5,0,74,10.6,33.3,45.7,1,35.0
RB-ORD-101094,Shatabdi,NGP,B1,37,1,5,714,LateNight,21.1,221,4,Clear,5,33.1,65,5.0,26.1,77.0,1,27.9
RB-ORD-101095,Rajdhani,AGC,S1,6,0,6,601,LateNight,24.5,114,4,Rainy,3,20.8,26,3.6,28.1,21.7,1,29.8
RB-ORD-101096,Shatabdi,ST,S1,16,0,3,699,Snacks,15.8,233,1,Foggy,2,11.3,54,4.0,19.8,47.5,1,21.7
RB-ORD-101097,Rajdhani,MTJ,B5,10,1,6,563,Snacks,25.4,111,1,Rainy,15,36.0,64,2.7,28.1,86.9,1,30.5
RB-ORD-101098,Vande Bharat,KOTA,C1,32,1,1,717,Dinner,14.0,217,4,Rainy,15,0,22,6.9,20.9,16.1,1,22.1
RB-ORD-101099,Mail Express,CNB,B5,36,1,4,727,Dinner,21.1,217,1,Rainy,7,0,79,5.2,26.3,59.7,1,29.2
RB-ORD-101100,Mail Express,AGC,B3,66,1,1,1007,Breakfast,11.6,441,3,Clear,15,0,31,9.2,20.8,25.2,1,23.3
RB-ORD-101101,Mail Express,KOTA,C2,59,1,6,854,Snacks,23.9,354,3,Foggy,3,25.1,49,7.4,31.3,45.8,1,32.3
RB-ORD-101102,Rajdhani,DDU,S8,40,0,4,467,LateNight,21.2,467,5,Rainy,10,4.3,45,16.1,37.3,22.0,1,38.6
RB-ORD-101103,Shatabdi,PRYJ,C1,65,1,4,693,Breakfast,20.2,304,4,Foggy,15,0,46,6.9,27.1,33.9,1,29.7
RB-ORD-101104,Mail Express,MTJ,B4,58,1,5,166,Snacks,20.8,348,1,Clear,5,15.6,33,6.0,26.8,26.8,1,29.5
RB-ORD-101105,Superfast,BRC,A2,17,1,5,705,Dinner,25.5,264,1,Rainy,15,18.7,70,6.4,31.9,71.8,1,34.3
RB-ORD-101106,Rajdhani,DDU,B2,25,1,3,287,Dinner,20.5,392,5,Rainy,5,0,58,13.5,34.0,29.0,1,35.4
RB-ORD-101107,Superfast,NGP,E1,64,1,1,663,Snacks,12.1,394,4,Rainy,15,8.3,55,12.6,24.7,53.6,1,27.2
RB-ORD-101108,Vande Bharat,DDU,S8,54,0,4,167,Snacks,21.6,116,3,Rainy,15,10.1,76,3.4,25.0,76.1,1,26.1
RB-ORD-101109,Superfast,MTJ,B1,18,1,3,1094,Breakfast,17.7,78,5,Foggy,3,2.1,61,1.9,19.6,46.5,1,22.0
RB-ORD-101110,Mail Express,BPL,H1,42,1,2,499,Dinner,16.7,196,5,Foggy,5,22.8,77,4.8,21.5,83.3,1,23.0
RB-ORD-101111,Shatabdi,BPL,C1,61,1,4,1084,Dinner,19.8,230,1,Clear,5,0,58,4.0,23.8,39.2,1,26.8
RB-ORD-101112,Shatabdi,AGC,C2,2,1,6,580,Lunch,26.8,421,2,Rainy,15,0,31,11.2,38.0,8.0,1,38.5
RB-ORD-101113,Mail Express,BPL,S8,65,0,5,629,Breakfast,21.1,266,1,Foggy,5,9.6,35,4.6,25.7,23.9,1,27.2
RB-ORD-101114,Superfast,DDU,S1,4,0,6,311,Dinner,26.9,388,5,Rainy,5,0,48,13.4,40.3,12.7,1,43.2
RB-ORD-101115,Shatabdi,AGC,C1,47,1,1,177,Dinner,15.7,459,4,Foggy,10,0.3,28,10.5,26.2,12.1,1,28.6
RB-ORD-101116,Shatabdi,KOTA,B5,63,1,1,550,Snacks,10.8,158,4,Foggy,3,17.3,90,3.6,14.4,95.9,1,16.6
RB-ORD-101117,Rajdhani,MTJ,C2,23,1,3,741,Lunch,19.7,303,5,Rainy,2,6.6,27,10.4,30.1,5.5,1,31.2
RB-ORD-101118,Mail Express,PRYJ,B3,27,1,1,609,Breakfast,11.3,443,3,Clear,3,16.6,40,9.3,20.6,39.0,1,23.2
RB-ORD-101119,Mail Express,ST,B3,27,1,4,426,Lunch,23.7,379,3,Clear,10,19.2,88,7.9,31.6,85.6,1,32.8
RB-ORD-101120,Rajdhani,BRC,C1,49,1,6,711,Snacks,24.4,149,5,Foggy,3,3.4,30,3.7,28.1,8.3,1,30.8
RB-ORD-101121,Superfast,CNB,B1,32,1,1,229,LateNight,13.2,109,1,Clear,15,8.7,27,1.9,15.1,35.6,1,17.4
RB-ORD-101122,Rajdhani,AGC,E1,30,1,5,953,Breakfast,22.4,390,5,Rainy,10,51.8,70,13.4,35.8,96.0,1,37.3
RB-ORD-101123,Vande Bharat,DDU,B5,25,1,5,811,Lunch,26.4,206,2,Foggy,15,31.8,60,3.9,30.3,76.5,1,32.4
RB-ORD-101124,Shatabdi,NGP,B4,61,1,6,610,Lunch,27.9,64,2,Rainy,7,0,21,1.7,29.6,-1.6,0,24.5
RB-ORD-101125,Superfast,KOTA,S8,11,0,4,709,Lunch,21.5,161,2,Clear,10,0,35,3.1,24.6,20.4,1,26.4
RB-ORD-101126,Mail Express,DDU,B3,36,1,6,768,Snacks,21.9,345,4,Foggy,5,46.2,74,7.9,29.8,95.4,1,32.3
RB-ORD-101127,Superfast,DDU,B4,66,1,6,659,LateNight,23.4,319,4,Rainy,3,40.9,36,10.2,33.6,46.3,1,35.6
RB-ORD-101128,Superfast,PRYJ,A2,11,1,1,421,Breakfast,13.2,377,4,Rainy,10,0,36,12.0,25.2,20.8,1,26.8
RB-ORD-101129,Shatabdi,BRC,C1,41,1,4,345,Breakfast,17.2,64,4,Foggy,2,15.6,33,1.5,18.7,31.9,1,21.3
RB-ORD-101130,Mail Express,BRC,B3,36,1,2,925,Lunch,17.5,284,5,Rainy,2,12.4,38,9.8,27.3,25.1,1,30.1
RB-ORD-101131,Shatabdi,DDU,A2,29,1,3,445,Breakfast,15.0,118,3,Clear,5,13.7,62,2.5,17.5,63.2,1,19.5
RB-ORD-101132,Shatabdi,NGP,H1,29,1,1,952,Lunch,16.8,426,1,Rainy,2,18.3,20,10.3,27.1,13.2,1,30.1
RB-ORD-101133,Superfast,CNB,S4,25,0,1,1046,Dinner,13.2,113,4,Rainy,10,33.3,18,3.6,16.8,44.5,1,18.2
RB-ORD-101134,Vande Bharat,AGC,E1,62,1,6,794,Breakfast,24.5,208,5,Clear,2,0,27,5.1,29.6,-0.6,0,28.0
RB-ORD-101135,Vande Bharat,BRC,E1,71,1,5,993,Lunch,23.0,255,3,Clear,5,30.6,16,5.3,28.3,23.3,1,29.8
RB-ORD-101136,Mail Express,NGP,A2,7,1,2,1057,Snacks,14.1,429,1,Clear,5,10.0,46,7.4,21.5,39.5,1,24.2
RB-ORD-101137,Superfast,BRC,B2,72,1,6,993,Breakfast,24.9,95,1,Clear,5,48.1,58,1.6,26.5,84.6,1,28.6
RB-ORD-101138,Shatabdi,DDU,E1,53,1,1,970,Lunch,17.2,419,3,Rainy,10,24.4,39,12.3,29.5,43.9,1,32.1
RB-ORD-101139,Superfast,MTJ,S4,56,0,4,170,Snacks,16.8,199,2,Rainy,7,24.0,63,5.3,22.1,71.9,1,23.5
RB-ORD-101140,Superfast,CNB,C2,8,1,4,724,Snacks,20.7,449,4,Foggy,10,28.4,29,10.2,30.9,36.5,1,32.6
RB-ORD-101141,Shatabdi,BRC,C1,67,1,2,630,Dinner,15.9,88,3,Clear,3,0,53,1.8,17.7,38.3,1,20.6
RB-ORD-101142,Rajdhani,BRC,S4,64,0,6,924,Snacks,24.0,265,4,Rainy,15,0,20,8.4,32.4,2.6,0,27.5
RB-ORD-101143,Superfast,BPL,B1,34,1,3,871,Snacks,19.2,452,2,Clear,5,11.5,50,8.6,27.8,38.7,1,30.3
RB-ORD-101144,Superfast,ST,S1,69,0,1,836,Snacks,14.3,176,4,Clear,3,0,57,4.0,18.3,41.7,1,20.6
RB-ORD-101145,Superfast,KOTA,A2,66,1,3,1018,LateNight,18.2,400,5,Rainy,2,16.0,52,13.8,32.0,38.0,1,33.2
RB-ORD-101146,Vande Bharat,ST,H1,49,1,6,671,Breakfast,23.3,99,3,Rainy,2,17.1,20,2.9,26.2,12.9,1,27.6
RB-ORD-101147,Shatabdi,DDU,H1,20,1,6,1074,Lunch,24.4,188,1,Foggy,15,4.8,65,3.2,27.6,57.2,1,30.3
RB-ORD-101148,Rajdhani,BPL,B1,4,1,4,562,Breakfast,20.6,116,5,Clear,15,16.5,59,2.9,23.5,67.0,1,26.3
RB-ORD-101149,Rajdhani,MTJ,H1,71,1,3,303,LateNight,17.7,307,4,Rainy,7,3.9,61,9.8,27.5,44.4,1,30.1
RB-ORD-101150,Superfast,NGP,H1,17,1,6,214,LateNight,24.0,179,3,Foggy,5,14.3,37,3.7,27.7,28.6,1,29.9
RB-ORD-101151,Rajdhani,CNB,B4,2,1,6,726,Lunch,26.0,308,5,Clear,7,1.3,35,7.6,33.6,9.7,1,35.0
RB-ORD-101152,Superfast,MTJ,B5,7,1,5,814,LateNight,20.7,359,3,Clear,5,15.3,20,7.5,28.2,12.1,1,30.8
RB-ORD-101153,Superfast,NGP,S4,69,0,5,149,Breakfast,19.3,170,4,Clear,5,13.1,58,3.9,23.2,52.9,1,24.4
RB-ORD-101154,Rajdhani,PRYJ,S1,5,0,2,486,Dinner,19.6,392,2,Foggy,2,0,23,7.5,27.1,-2.1,0,24.0
RB-ORD-101155,Superfast,AGC,H1,8,1,2,1043,Snacks,16.9,445,1,Rainy,7,4.6,28,10.7,27.6,12.0,1,29.5
RB-ORD-101156,Superfast,KOTA,S4,52,0,3,674,Dinner,21.9,87,2,Foggy,5,28.3,64,1.7,23.6,73.7,1,26.2
RB-ORD-101157,Vande Bharat,NGP,S1,63,0,2,1068,Lunch,15.6,341,1,Clear,5,5.3,37,5.9,21.5,25.8,1,23.3
RB-ORD-101158,Shatabdi,ST,S4,57,0,5,939,Dinner,26.1,334,2,Clear,15,24.8,27,6.4,32.5,34.3,1,34.8
RB-ORD-101159,Shatabdi,BRC,C2,8,1,1,775,Breakfast,15.2,183,5,Rainy,10,0,56,6.3,21.5,44.5,1,23.0
RB-ORD-101160,Rajdhani,ST,B5,56,1,1,350,Snacks,13.7,371,4,Foggy,10,6.6,15,8.4,22.1,9.5,1,24.9
RB-ORD-101161,Superfast,CNB,S4,32,0,4,501,LateNight,17.1,221,5,Clear,5,0,51,5.4,22.5,33.5,1,25.1
RB-ORD-101162,Rajdhani,CNB,H1,2,1,2,620,LateNight,16.6,277,3,Foggy,2,17.0,35,5.8,22.4,31.6,1,24.1
RB-ORD-101163,Vande Bharat,ST,S8,7,0,3,1063,Breakfast,19.1,320,1,Clear,7,2.2,77,5.5,24.6,61.6,1,26.7
RB-ORD-101164,Vande Bharat,MTJ,B5,4,1,4,283,LateNight,19.0,236,3,Clear,7,30.2,15,4.9,23.9,28.3,1,25.3
RB-ORD-101165,Rajdhani,BPL,C1,18,1,5,489,Breakfast,20.3,101,1,Rainy,7,23.9,22,2.4,22.7,30.2,1,25.3
RB-ORD-101166,Mail Express,PRYJ,H1,45,1,1,856,Snacks,14.6,385,3,Clear,5,22.8,30,8.1,22.7,35.1,1,23.9
RB-ORD-101167,Rajdhani,BPL,C1,12,1,3,224,Lunch,22.5,436,3,Clear,2,9.9,78,9.1,31.6,58.3,1,32.7
RB-ORD-101168,Superfast,DDU,S4,28,0,2,941,Lunch,19.3,255,5,Rainy,10,52.9,33,8.8,28.1,67.8,1,30.2
RB-ORD-101169,Mail Express,CNB,H1,29,1,5,596,LateNight,19.9,164,5,Clear,2,36.8,87,4.0,23.9,101.9,1,25.0
RB-ORD-101170,Rajdhani,BPL,A2,26,1,4,950,Breakfast,18.3,476,1,Rainy,3,1.4,34,11.5,29.8,8.6,1,31.2
RB-ORD-101171,Vande Bharat,DDU,E1,39,1,5,208,Lunch,23.1,280,4,Foggy,7,18.8,83,6.4,29.5,79.3,1,31.7
RB-ORD-101172,Vande Bharat,NGP,B5,27,1,4,478,Lunch,23.3,365,3,Clear,5,11.5,55,7.6,30.9,40.6,1,32.6
RB-ORD-101173,Superfast,PRYJ,C2,16,1,3,152,LateNight,15.8,394,1,Foggy,7,27.3,28,6.8,22.6,39.7,1,24.7
RB-ORD-101174,Mail Express,PRYJ,S4,62,0,4,919,Lunch,20.8,203,2,Clear,2,3.1,31,3.9,24.7,11.4,1,27.3
RB-ORD-101175,Vande Bharat,AGC,E1,29,1,6,650,LateNight,25.0,226,1,Foggy,5,2.6,28,3.9,28.9,6.7,1,31.1
RB-ORD-101176,Vande Bharat,MTJ,B1,34,1,1,144,Snacks,12.3,215,4,Clear,10,0,63,4.9,17.2,55.8,1,18.3
RB-ORD-101177,Superfast,KOTA,A2,6,1,6,284,Dinner,25.2,317,1,Rainy,15,0,79,7.6,32.8,61.2,1,34.5
RB-ORD-101178,Superfast,AGC,S1,8,0,5,913,LateNight,23.4,82,5,Clear,5,0,39,2.0,25.4,18.6,1,27.3
RB-ORD-101179,Rajdhani,DDU,C2,70,1,2,421,Dinner,20.0,130,1,Rainy,2,0,74,3.1,23.1,52.9,1,24.1
RB-ORD-101180,Mail Express,NGP,E1,25,1,4,591,LateNight,20.0,94,4,Foggy,5,28.7,79,2.1,22.1,90.6,1,24.2
RB-ORD-101181,Mail Express,NGP,B1,2,1,4,913,Dinner,23.4,143,3,Foggy,3,6.4,35,3.0,26.4,18.0,1,27.7
RB-ORD-101182,Shatabdi,NGP,A1,65,1,1,552,LateNight,11.0,206,1,Clear,15,12.5,32,3.5,14.5,45.0,1,16.8
RB-ORD-101183,Mail Express,MTJ,S4,57,0,1,342,Breakfast,10.2,339,3,Clear,2,17.4,82,7.1,17.3,84.1,1,20.1
RB-ORD-101184,Shatabdi,CNB,S1,59,0,5,707,Breakfast,20.3,467,3,Rainy,5,34.4,39,13.7,34.0,44.4,1,36.1
RB-ORD-101185,Superfast,KOTA,A2,8,1,2,222,Lunch,17.5,88,3,Clear,2,3.3,69,1.8,19.3,55.0,1,22.1
RB-ORD-101186,Mail Express,DDU,H1,39,1,2,775,Breakfast,12.4,419,2,Foggy,15,0,86,8.0,20.4,80.6,1,22.3
RB-ORD-101187,Vande Bharat,BPL,C1,31,1,4,229,Lunch,21.5,223,4,Rainy,15,3.1,17,7.1,28.6,6.5,0,27.6
RB-ORD-101188,Rajdhani,AGC,S8,57,0,2,851,Breakfast,16.6,402,3,Rainy,5,49.2,30,11.8,28.4,55.8,1,30.2
RB-ORD-101189,Vande Bharat,CNB,H1,36,1,6,378,Lunch,25.3,473,1,Clear,3,22.5,78,8.2,33.5,70.0,1,35.2
RB-ORD-101190,Mail Express,MTJ,A2,56,1,2,152,LateNight,15.0,426,4,Rainy,2,10.4,71,13.6,28.6,54.8,1,30.1
RB-ORD-101191,Rajdhani,BRC,A1,57,1,4,421,Dinner,22.4,222,4,Rainy,5,0,29,7.1,29.5,4.5,1,31.2
RB-ORD-101192,Vande Bharat,BPL,A1,39,1,2,389,Snacks,14.7,372,2,Foggy,10,0,66,7.1,21.8,54.2,1,23.9
RB-ORD-101193,Rajdhani,MTJ,B3,18,1,6,550,Dinner,25.8,456,3,Foggy,5,8.4,20,9.5,35.3,-1.9,0,30.9
RB-ORD-101194,Mail Express,KOTA,H1,30,1,5,536,LateNight,22.1,471,2,Foggy,5,13.6,45,9.0,31.1,32.5,1,33.8
RB-ORD-101195,Mail Express,PRYJ,A2,18,1,2,486,Snacks,17.3,90,2,Rainy,10,0,38,2.4,19.7,28.3,1,21.4
RB-ORD-101196,Shatabdi,MTJ,B5,71,1,1,692,Snacks,13.7,455,5,Clear,15,0,25,11.2,24.9,15.1,1,26.2
RB-ORD-101197,Vande Bharat,MTJ,B4,47,1,1,783,Dinner,17.5,259,1,Clear,2,23.3,24,4.5,22.0,27.3,1,24.2
RB-ORD-101198,Superfast,BRC,B5,5,1,5,1048,Breakfast,21.1,242,5,Clear,2,27.3,28,6.0,27.1,30.2,1,29.8
RB-ORD-101199,Shatabdi,BPL,B5,32,1,1,175,Breakfast,12.7,212,2,Rainy,5,32.0,66,5.7,18.4,84.6,1,21.0
RB-ORD-101200,Rajdhani,BPL,B3,17,1,3,801,LateNight,14.9,456,2,Foggy,15,33.4,40,8.7,23.6,64.8,1,24.9
RB-ORD-101201,Superfast,NGP,A1,52,1,5,1027,Breakfast,21.0,93,1,Clear,15,0,22,1.6,22.6,14.4,1,25.2
RB-ORD-101202,Rajdhani,AGC,S8,33,0,1,774,Lunch,15.2,150,2,Rainy,2,0,17,4.0,19.2,-0.2,0,18.0
RB-ORD-101203,Superfast,CNB,B4,40,1,5,781,Snacks,22.4,242,1,Foggy,10,24.2,58,4.2,26.6,65.6,1,29.3
RB-ORD-101204,Vande Bharat,CNB,H1,63,1,6,990,Snacks,21.3,320,3,Clear,3,26.7,67,6.7,28.0,68.7,1,30.4
RB-ORD-101205,Shatabdi,AGC,C1,71,1,5,858,Dinner,26.7,155,1,Rainy,7,0,86,3.7,30.4,62.6,1,31.9
RB-ORD-101206,Rajdhani,BPL,A1,21,1,5,875,Lunch,24.0,200,2,Clear,2,12.6,27,3.8,27.8,13.8,1,28.8
RB-ORD-101207,Vande Bharat,KOTA,S4,64,0,4,841,Snacks,17.5,419,3,Rainy,5,16.0,44,12.3,29.8,35.2,1,31.5
RB-ORD-101208,Superfast,PRYJ,A2,64,1,6,778,Snacks,26.2,301,4,Foggy,2,40.3,52,6.9,33.1,61.2,1,34.4
RB-ORD-101209,Superfast,CNB,S4,62,0,2,925,LateNight,14.7,465,1,Clear,5,9.6,28,8.0,22.7,19.9,1,23.7
RB-ORD-101210,Mail Express,DDU,H1,72,1,3,418,Lunch,20.4,93,4,Foggy,5,11.0,89,2.1,22.5,82.5,1,24.8
RB-ORD-101211,Vande Bharat,BRC,B3,65,1,2,553,Snacks,17.0,452,2,Foggy,7,17.7,75,8.6,25.6,74.1,1,27.2
RB-ORD-101212,Mail Express,BRC,B1,44,1,6,492,Dinner,28.0,330,3,Foggy,3,10.9,61,6.9,34.9,40.0,1,36.4
RB-ORD-101213,Shatabdi,NGP,A1,15,1,6,270,Lunch,26.5,73,5,Rainy,5,7.5,48,2.5,29.0,31.5,1,31.5
RB-ORD-101214,Superfast,AGC,B2,31,1,5,456,LateNight,20.6,290,5,Foggy,5,40.2,45,7.1,27.7,62.5,1,30.2
RB-ORD-101215,Shatabdi,BPL,S4,3,0,6,603,Lunch,24.7,96,2,Foggy,3,5.0,34,1.8,26.5,15.5,1,28.3
RB-ORD-101216,Vande Bharat,BRC,S8,66,0,1,447,Snacks,12.7,171,4,Rainy,15,11.0,85,5.5,18.2,92.8,1,20.5
RB-ORD-101217,Superfast,ST,H1,8,1,3,996,Breakfast,17.8,126,4,Rainy,2,39.2,62,4.0,21.8,81.4,1,24.1
RB-ORD-101218,Vande Bharat,MTJ,A2,23,1,3,850,Lunch,19.9,61,4,Clear,10,2.6,57,1.4,21.3,48.3,1,23.5
RB-ORD-101219,Rajdhani,CNB,C1,63,1,1,612,LateNight,12.7,228,2,Foggy,5,0,71,4.3,17.0,59.0,1,19.4
RB-ORD-101220,Vande Bharat,DDU,S4,56,0,2,518,LateNight,13.8,115,5,Clear,5,0,61,2.8,16.6,49.4,1,18.7
RB-ORD-101221,Vande Bharat,PRYJ,A1,58,1,6,1031,LateNight,21.3,274,3,Clear,5,22.7,66,5.7,27.0,66.7,1,28.2
RB-ORD-101222,Mail Express,DDU,A1,22,1,4,1070,Snacks,18.6,229,2,Rainy,15,0,27,6.1,24.7,17.3,1,26.1
RB-ORD-101223,Vande Bharat,BRC,S8,58,0,5,1083,Lunch,23.9,92,5,Clear,5,18.6,53,2.3,26.2,50.4,1,28.9
RB-ORD-101224,Rajdhani,MTJ,A2,47,1,6,171,Lunch,28.1,147,4,Clear,2,0,17,3.3,31.4,-12.4,0,18.0
RB-ORD-101225,Shatabdi,DDU,C2,46,1,5,806,Dinner,23.6,322,1,Clear,2,18.8,59,5.5,29.1,50.7,1,31.8
RB-ORD-101226,Superfast,AGC,B2,1,1,3,1041,Lunch,18.5,344,4,Rainy,10,18.4,41,11.0,29.5,39.9,1,31.8
RB-ORD-101227,Vande Bharat,MTJ,B5,50,1,2,303,Dinner,19.8,143,3,Foggy,15,14.5,55,3.0,22.8,61.7,1,25.3
RB-ORD-101228,Vande Bharat,PRYJ,H1,18,1,6,146,Dinner,27.9,218,3,Rainy,15,18.8,39,6.4,34.3,38.5,1,35.8
RB-ORD-101229,Mail Express,CNB,C2,15,1,5,843,LateNight,23.9,450,4,Rainy,5,35.1,55,14.3,38.2,56.9,1,39.6
RB-ORD-101230,Shatabdi,AGC,S1,36,0,1,708,Lunch,17.4,290,2,Rainy,15,7.5,24,7.7,25.1,21.4,1,27.4
RB-ORD-101231,Superfast,PRYJ,A1,1,1,6,575,Breakfast,25.7,464,1,Rainy,3,16.3,84,11.2,36.9,66.4,1,39.8
RB-ORD-101232,Rajdhani,PRYJ,A2,58,1,2,139,Dinner,16.8,439,3,Rainy,3,18.4,50,12.9,29.7,41.7,1,31.5
RB-ORD-101233,Rajdhani,DDU,A2,52,1,6,590,Dinner,25.6,60,1,Clear,3,25.5,57,1.0,26.6,58.9,1,27.6
RB-ORD-101234,Vande Bharat,NGP,S8,48,0,3,584,Dinner,19.5,388,4,Foggy,5,16.8,74,8.8,28.3,67.5,1,30.0
RB-ORD-101235,Superfast,AGC,C1,18,1,5,778,Dinner,24.2,226,5,Rainy,5,13.5,25,7.8,32.0,11.5,1,33.0
RB-ORD-101236,Vande Bharat,AGC,B4,7,1,5,922,Snacks,20.6,308,1,Rainy,5,0,30,7.4,28.0,7.0,1,30.7
RB-ORD-101237,Rajdhani,NGP,E1,43,1,2,990,Dinner,16.9,338,5,Clear,2,22.5,56,8.3,25.2,55.3,1,26.2
RB-ORD-101238,Superfast,PRYJ,B2,54,1,2,712,Lunch,17.2,88,4,Clear,10,47.2,29,2.0,19.2,67.0,1,20.4
RB-ORD-101239,Rajdhani,NGP,A2,16,1,4,738,Breakfast,18.1,121,4,Clear,10,34.1,73,2.8,20.9,96.2,1,23.2
RB-ORD-101240,Mail Express,MTJ,H1,56,1,6,327,Breakfast,23.4,350,5,Foggy,5,20.4,67,8.6,32.0,60.4,1,33.8
RB-ORD-101241,Rajdhani,PRYJ,H1,35,1,5,550,Breakfast,22.8,337,5,Clear,5,16.2,80,8.3,31.1,70.1,1,32.7
RB-ORD-101242,Superfast,MTJ,E1,70,1,5,1048,LateNight,21.3,378,4,Clear,5,33.2,42,8.6,29.9,50.3,1,32.9
RB-ORD-101243,Superfast,PRYJ,S8,56,0,2,577,Snacks,12.6,425,4,Foggy,5,43.2,44,9.7,22.3,69.9,1,23.4
RB-ORD-101244,Shatabdi,CNB,H1,43,1,5,483,Breakfast,20.9,137,1,Clear,5,14.4,42,2.4,23.3,38.1,1,24.4
RB-ORD-101245,Shatabdi,NGP,H1,67,1,1,403,Breakfast,14.4,217,5,Foggy,5,18.2,83,5.3,19.7,86.5,1,22.0
RB-ORD-101246,Rajdhani,AGC,H1,11,1,4,931,Snacks,20.1,460,2,Clear,5,25.7,36,8.8,28.9,37.8,1,31.2
RB-ORD-101247,Shatabdi,DDU,A2,31,1,4,671,Breakfast,17.2,183,4,Clear,3,0,23,4.2,21.4,4.6,1,24.0
RB-ORD-101248,Rajdhani,ST,B5,57,1,5,169,Snacks,22.0,90,3,Rainy,5,28.2,51,2.6,24.6,59.6,1,27.0
RB-ORD-101249,Mail Express,BRC,A1,13,1,5,898,Lunch,22.5,420,1,Foggy,5,0,34,7.2,29.7,9.3,1,31.9
RB-ORD-101250,Vande Bharat,NGP,C2,69,1,5,175,Breakfast,22.2,327,1,Foggy,10,12.8,21,5.6,27.8,16.0,1,30.6
RB-ORD-101251,Shatabdi,CNB,E1,11,1,4,1037,Dinner,23.2,371,3,Foggy,10,36.3,27,7.8,31.0,42.3,1,32.3
RB-ORD-101252,Rajdhani,NGP,E1,61,1,1,690,Breakfast,11.0,407,1,Rainy,7,30.3,85,9.8,20.8,101.5,1,22.3
RB-ORD-101253,Superfast,MTJ,C1,42,1,6,615,Lunch,26.0,442,5,Rainy,2,13.5,19,15.2,41.2,-6.7,0,33.5
RB-ORD-101254,Rajdhani,MTJ,A1,72,1,5,565,Lunch,25.2,299,4,Clear,5,23.8,53,6.8,32.0,49.8,1,33.5
RB-ORD-101255,Rajdhani,DDU,B5,45,1,5,1074,Lunch,22.1,474,4,Clear,7,7.9,24,10.8,32.9,6.0,1,34.4
RB-ORD-101256,Shatabdi,DDU,E1,18,1,2,573,Dinner,18.1,355,3,Foggy,15,9.1,22,7.4,25.5,20.6,1,28.2
RB-ORD-101257,Vande Bharat,NGP,S1,23,0,2,751,Snacks,15.1,153,1,Foggy,7,16.6,48,2.6,17.7,53.9,1,19.2
RB-ORD-101258,Rajdhani,BRC,B2,41,1,6,998,Snacks,25.1,404,3,Rainy,10,25.8,50,11.8,36.9,48.9,1,39.6
RB-ORD-101259,Rajdhani,AGC,S4,70,0,3,497,Lunch,18.7,313,2,Clear,5,0,75,6.0,24.7,55.3,1,25.9
RB-ORD-101260,Shatabdi,KOTA,E1,41,1,2,817,Lunch,16.7,134,1,Clear,5,28.3,45,2.3,19.0,59.3,1,21.5
RB-ORD-101261,Mail Express,BPL,C2,62,1,5,1027,Dinner,26.4,251,1,Rainy,10,0,36,6.1,32.5,13.5,1,33.5
RB-ORD-101262,Shatabdi,BPL,C2,42,1,6,655,Breakfast,21.4,407,5,Rainy,5,5.3,52,14.0,35.4,26.9,1,36.7
RB-ORD-101263,Superfast,KOTA,A1,45,1,5,571,Lunch,25.8,382,3,Foggy,5,30.8,72,8.0,33.8,74.0,1,36.5
RB-ORD-101264,Superfast,AGC,A2,3,1,5,181,Snacks,21.1,446,2,Rainy,5,14.8,32,11.9,33.0,18.8,1,35.9
RB-ORD-101265,Rajdhani,NGP,H1,48,1,1,185,Breakfast,10.3,457,2,Rainy,5,0,32,12.2,22.5,14.5,1,25.2
RB-ORD-101266,Rajdhani,CNB,H1,62,1,3,895,Dinner,21.3,105,2,Foggy,10,0,42,2.0,23.3,28.7,1,26.3
RB-ORD-101267,Mail Express,DDU,S1,61,0,1,657,Breakfast,13.1,438,1,Foggy,7,0,46,7.5,20.6,32.4,1,23.2
RB-ORD-101268,Vande Bharat,AGC,S8,50,0,3,583,Snacks,15.9,207,3,Clear,15,11.2,64,4.3,20.2,70.0,1,21.4
RB-ORD-101269,Shatabdi,NGP,B3,22,1,2,132,LateNight,15.8,469,2,Foggy,5,16.6,50,8.9,24.7,46.9,1,26.9
RB-ORD-101270,Superfast,BRC,B4,67,1,1,578,Breakfast,14.8,281,5,Foggy,10,0,20,6.9,21.7,8.3,1,23.9
RB-ORD-101271,Vande Bharat,DDU,S4,34,0,3,196,Breakfast,15.0,134,5,Rainy,5,7.4,81,4.6,19.6,73.8,1,21.6
RB-ORD-101272,Superfast,ST,B5,24,1,4,639,Snacks,20.6,185,4,Foggy,15,0,28,4.2,24.8,18.2,1,27.1
RB-ORD-101273,Rajdhani,BPL,A2,43,1,6,1096,Dinner,25.7,131,2,Clear,7,5.1,19,2.5,28.2,2.9,0,27.6
RB-ORD-101274,Mail Express,PRYJ,S1,1,0,6,1085,LateNight,23.8,106,1,Foggy,10,0,18,1.8,25.6,2.4,0,23.0
RB-ORD-101275,Shatabdi,DDU,C1,23,1,2,840,Dinner,17.1,345,5,Clear,5,0,67,8.5,25.6,46.4,1,27.2
RB-ORD-101276,Shatabdi,AGC,C2,63,1,2,918,Breakfast,16.7,425,4,Clear,5,10.5,70,9.7,26.4,59.1,1,29.4
RB-ORD-101277,Superfast,AGC,E1,72,1,2,914,Breakfast,15.0,212,2,Foggy,3,26.4,79,4.0,19.0,89.4,1,20.1
RB-ORD-101278,Mail Express,MTJ,S4,63,0,3,909,Dinner,18.2,122,5,Foggy,5,17.2,37,3.0,21.2,38.0,1,23.7
RB-ORD-101279,Rajdhani,BRC,C2,68,1,6,603,Snacks,22.3,122,2,Rainy,5,5.7,26,3.3,25.6,11.1,1,28.5
RB-ORD-101280,Shatabdi,DDU,C1,57,1,3,516,Breakfast,18.0,114,2,Clear,2,0,31,2.2,20.2,12.8,1,21.3
RB-ORD-101281,Mail Express,BRC,H1,3,1,3,301,Lunch,22.0,332,3,Clear,15,0,55,6.9,28.9,41.1,1,31.1
RB-ORD-101282,Vande Bharat,ST,A2,28,1,1,997,Snacks,10.9,292,2,Clear,10,8.3,59,5.6,16.5,60.8,1,19.3
RB-ORD-101283,Rajdhani,PRYJ,S4,14,0,1,708,Snacks,10.5,368,2,Clear,3,50.3,20,7.0,17.5,55.8,1,20.0
RB-ORD-101284,Rajdhani,AGC,A2,22,1,2,319,LateNight,13.5,289,1,Foggy,2,16.5,24,5.0,18.5,24.0,1,19.9
RB-ORD-101285,Mail Express,PRYJ,E1,12,1,5,439,Breakfast,22.5,477,4,Clear,5,6.4,64,10.9,33.4,42.0,1,34.5
RB-ORD-101286,Superfast,MTJ,B3,63,1,2,157,Snacks,17.2,63,4,Rainy,2,7.0,88,2.0,19.2,77.8,1,21.7
RB-ORD-101287,Vande Bharat,BPL,B4,31,1,2,491,Breakfast,12.7,219,5,Clear,10,0,38,5.4,18.1,29.9,1,19.6
RB-ORD-101288,Rajdhani,MTJ,B4,5,1,3,801,Breakfast,15.6,396,2,Foggy,7,19.6,27,7.6,23.2,30.4,1,24.3
RB-ORD-101289,Superfast,MTJ,B4,8,1,5,974,Lunch,23.0,350,4,Rainy,2,2.6,76,11.2,34.2,46.4,1,36.0
RB-ORD-101290,Vande Bharat,AGC,S4,7,0,2,934,Dinner,16.8,173,5,Clear,7,35.9,76,4.3,21.1,97.8,1,22.3
RB-ORD-101291,Shatabdi,PRYJ,B1,2,1,1,934,LateNight,12.0,107,3,Rainy,3,23.0,65,3.1,15.1,75.9,1,17.0
RB-ORD-101292,Vande Bharat,BRC,B5,51,1,3,125,Breakfast,18.9,244,5,Clear,5,25.6,62,6.0,24.9,67.7,1,27.3
RB-ORD-101293,Shatabdi,NGP,E1,37,1,6,285,Breakfast,21.7,238,1,Clear,3,19.0,17,4.1,25.8,13.2,1,28.0
RB-ORD-101294,Mail Express,DDU,B1,52,1,6,136,LateNight,21.4,235,1,Clear,15,20.5,59,4.0,25.4,69.1,1,28.2
RB-ORD-101295,Mail Express,KOTA,A2,60,1,4,769,Snacks,17.6,134,5,Clear,5,26.9,66,3.3,20.9,77.0,1,23.2
RB-ORD-101296,Shatabdi,AGC,C1,56,1,3,555,LateNight,14.7,61,3,Foggy,15,22.0,36,1.3,16.0,57.0,1,18.7
RB-ORD-101297,Mail Express,MTJ,B2,4,1,2,512,Snacks,13.7,462,2,Clear,5,1.2,77,8.8,22.5,60.7,1,24.9
RB-ORD-101298,Superfast,BRC,S8,57,0,3,465,Lunch,20.5,241,1,Clear,5,22.5,61,4.2,24.7,63.8,1,27.6
RB-ORD-101299,Rajdhani,ST,B3,3,1,4,856,LateNight,21.4,190,2,Rainy,5,17.2,75,5.1,26.5,70.7,1,29.1
RB-ORD-101300,Vande Bharat,DDU,B5,27,1,4,764,Breakfast,19.4,141,3,Clear,2,26.8,87,3.0,22.4,93.4,1,24.0
RB-ORD-101301,Mail Express,BRC,B5,56,1,6,424,Dinner,24.8,90,4,Clear,5,0,40,2.0,26.8,18.2,1,27.8
RB-ORD-101302,Vande Bharat,BPL,B3,43,1,3,1049,Lunch,18.9,107,4,Foggy,3,21.5,39,2.4,21.3,42.2,1,23.1
RB-ORD-101303,Vande Bharat,PRYJ,B1,45,1,3,1068,Breakfast,15.8,289,5,Rainy,7,8.5,49,10.0,25.8,38.7,1,26.9
RB-ORD-101304,Mail Express,CNB,S1,22,0,5,236,Dinner,25.8,372,4,Clear,5,4.7,42,8.5,34.3,17.4,1,36.5
RB-ORD-101305,Rajdhani,ST,C2,70,1,2,940,LateNight,12.7,255,3,Rainy,7,21.3,70,7.5,20.2,78.1,1,22.0
RB-ORD-101306,Superfast,MTJ,A2,34,1,4,688,Snacks,21.3,344,3,Rainy,5,9.1,57,10.1,31.4,39.7,1,34.2
RB-ORD-101307,Rajdhani,BRC,S8,40,0,2,933,LateNight,15.3,147,5,Foggy,5,8.9,60,3.6,18.9,55.0,1,20.8
RB-ORD-101308,Rajdhani,KOTA,S1,45,0,6,462,Breakfast,24.6,138,3,Rainy,5,12.6,82,4.0,28.6,71.0,1,31.0
RB-ORD-101309,Vande Bharat,ST,B4,24,1,6,1009,LateNight,21.8,348,5,Rainy,7,34.5,87,12.0,33.8,94.7,1,34.9
RB-ORD-101310,Shatabdi,KOTA,S1,27,0,5,909,Breakfast,23.9,310,2,Rainy,5,32.6,16,8.3,32.2,21.4,1,35.0
RB-ORD-101311,Mail Express,AGC,C2,7,1,2,695,LateNight,14.7,265,5,Rainy,2,10.0,28,9.1,23.8,16.2,1,25.1
RB-ORD-101312,Rajdhani,DDU,E1,16,1,6,137,Snacks,24.1,77,5,Clear,15,0,27,1.9,26.0,16.0,1,27.7
RB-ORD-101313,Superfast,CNB,C2,40,1,3,1078,Snacks,19.0,186,5,Clear,10,66.3,90,4.6,23.6,142.7,1,25.5
RB-ORD-101314,Superfast,MTJ,B4,71,1,6,432,Lunch,26.3,277,5,Clear,7,0,62,6.8,33.1,35.9,1,34.7
RB-ORD-101315,Superfast,DDU,B3,49,1,2,874,Dinner,20.1,310,1,Clear,5,21.1,75,5.3,25.4,75.7,1,26.8
RB-ORD-101316,Mail Express,BRC,S4,6,0,3,538,Dinner,17.9,179,3,Rainy,3,57.4,48,5.2,23.1,85.3,1,24.5
RB-ORD-101317,Superfast,NGP,S1,30,0,2,1092,LateNight,15.6,443,4,Foggy,15,20.4,64,10.1,25.7,73.7,1,26.8
RB-ORD-101318,Shatabdi,BRC,S4,14,0,4,931,Breakfast,21.1,279,2,Clear,5,0,38,5.3,26.4,16.6,1,28.3
RB-ORD-101319,Vande Bharat,MTJ,B4,69,1,1,188,Lunch,17.5,306,1,Clear,5,9.3,39,5.3,22.8,30.5,1,25.4
RB-ORD-101320,Mail Express,KOTA,A2,16,1,1,231,Snacks,10.3,164,3,Rainy,10,23.3,36,4.8,15.1,54.2,1,17.0
RB-ORD-101321,Superfast,AGC,C1,45,1,3,243,Snacks,19.3,159,1,Rainy,7,25.6,68,3.8,23.1,77.5,1,25.4
RB-ORD-101322,Superfast,PRYJ,S1,42,0,5,300,Dinner,25.2,69,1,Rainy,5,0,75,1.7,26.9,53.1,1,29.0
RB-ORD-101323,Mail Express,DDU,B5,29,1,5,319,Breakfast,22.7,113,4,Clear,5,1.9,85,2.6,25.3,66.6,1,27.0
RB-ORD-101324,Superfast,ST,S1,68,0,1,1031,Snacks,11.6,265,2,Clear,2,0,31,5.1,16.7,16.3,1,18.8
RB-ORD-101325,Vande Bharat,NGP,B2,60,1,2,388,Dinner,16.4,194,5,Clear,15,13.7,42,4.8,21.2,49.5,1,22.6
RB-ORD-101326,Rajdhani,PRYJ,B2,25,1,4,1052,Lunch,23.5,63,3,Clear,5,0,81,1.3,24.8,61.2,1,26.5
RB-ORD-101327,Vande Bharat,ST,C2,68,1,6,355,Snacks,22.5,154,4,Foggy,3,0,25,3.5,26.0,2.0,1,26.5
RB-ORD-101328,Superfast,PRYJ,C2,13,1,2,1018,Lunch,19.8,142,4,Foggy,15,24.1,31,3.2,23.0,47.1,1,25.6
RB-ORD-101329,Mail Express,BRC,S1,10,0,3,473,Lunch,17.8,149,1,Foggy,5,3.6,61,2.6,20.4,49.2,1,21.8
RB-ORD-101330,Superfast,BRC,A2,7,1,6,364,Lunch,28.8,302,5,Foggy,5,0,24,7.4,36.2,-7.2,0,26.5
RB-ORD-101331,Rajdhani,KOTA,S1,64,0,3,732,Breakfast,17.3,96,1,Rainy,5,35.4,67,2.3,19.6,87.8,1,21.3
RB-ORD-101332,Rajdhani,AGC,S4,12,0,4,612,LateNight,19.4,184,4,Clear,5,0,82,4.2,23.6,63.4,1,25.8
RB-ORD-101333,Vande Bharat,DDU,S8,70,0,3,1047,LateNight,18.6,463,4,Clear,2,48.5,86,10.5,29.1,107.4,1,31.4
RB-ORD-101334,Mail Express,BRC,B5,55,1,5,476,Lunch,26.1,275,5,Foggy,7,0,46,6.8,32.9,20.1,1,34.9
RB-ORD-101335,Vande Bharat,AGC,C2,23,1,1,569,Lunch,13.6,281,2,Foggy,5,0,80,5.4,19.0,66.0,1,20.5
RB-ORD-101336,Rajdhani,NGP,H1,71,1,1,186,LateNight,10.4,103,3,Rainy,10,30.3,77,3.0,13.4,103.9,1,15.8
RB-ORD-101337,Rajdhani,KOTA,S1,1,0,3,421,Dinner,19.7,205,5,Clear,5,24.0,19,5.0,24.7,23.3,1,26.6
RB-ORD-101338,Mail Express,BPL,A2,24,1,2,955,Dinner,17.8,173,2,Foggy,10,11.0,23,3.3,21.1,22.9,1,23.7
RB-ORD-101339,Superfast,NGP,B1,54,1,2,745,Snacks,15.3,278,3,Foggy,3,0,45,5.8,21.1,26.9,1,23.6
RB-ORD-101340,Shatabdi,BRC,C1,53,1,5,681,Snacks,21.0,422,2,Foggy,5,24.8,68,8.1,29.1,68.7,1,31.5
RB-ORD-101341,Superfast,BPL,A2,11,1,5,398,Snacks,23.4,245,5,Clear,7,0,76,6.0,29.4,53.6,1,30.7
RB-ORD-101342,Mail Express,CNB,A1,65,1,2,543,Breakfast,13.9,337,5,Foggy,5,20.3,71,8.3,22.2,74.1,1,25.0
RB-ORD-101343,Vande Bharat,DDU,A2,5,1,3,253,Snacks,16.5,387,1,Rainy,7,26.0,15,9.3,25.8,22.2,1,27.1
RB-ORD-101344,Superfast,PRYJ,B3,43,1,5,688,LateNight,22.6,179,4,Clear,10,43.0,28,4.1,26.7,54.3,1,29.1
RB-ORD-101345,Vande Bharat,KOTA,S4,38,0,1,348,LateNight,13.3,283,5,Foggy,2,15.1,53,7.0,20.3,49.8,1,23.1
RB-ORD-101346,Mail Express,ST,S1,49,0,3,446,Breakfast,17.7,363,4,Clear,10,25.5,28,8.3,26.0,37.5,1,28.8
RB-ORD-101347,Rajdhani,MTJ,E1,65,1,2,759,Lunch,16.2,301,3,Foggy,3,22.6,45,6.3,22.5,48.1,1,24.7
RB-ORD-101348,Vande Bharat,BPL,B1,9,1,4,502,Dinner,22.2,326,4,Rainy,7,23.0,55,10.4,32.6,52.4,1,34.0
RB-ORD-101349,Vande Bharat,PRYJ,B2,2,1,6,1048,Dinner,25.9,221,4,Foggy,2,0,58,5.0,30.9,29.1,1,32.3
RB-ORD-101350,Shatabdi,BRC,B1,52,1,1,917,Breakfast,14.3,268,1,Foggy,10,34.5,63,4.6,18.9,88.6,1,21.2
RB-ORD-101351,Vande Bharat,BRC,H1,49,1,4,141,Lunch,22.7,321,1,Rainy,5,0,62,7.7,30.4,36.6,1,32.0
RB-ORD-101352,Vande Bharat,NGP,E1,58,1,3,589,Snacks,18.5,256,5,Rainy,5,26.0,65,8.8,27.3,68.7,1,28.7
RB-ORD-101353,Vande Bharat,NGP,B1,48,1,2,361,LateNight,14.6,264,4,Foggy,5,0,54,6.0,20.6,38.4,1,23.1
RB-ORD-101354,Mail Express,BRC,S1,60,0,3,649,LateNight,16.0,70,2,Clear,5,0,28,1.3,17.3,15.7,1,19.1
RB-ORD-101355,Vande Bharat,CNB,S1,57,0,3,461,Breakfast,18.9,373,1,Clear,10,43.0,30,6.4,25.3,57.7,1,28.0
RB-ORD-101356,Vande Bharat,DDU,B4,3,1,5,782,Snacks,22.4,103,2,Rainy,5,0,23,2.8,25.2,2.8,1,25.5
RB-ORD-101357,Shatabdi,BPL,E1,57,1,5,745,LateNight,22.9,446,5,Clear,2,19.2,75,11.0,33.9,62.3,1,35.9
RB-ORD-101358,Vande Bharat,ST,A2,27,1,4,476,Dinner,23.3,391,3,Foggy,5,28.8,71,8.2,31.5,73.3,1,32.7
RB-ORD-101359,Rajdhani,CNB,B2,31,1,4,617,Dinner,23.1,389,2,Rainy,10,0,77,10.4,33.5,53.5,1,36.0
RB-ORD-101360,Vande Bharat,CNB,E1,50,1,4,343,Dinner,21.4,459,4,Clear,10,0,75,10.5,31.9,53.1,1,34.1
RB-ORD-101361,Rajdhani,KOTA,B1,40,1,3,390,Breakfast,17.2,253,5,Clear,5,23.9,53,6.2,23.4,58.5,1,25.3
RB-ORD-101362,Mail Express,CNB,B2,31,1,6,517,Dinner,26.8,319,5,Rainy,5,51.3,84,11.0,37.8,102.5,1,40.8
RB-ORD-101363,Superfast,DDU,E1,2,1,5,904,Dinner,26.8,122,5,Foggy,10,5.3,44,3.0,29.8,29.5,1,32.2
RB-ORD-101364,Shatabdi,DDU,B1,37,1,5,174,Snacks,20.4,294,1,Rainy,5,9.1,74,7.1,27.5,60.6,1,29.4
RB-ORD-101365,Shatabdi,CNB,B5,44,1,6,274,Dinner,26.5,392,2,Foggy,10,27.1,23,7.5,34.0,26.1,1,36.1
RB-ORD-101366,Shatabdi,ST,H1,41,1,1,1013,LateNight,12.1,63,2,Clear,3,18.1,47,1.2,13.3,54.8,1,15.2
RB-ORD-101367,Vande Bharat,PRYJ,B1,30,1,3,543,LateNight,17.3,305,4,Foggy,3,0,17,6.9,24.2,-4.2,0,18.5
RB-ORD-101368,Superfast,BPL,B1,14,1,2,709,LateNight,14.4,291,5,Clear,5,2.5,56,7.2,21.6,41.9,1,24.5
RB-ORD-101369,Superfast,CNB,C2,51,1,2,214,Dinner,19.1,436,5,Rainy,3,0,81,15.0,34.1,49.9,1,35.9
RB-ORD-101370,Superfast,AGC,C2,29,1,5,521,Lunch,22.1,161,2,Foggy,3,22.5,45,3.1,25.2,45.3,1,27.7
RB-ORD-101371,Superfast,KOTA,B5,67,1,4,430,Breakfast,18.2,309,4,Foggy,5,0,66,7.0,25.2,45.8,1,26.3
RB-ORD-101372,Shatabdi,AGC,A2,39,1,3,1098,Lunch,18.1,115,4,Rainy,7,31.8,51,3.7,21.8,68.0,1,23.6
RB-ORD-101373,Rajdhani,PRYJ,S8,5,0,1,837,Lunch,13.2,72,5,Foggy,5,21.4,47,1.8,15.0,58.4,1,16.3
RB-ORD-101374,Rajdhani,BPL,B4,50,1,3,146,Snacks,17.2,376,4,Foggy,7,6.7,66,8.6,25.8,53.9,1,28.0
RB-ORD-101375,Rajdhani,BRC,S4,22,0,2,312,Breakfast,17.2,220,4,Rainy,5,26.3,53,7.0,24.2,60.1,1,25.9
RB-ORD-101376,Shatabdi,KOTA,H1,55,1,5,547,Breakfast,21.2,432,5,Foggy,5,13.3,76,10.6,31.8,62.5,1,34.3
RB-ORD-101377,Vande Bharat,AGC,B4,31,1,3,566,LateNight,18.6,289,4,Rainy,5,23.8,17,9.2,27.8,18.0,1,30.7
RB-ORD-101378,Rajdhani,NGP,E1,23,1,5,981,Snacks,19.3,169,1,Clear,10,19.9,51,2.9,22.2,58.7,1,24.3
RB-ORD-101379,Rajdhani,MTJ,B4,24,1,6,537,Snacks,24.7,245,3,Clear,5,0,47,5.1,29.8,22.2,1,31.7
RB-ORD-101380,Rajdhani,KOTA,E1,8,1,2,899,LateNight,15.8,283,3,Rainy,10,0,73,8.3,24.1,58.9,1,25.7
RB-ORD-101381,Rajdhani,BRC,E1,66,1,5,297,LateNight,23.9,233,3,Foggy,3,0,53,4.9,28.8,27.2,1,31.5
RB-ORD-101382,Shatabdi,NGP,B3,69,1,6,1004,Dinner,27.7,321,1,Foggy,2,0,78,5.5,33.2,46.8,1,35.9
RB-ORD-101383,Vande Bharat,PRYJ,B5,59,1,3,987,Breakfast,15.0,436,3,Clear,5,0,20,9.1,24.1,0.9,0,22.5
RB-ORD-101384,Mail Express,KOTA,S8,34,0,1,896,Snacks,12.3,239,1,Foggy,7,15.3,49,4.1,16.4,54.9,1,17.7
RB-ORD-101385,Superfast,DDU,B1,56,1,1,218,LateNight,11.0,182,1,Foggy,7,0,90,3.1,14.1,82.9,1,15.6
RB-ORD-101386,Shatabdi,PRYJ,B5,49,1,3,353,LateNight,17.3,412,3,Rainy,5,19.3,31,12.1,29.4,25.9,1,30.9
RB-ORD-101387,Rajdhani,ST,S4,22,0,6,892,Lunch,25.4,235,2,Clear,7,34.2,21,4.5,29.9,32.3,1,32.1
RB-ORD-101388,Rajdhani,AGC,C2,35,1,6,868,Lunch,24.9,229,3,Clear,5,5.7,64,4.8,29.7,45.0,1,32.2
RB-ORD-101389,Shatabdi,BPL,C1,49,1,2,1029,LateNight,17.0,339,2,Rainy,15,0,62,9.1,26.1,50.9,1,28.8
RB-ORD-101390,Vande Bharat,DDU,B4,38,1,2,193,Breakfast,17.3,318,5,Foggy,7,23.0,25,7.8,25.1,29.9,1,26.8
RB-ORD-101391,Superfast,PRYJ,H1,68,1,2,924,LateNight,14.9,369,4,Clear,7,27.4,76,8.4,23.3,87.1,1,25.3
RB-ORD-101392,Rajdhani,BRC,S1,72,0,4,953,Snacks,20.6,385,1,Foggy,5,44.9,66,6.6,27.2,88.7,1,29.9
RB-ORD-101393,Shatabdi,BPL,E1,54,1,2,805,Snacks,13.2,110,5,Foggy,10,24.3,74,2.7,15.9,92.4,1,18.5
RB-ORD-101394,Mail Express,MTJ,A1,67,1,4,962,Snacks,17.0,234,2,Clear,2,12.3,31,4.5,21.5,23.8,1,22.6
RB-ORD-101395,Superfast,DDU,B1,60,1,3,333,LateNight,19.6,157,5,Clear,10,24.0,48,3.9,23.5,58.5,1,24.8
RB-ORD-101396,Vande Bharat,CNB,S8,33,0,3,133,Dinner,20.0,337,5,Clear,3,5.4,88,8.3,28.3,68.1,1,30.8
RB-ORD-101397,Rajdhani,BRC,B2,24,1,1,895,Lunch,13.6,262,5,Rainy,15,0,38,9.0,22.6,30.4,1,25.2
RB-ORD-101398,Shatabdi,KOTA,A2,11,1,6,915,Dinner,26.6,74,4,Rainy,10,0,50,2.4,29.0,31.0,1,31.4
RB-ORD-101399,Vande Bharat,BPL,B3,57,1,3,550,Snacks,19.1,450,2,Clear,2,12.6,84,8.6,27.7,70.9,1,28.7
RB-ORD-101400,Rajdhani,BRC,C1,50,1,1,770,LateNight,11.9,351,1,Clear,5,56.6,26,6.0,17.9,69.7,1,19.0
RB-ORD-101401,Superfast,CNB,B2,50,1,4,848,Snacks,17.5,399,2,Clear,2,0,85,7.6,25.1,61.9,1,26.3
RB-ORD-101402,Superfast,KOTA,B4,17,1,3,511,Snacks,14.8,84,4,Rainy,15,34.5,29,2.7,17.5,61.0,1,18.6
RB-ORD-101403,Superfast,AGC,H1,59,1,5,664,LateNight,19.3,142,5,Clear,3,18.5,47,3.5,22.8,45.7,1,23.9
RB-ORD-101404,Shatabdi,MTJ,S4,69,0,6,167,Breakfast,21.5,236,4,Foggy,3,18.3,73,5.4,26.9,67.4,1,28.4
RB-ORD-101405,Superfast,BPL,S1,48,0,4,894,Snacks,19.9,432,3,Rainy,2,16.4,43,12.7,32.6,28.8,1,34.9
RB-ORD-101406,Shatabdi,MTJ,S4,11,0,1,957,LateNight,12.8,336,4,Foggy,5,0,76,7.7,20.5,60.5,1,22.1
RB-ORD-101407,Vande Bharat,ST,S1,1,0,3,443,Lunch,20.3,73,4,Clear,5,36.5,42,1.7,22.0,61.5,1,24.7
RB-ORD-101408,Rajdhani,ST,B3,51,1,4,477,Snacks,17.8,422,5,Rainy,15,15.8,59,14.5,32.3,57.5,1,34.2
RB-ORD-101409,Shatabdi,BRC,A2,27,1,5,262,Snacks,23.9,163,1,Clear,3,18.0,75,2.8,26.7,69.3,1,28.1
RB-ORD-101410,Shatabdi,PRYJ,B3,12,1,4,940,Lunch,24.1,338,1,Rainy,5,4.1,46,8.2,32.3,22.8,1,34.9
RB-ORD-101411,Shatabdi,PRYJ,E1,2,1,5,1030,LateNight,21.5,214,3,Foggy,10,36.2,25,4.5,26.0,45.2,1,28.4
RB-ORD-101412,Vande Bharat,ST,A2,41,1,6,968,Dinner,24.7,287,1,Rainy,5,31.3,26,6.9,31.6,30.7,1,34.0
RB-ORD-101413,Mail Express,BRC,B1,68,1,1,991,Dinner,14.9,274,4,Rainy,10,20.1,44,8.7,23.6,50.5,1,25.0
RB-ORD-101414,Superfast,BRC,B2,2,1,4,903,Breakfast,20.0,200,4,Rainy,10,7.1,82,6.4,26.4,72.7,1,29.4
RB-ORD-101415,Shatabdi,BRC,B5,61,1,2,478,LateNight,14.7,155,3,Rainy,10,1.4,85,4.5,19.2,77.2,1,20.5
RB-ORD-101416,Superfast,MTJ,A2,69,1,5,974,LateNight,23.1,173,5,Foggy,15,7.1,76,4.3,27.4,70.7,1,29.1
RB-ORD-101417,Superfast,NGP,B1,29,1,6,284,Lunch,24.3,374,3,Foggy,15,33.9,18,7.8,32.1,34.8,1,34.5
RB-ORD-101418,Rajdhani,MTJ,C2,10,1,3,779,Breakfast,15.3,89,3,Foggy,10,27.9,43,1.9,17.2,63.7,1,19.2
RB-ORD-101419,Superfast,KOTA,A1,54,1,1,838,Breakfast,14.1,106,4,Rainy,7,15.9,44,3.4,17.5,49.4,1,18.8
RB-ORD-101420,Mail Express,ST,A2,24,1,5,872,LateNight,21.0,398,2,Clear,7,43.0,67,7.6,28.6,88.4,1,29.7
RB-ORD-101421,Mail Express,PRYJ,B1,45,1,1,774,LateNight,12.2,224,4,Clear,5,8.5,40,5.1,17.3,36.2,1,19.4
RB-ORD-101422,Mail Express,MTJ,H1,32,1,3,618,Lunch,21.1,297,4,Rainy,5,35.0,27,9.5,30.6,36.4,1,31.9
RB-ORD-101423,Mail Express,MTJ,C1,38,1,2,141,LateNight,13.4,260,5,Rainy,5,4.2,78,9.0,22.4,64.8,1,23.9
RB-ORD-101424,Shatabdi,PRYJ,H1,4,1,5,856,Lunch,24.1,146,5,Foggy,7,35.2,28,3.6,27.7,42.5,1,30.1
RB-ORD-101425,Rajdhani,PRYJ,B5,45,1,3,658,Lunch,18.1,155,3,Rainy,5,0,71,4.5,22.6,53.4,1,24.6
RB-ORD-101426,Vande Bharat,PRYJ,H1,51,1,4,348,Snacks,19.9,440,3,Clear,5,13.8,28,9.2,29.1,17.7,1,30.6
RB-ORD-101427,Superfast,NGP,A1,24,1,2,430,Dinner,16.0,363,2,Foggy,10,24.8,81,6.9,22.9,92.9,1,24.0
RB-ORD-101428,Shatabdi,BRC,H1,14,1,2,500,Lunch,16.7,292,1,Foggy,5,0,56,5.0,21.7,39.3,1,24.1
RB-ORD-101429,Shatabdi,ST,S8,3,0,3,944,Dinner,19.7,333,4,Rainy,7,31.9,82,10.6,30.3,90.6,1,32.3
RB-ORD-101430,Rajdhani,AGC,S1,32,0,1,303,Dinner,15.9,180,2,Rainy,2,6.2,78,4.8,20.7,65.5,1,22.4
RB-ORD-101431,Shatabdi,PRYJ,B3,17,1,3,491,Lunch,22.0,473,2,Rainy,3,30.5,64,12.6,34.6,62.9,1,36.2
RB-ORD-101432,Superfast,NGP,C1,46,1,3,537,Breakfast,17.8,356,1,Rainy,3,0,28,8.6,26.4,4.6,1,27.5
RB-ORD-101433,Rajdhani,CNB,S8,60,0,2,701,Breakfast,17.1,220,5,Foggy,5,0,88,5.4,22.5,70.5,1,24.0
RB-ORD-101434,Mail Express,ST,S8,13,0,2,589,Dinner,20.3,417,1,Clear,5,10.9,71,7.2,27.5,59.4,1,30.3
RB-ORD-101435,Superfast,PRYJ,A1,25,1,5,124,LateNight,23.7,67,5,Clear,15,8.9,51,1.6,25.3,49.6,1,26.3
RB-ORD-101436,Vande Bharat,ST,C2,69,1,5,871,Lunch,23.3,109,5,Clear,2,35.2,66,2.7,26.0,77.2,1,28.2
RB-ORD-101437,Superfast,BPL,S1,38,0,1,278,LateNight,12.3,223,5,Clear,15,11.9,68,5.5,17.8,77.1,1,19.7
RB-ORD-101438,Vande Bharat,PRYJ,B1,22,1,2,683,Dinner,20.4,82,1,Rainy,10,21.4,37,2.0,22.4,46.0,1,24.5
RB-ORD-101439,Shatabdi,DDU,S1,4,0,6,1009,Breakfast,22.9,159,4,Foggy,2,11.9,15,3.6,26.5,2.4,1,27.9
RB-ORD-101440,Mail Express,NGP,E1,68,1,6,610,Lunch,28.7,157,1,Foggy,5,11.8,21,2.7,31.4,6.4,1,33.3
RB-ORD-101441,Rajdhani,PRYJ,B2,55,1,5,875,Lunch,24.0,117,3,Clear,5,0,90,2.4,26.4,68.6,1,27.9
RB-ORD-101442,Shatabdi,BRC,S4,72,0,1,576,Breakfast,13.9,377,2,Foggy,5,20.8,73,7.2,21.1,77.7,1,23.8
RB-ORD-101443,Mail Express,CNB,E1,20,1,6,692,Dinner,27.1,420,4,Clear,7,13.6,83,9.6,36.7,66.9,1,38.1
RB-ORD-101444,Mail Express,PRYJ,H1,35,1,5,451,Snacks,22.0,454,2,Foggy,3,0,21,8.7,30.7,-6.7,0,22.5
RB-ORD-101445,Shatabdi,BPL,E1,68,1,5,476,Dinner,24.6,371,1,Clear,5,1.9,48,6.4,31.0,23.9,1,33.8
RB-ORD-101446,Rajdhani,DDU,B1,45,1,3,1052,LateNight,14.7,385,2,Rainy,7,19.4,41,10.3,25.0,42.4,1,27.2
RB-ORD-101447,Rajdhani,CNB,C1,8,1,6,998,LateNight,24.5,393,1,Rainy,3,0,69,9.5,34.0,38.0,1,35.4
RB-ORD-101448,Mail Express,PRYJ,S4,13,0,3,456,Snacks,17.4,375,1,Foggy,3,15.2,24,6.5,23.9,18.3,1,25.8
RB-ORD-101449,Vande Bharat,PRYJ,B5,44,1,5,428,LateNight,19.2,149,4,Foggy,15,7.4,49,3.4,22.6,48.8,1,24.0
RB-ORD-101450,Mail Express,NGP,A1,70,1,1,1026,Dinner,17.3,345,1,Foggy,5,9.2,17,5.9,23.2,8.0,1,24.9
RB-ORD-101451,Rajdhani,BRC,S4,64,0,3,1004,Lunch,22.1,125,3,Foggy,7,7.6,72,2.6,24.7,61.9,1,26.4
RB-ORD-101452,Shatabdi,NGP,S1,4,0,6,824,LateNight,21.2,233,5,Rainy,10,21.1,16,8.0,29.2,17.9,1,30.4
RB-ORD-101453,Vande Bharat,NGP,E1,20,1,3,840,Lunch,22.5,236,1,Rainy,5,11.2,76,5.7,28.2,64.0,1,30.3
RB-ORD-101454,Rajdhani,NGP,S8,58,0,2,435,Snacks,16.4,302,4,Rainy,2,10.4,61,9.6,26.0,47.4,1,28.8
RB-ORD-101455,Shatabdi,PRYJ,H1,63,1,3,589,Dinner,20.9,368,1,Clear,2,16.5,83,6.3,27.2,74.3,1,30.1
RB-ORD-101456,Rajdhani,ST,B1,54,1,2,393,Dinner,15.5,195,2,Rainy,3,30.8,79,5.2,20.7,92.1,1,21.8
RB-ORD-101457,Vande Bharat,KOTA,B4,2,1,3,919,LateNight,18.7,344,2,Rainy,7,12.3,73,9.2,27.9,64.4,1,30.8
RB-ORD-101458,Superfast,NGP,A1,58,1,3,865,Snacks,17.1,345,3,Rainy,5,63.8,57,10.1,27.2,98.6,1,30.1
RB-ORD-101459,Mail Express,BPL,B1,55,1,4,393,LateNight,19.2,174,1,Rainy,5,0,66,4.2,23.4,47.6,1,24.5
RB-ORD-101460,Vande Bharat,BPL,A1,34,1,4,776,Snacks,18.2,378,5,Rainy,5,57.0,45,13.0,31.2,75.8,1,32.9
RB-ORD-101461,Mail Express,CNB,S8,66,0,3,414,Dinner,17.8,401,4,Clear,5,6.2,30,9.1,26.9,14.3,1,28.3
RB-ORD-101462,Vande Bharat,MTJ,B1,55,1,5,1051,Snacks,21.6,362,4,Foggy,3,0,23,8.2,29.8,-3.8,0,24.5
RB-ORD-101463,Vande Bharat,PRYJ,S8,57,0,3,790,LateNight,17.2,112,2,Rainy,7,9.9,87,3.0,20.2,83.7,1,21.7
RB-ORD-101464,Vande Bharat,CNB,B2,59,1,4,856,Breakfast,20.4,253,4,Clear,2,23.1,28,5.8,26.2,26.9,1,28.6
RB-ORD-101465,Superfast,CNB,E1,25,1,4,172,Snacks,19.0,192,2,Foggy,2,0,90,3.7,22.7,69.3,1,25.1
RB-ORD-101466,Mail Express,CNB,H1,33,1,5,330,Snacks,21.7,168,5,Rainy,10,9.0,81,5.8,27.5,72.5,1,29.3
RB-ORD-101467,Superfast,BRC,C1,68,1,6,612,Dinner,25.7,101,5,Rainy,5,6.0,55,3.5,29.2,36.8,1,31.0
RB-ORD-101468,Shatabdi,KOTA,C1,9,1,6,577,LateNight,25.5,159,1,Foggy,2,11.1,18,2.7,28.2,2.9,1,29.5
RB-ORD-101469,Superfast,ST,A1,41,1,6,986,Dinner,26.9,214,3,Rainy,2,60.8,32,6.3,33.2,61.6,1,35.4
RB-ORD-101470,Mail Express,MTJ,A2,42,1,3,698,Breakfast,17.2,176,1,Foggy,5,0,68,3.0,20.2,52.8,1,22.2
RB-ORD-101471,Vande Bharat,MTJ,E1,27,1,1,920,LateNight,11.1,180,3,Foggy,5,0,59,3.8,14.9,49.1,1,16.6
RB-ORD-101472,Vande Bharat,AGC,B3,48,1,6,648,Breakfast,22.9,315,1,Foggy,5,4.4,51,5.4,28.3,32.1,1,31.1
RB-ORD-101473,Superfast,KOTA,C2,60,1,3,909,Lunch,19.7,128,4,Rainy,3,0,51,4.1,23.8,30.2,1,26.2
RB-ORD-101474,Vande Bharat,AGC,B2,60,1,3,769,Breakfast,19.4,61,4,Clear,3,0,20,1.4,20.8,2.2,1,21.5
RB-ORD-101475,Shatabdi,CNB,B4,27,1,3,816,Dinner,21.2,263,3,Clear,5,24.1,63,5.5,26.7,65.4,1,27.8
RB-ORD-101476,Superfast,KOTA,S4,71,0,6,1085,Dinner,25.0,244,1,Clear,5,9.7,57,4.2,29.2,42.5,1,30.7
RB-ORD-101477,Vande Bharat,BPL,E1,13,1,4,253,Lunch,23.5,397,3,Foggy,10,2.6,79,8.3,31.8,59.8,1,33.9
RB-ORD-101478,Vande Bharat,NGP,B1,19,1,6,371,Snacks,25.6,191,1,Rainy,15,22.5,34,4.6,30.2,41.3,1,33.0
RB-ORD-101479,Shatabdi,AGC,B1,52,1,1,238,Lunch,17.8,129,4,Foggy,2,9.3,15,2.9,20.7,5.6,1,22.4
RB-ORD-101480,Vande Bharat,AGC,B5,7,1,5,623,Breakfast,23.0,400,2,Rainy,10,38.2,86,10.7,33.7,100.5,1,35.1
RB-ORD-101481,Shatabdi,BPL,A2,31,1,5,499,LateNight,23.4,373,5,Foggy,3,14.9,82,9.2,32.6,67.3,1,35.2
RB-ORD-101482,Shatabdi,PRYJ,C2,50,1,5,693,Breakfast,21.4,166,2,Clear,7,0,61,3.2,24.6,43.4,1,27.4
RB-ORD-101483,Rajdhani,MTJ,S4,17,0,4,764,Dinner,24.3,73,1,Clear,5,5.4,16,1.3,25.6,0.8,0,23.9
RB-ORD-101484,Shatabdi,ST,A1,53,1,6,978,Dinner,27.2,373,1,Rainy,7,30.7,81,9.0,36.2,82.5,1,38.5
RB-ORD-101485,Shatabdi,PRYJ,A2,64,1,6,848,Lunch,25.4,91,4,Clear,5,10.7,36,2.1,27.5,24.2,1,29.0
RB-ORD-101486,Rajdhani,DDU,B2,5,1,4,993,LateNight,18.7,183,3,Rainy,3,17.1,46,5.4,24.1,42.0,1,26.3
RB-ORD-101487,Rajdhani,CNB,C1,19,1,1,976,Lunch,14.0,270,1,Foggy,10,18.7,28,4.7,18.7,38.0,1,20.2
RB-ORD-101488,Vande Bharat,CNB,A1,39,1,2,269,Snacks,13.8,71,2,Foggy,5,19.5,36,1.4,15.2,45.3,1,16.7
RB-ORD-101489,Vande Bharat,ST,B1,4,1,1,315,Lunch,16.5,230,1,Rainy,5,6.2,84,5.5,22.0,73.2,1,24.3
RB-ORD-101490,Superfast,DDU,B2,30,1,3,355,Lunch,18.2,308,4,Foggy,7,3.0,63,7.0,25.2,47.8,1,26.6
RB-ORD-101491,Shatabdi,PRYJ,B5,53,1,6,619,Dinner,27.2,292,4,Rainy,2,12.9,83,9.3,36.5,61.4,1,38.7
RB-ORD-101492,Shatabdi,AGC,A2,9,1,3,123,LateNight,14.8,87,4,Clear,2,0,74,2.0,16.8,59.2,1,18.3
RB-ORD-101493,Vande Bharat,NGP,B1,17,1,4,1091,Lunch,21.9,310,2,Clear,7,0,69,5.9,27.8,48.2,1,29.7
RB-ORD-101494,Mail Express,KOTA,B5,42,1,5,804,LateNight,23.3,160,5,Foggy,15,17.4,72,3.9,27.2,77.2,1,29.7
RB-ORD-101495,Vande Bharat,CNB,B4,65,1,2,185,Snacks,17.1,174,2,Rainy,5,40.1,35,4.6,21.7,58.4,1,23.7
RB-ORD-101496,Rajdhani,AGC,S1,42,0,2,859,Lunch,17.3,308,1,Clear,7,60.0,18,5.3,22.6,62.4,1,25.1
RB-ORD-101497,Shatabdi,ST,C1,13,1,3,426,Breakfast,19.5,188,3,Clear,5,22.3,58,3.9,23.4,61.9,1,25.2
RB-ORD-101498,Rajdhani,PRYJ,S8,29,0,5,843,Lunch,23.4,140,5,Foggy,7,6.7,19,3.4,26.8,5.9,1,29.2
RB-ORD-101499,Vande Bharat,MTJ,B5,15,1,3,1065,Lunch,20.8,358,3,Rainy,5,7.8,41,10.5,31.3,22.5,1,33.9
RB-ORD-101500,Rajdhani,DDU,B1,44,1,2,900,Breakfast,15.2,245,5,Foggy,5,0,58,6.0,21.2,41.8,1,22.9
RB-ORD-101501,Mail Express,KOTA,A1,62,1,2,350,Lunch,17.5,95,5,Foggy,5,13.7,16,2.3,19.8,14.9,1,21.7
RB-ORD-101502,Shatabdi,PRYJ,E1,39,1,4,817,Dinner,20.6,377,1,Rainy,15,12.1,59,9.1,29.7,56.4,1,31.2
RB-ORD-101503,Vande Bharat,BPL,S8,49,0,3,162,LateNight,16.9,398,1,Foggy,10,34.5,88,6.9,23.8,108.7,1,26.3
RB-ORD-101504,Shatabdi,KOTA,S8,48,0,6,804,Snacks,24.9,91,3,Foggy,3,38.0,29,1.9,26.8,43.2,1,28.5
RB-ORD-101505,Superfast,KOTA,S8,39,0,1,266,Dinner,13.3,391,5,Foggy,10,0,72,9.6,22.9,59.1,1,25.6
RB-ORD-101506,Rajdhani,BPL,S4,52,0,3,615,Breakfast,18.7,147,3,Clear,5,24.4,69,3.1,21.8,76.6,1,24.5
RB-ORD-101507,Shatabdi,AGC,C1,20,1,1,560,Snacks,11.7,172,3,Rainy,5,37.3,32,5.0,16.7,57.6,1,19.4
RB-ORD-101508,Vande Bharat,MTJ,B2,45,1,2,1030,Snacks,15.4,231,4,Clear,3,8.5,20,5.3,20.7,10.8,1,22.8
RB-ORD-101509,Rajdhani,DDU,C1,47,1,2,864,Breakfast,16.7,265,3,Foggy,5,22.7,35,5.5,22.2,40.5,1,24.4
RB-ORD-101510,Shatabdi,MTJ,S1,60,0,1,565,Dinner,14.6,319,4,Foggy,10,11.4,52,7.3,21.9,51.5,1,24.2
RB-ORD-101511,Vande Bharat,ST,H1,4,1,4,656,Breakfast,18.3,208,5,Foggy,2,11.1,23,5.1,23.4,12.7,1,25.9
RB-ORD-101512,Shatabdi,NGP,S4,39,0,2,227,Breakfast,16.0,394,1,Foggy,15,3.4,54,6.8,22.8,49.6,1,23.9
RB-ORD-101513,Shatabdi,DDU,B2,7,1,6,917,Breakfast,25.2,351,2,Rainy,5,0.9,39,9.4,34.6,10.3,1,37.6
RB-ORD-101514,Shatabdi,DDU,S4,27,0,1,850,Dinner,13.6,97,1,Rainy,2,0,48,2.3,15.9,34.1,1,17.8
RB-ORD-101515,Shatabdi,AGC,B2,4,1,3,499,Breakfast,17.3,79,4,Clear,3,9.0,61,1.8,19.1,53.9,1,20.9
RB-ORD-101516,Superfast,MTJ,C2,46,1,6,238,Snacks,22.3,96,3,Clear,5,0,81,2.0,24.3,61.7,1,26.1
RB-ORD-101517,Mail Express,BPL,B2,35,1,6,254,Dinner,26.9,118,1,Rainy,2,40.7,34,2.8,29.7,47.0,1,32.6
RB-ORD-101518,Rajdhani,BRC,B2,56,1,2,1005,Dinner,19.2,375,2,Clear,5,24.4,41,7.2,26.4,44.0,1,27.9
RB-ORD-101519,Rajdhani,NGP,B2,54,1,3,130,Snacks,15.2,417,1,Foggy,15,27.7,38,7.2,22.4,58.3,1,24.4
RB-ORD-101520,Superfast,BRC,B3,19,1,1,569,Lunch,16.4,216,3,Rainy,2,6.6,84,6.3,22.7,69.9,1,25.3
RB-ORD-101521,Vande Bharat,CNB,B1,71,1,5,567,Breakfast,20.2,180,4,Foggy,10,33.2,90,4.1,24.3,108.9,1,25.4
RB-ORD-101522,Rajdhani,DDU,C1,31,1,1,973,LateNight,10.3,364,5,Clear,5,34.1,22,9.0,19.3,41.8,1,21.7
RB-ORD-101523,Rajdhani,KOTA,E1,58,1,6,233,LateNight,22.7,99,3,Clear,5,0,81,2.1,24.8,61.2,1,27.2
RB-ORD-101524,Shatabdi,DDU,B3,46,1,3,771,Lunch,18.3,278,3,Rainy,7,7.4,20,8.1,26.4,8.0,1,28.7
RB-ORD-101525,Superfast,AGC,S1,56,0,6,729,Dinner,25.9,452,2,Rainy,5,18.9,85,12.1,38.0,70.9,1,40.1
RB-ORD-101526,Vande Bharat,MTJ,B3,35,1,2,139,Dinner,18.5,179,4,Rainy,15,14.9,78,5.7,24.2,83.7,1,26.1
RB-ORD-101527,Mail Express,BRC,B1,64,1,1,642,Lunch,15.0,426,2,Rainy,2,2.1,79,11.4,26.4,56.7,1,27.8
RB-ORD-101528,Rajdhani,BPL,H1,23,1,1,695,Lunch,15.1,423,4,Foggy,5,3.9,70,9.6,24.7,54.2,1,27.0
RB-ORD-101529,Rajdhani,BRC,H1,20,1,5,951,Snacks,21.0,409,5,Foggy,3,0,32,10.1,31.1,3.9,1,33.5
RB-ORD-101530,Superfast,DDU,A2,15,1,1,991,Breakfast,13.6,379,1,Foggy,5,35.5,15,6.5,20.1,35.4,1,22.6
RB-ORD-101531,Vande Bharat,MTJ,A2,62,1,2,895,Dinner,19.5,364,3,Clear,10,21.3,44,7.6,27.1,48.2,1,28.2
RB-ORD-101532,Superfast,NGP,S8,64,0,4,128,Snacks,20.0,392,1,Rainy,2,4.1,82,9.5,29.5,58.6,1,31.2
RB-ORD-101533,Rajdhani,DDU,B1,71,1,2,164,Dinner,19.2,78,3,Foggy,5,39.0,61,1.6,20.8,84.2,1,23.8
RB-ORD-101534,Shatabdi,NGP,B5,40,1,1,719,LateNight,14.4,193,2,Foggy,5,20.4,23,3.7,18.1,30.3,1,19.9
RB-ORD-101535,Superfast,ST,A1,2,1,6,304,LateNight,25.0,318,1,Foggy,2,0,71,5.5,30.5,42.5,1,33.0
RB-ORD-101536,Shatabdi,DDU,S1,27,0,4,625,LateNight,17.5,107,4,Rainy,2,26.1,45,3.4,20.9,52.2,1,22.8
RB-ORD-101537,Mail Express,BRC,B2,62,1,4,569,Snacks,18.5,161,1,Rainy,2,5.9,20,3.9,22.4,5.5,1,24.1
RB-ORD-101538,Superfast,BPL,S8,17,0,2,755,Snacks,14.4,161,5,Clear,5,45.1,86,4.0,18.4,117.7,1,19.5
RB-ORD-101539,Superfast,MTJ,B5,72,1,4,572,Snacks,18.4,98,3,Rainy,15,30.7,62,2.9,21.3,86.4,1,22.8
RB-ORD-101540,Superfast,CNB,B4,18,1,4,121,LateNight,19.1,82,1,Clear,5,0,22,1.4,20.5,6.5,1,21.9
RB-ORD-101541,Mail Express,BRC,E1,1,1,1,123,Lunch,14.5,109,4,Foggy,5,0,15,2.5,17.0,3.0,1,17.5
RB-ORD-101542,Mail Express,ST,S4,60,0,3,620,LateNight,19.0,264,1,Foggy,7,11.4,29,4.5,23.5,23.9,1,25.6
RB-ORD-101543,Superfast,NGP,B5,40,1,3,1037,LateNight,18.0,264,1,Clear,5,15.2,43,4.5,22.5,40.7,1,24.4
RB-ORD-101544,Vande Bharat,KOTA,C1,22,1,4,826,Dinner,19.9,197,1,Clear,10,0,28,3.4,23.3,14.7,1,24.6
RB-ORD-101545,Superfast,ST,C1,24,1,5,785,Snacks,22.5,360,3,Rainy,7,0,57,10.5,33.0,31.0,1,34.8
RB-ORD-101546,Mail Express,NGP,B5,28,1,2,804,LateNight,13.4,370,1,Rainy,5,0,60,8.9,22.3,42.7,1,24.4
RB-ORD-101547,Vande Bharat,AGC,S1,38,0,5,571,Dinner,26.2,402,4,Clear,5,11.1,53,9.2,35.4,33.7,1,38.2
RB-ORD-101548,Superfast,ST,S4,8,0,5,457,Dinner,25.0,286,4,Rainy,5,41.2,74,9.1,34.1,86.1,1,36.6
RB-ORD-101549,Rajdhani,PRYJ,C1,28,1,6,381,Lunch,25.0,309,5,Foggy,2,34.7,16,7.6,32.6,20.1,1,35.5
RB-ORD-101550,Shatabdi,KOTA,E1,26,1,3,529,Breakfast,15.2,476,4,Rainy,3,47.1,35,15.2,30.4,54.7,1,32.4
RB-ORD-101551,Rajdhani,PRYJ,S4,53,0,1,210,Breakfast,12.7,141,3,Rainy,10,0,55,4.1,16.8,48.2,1,18.1
RB-ORD-101552,Shatabdi,NGP,A1,71,1,2,893,LateNight,15.9,81,3,Clear,7,11.1,47,1.7,17.6,47.5,1,20.0
RB-ORD-101553,Shatabdi,ST,C1,30,1,5,683,Dinner,24.0,446,1,Clear,5,0,47,7.7,31.7,20.3,1,33.7
RB-ORD-101554,Shatabdi,CNB,S4,68,0,4,164,Lunch,24.7,153,5,Foggy,10,42.6,57,3.8,28.5,81.1,1,30.9
RB-ORD-101555,Vande Bharat,BRC,A1,26,1,1,610,Breakfast,13.7,324,4,Rainy,3,20.0,20,10.3,24.0,19.0,1,26.9
RB-ORD-101556,Rajdhani,BPL,B1,66,1,6,903,Lunch,24.6,370,5,Clear,5,0,55,9.1,33.7,26.3,1,35.0
RB-ORD-101557,Shatabdi,BPL,B5,12,1,5,333,Lunch,25.5,134,3,Rainy,3,0,53,3.9,29.4,26.6,1,30.4
RB-ORD-101558,Shatabdi,AGC,S1,18,0,1,960,Lunch,16.5,470,1,Foggy,7,0,22,8.1,24.6,4.4,1,25.5
RB-ORD-101559,Superfast,MTJ,H1,43,1,3,120,Breakfast,17.8,479,4,Rainy,5,0,55,15.3,33.1,26.9,1,35.5
RB-ORD-101560,Vande Bharat,NGP,E1,58,1,2,342,Dinner,20.3,301,3,Clear,5,15.9,38,6.3,26.6,32.3,1,27.8
RB-ORD-101561,Shatabdi,BRC,E1,56,1,6,349,Lunch,25.6,453,2,Foggy,7,6.3,70,8.6,34.2,49.1,1,37.1
RB-ORD-101562,Shatabdi,AGC,A2,39,1,5,470,Breakfast,22.4,441,4,Rainy,5,15.3,72,14.1,36.5,55.8,1,38.4
RB-ORD-101563,Rajdhani,NGP,B2,34,1,4,150,Breakfast,21.3,90,1,Rainy,5,0,26,2.2,23.5,7.5,1,26.2
RB-ORD-101564,Mail Express,KOTA,A1,53,1,6,643,Lunch,28.3,288,5,Foggy,7,3.3,69,7.1,35.4,43.9,1,36.9
RB-ORD-101565,Mail Express,MTJ,H1,62,1,4,456,Snacks,20.6,204,3,Clear,5,0,43,4.3,24.9,23.1,1,26.1
RB-ORD-101566,Vande Bharat,MTJ,B5,1,1,2,664,Lunch,20.2,152,5,Rainy,7,71.4,70,5.2,25.4,123.0,1,26.8
RB-ORD-101567,Superfast,MTJ,A1,50,1,2,585,Snacks,15.3,321,5,Rainy,7,43.2,48,11.1,26.4,71.8,1,27.9
RB-ORD-101568,Superfast,BPL,S4,46,0,3,362,Dinner,18.5,85,5,Foggy,5,14.7,36,2.1,20.6,35.1,1,22.1
RB-ORD-101569,Rajdhani,BPL,B5,34,1,4,1006,Dinner,23.1,257,5,Rainy,5,33.1,16,8.9,32.0,22.1,1,33.3
RB-ORD-101570,Superfast,ST,B5,31,1,5,673,Snacks,21.3,240,5,Foggy,5,21.6,81,5.9,27.2,80.4,1,28.7
RB-ORD-101571,Shatabdi,AGC,B1,17,1,5,754,Dinner,26.2,471,3,Foggy,5,6.1,85,9.9,36.1,60.0,1,37.2
RB-ORD-101572,Mail Express,CNB,E1,69,1,1,428,Dinner,16.4,83,5,Foggy,10,25.0,86,2.0,18.4,102.6,1,20.8
RB-ORD-101573,Superfast,AGC,E1,33,1,6,298,Dinner,26.0,341,4,Clear,5,14.9,71,7.8,33.8,57.1,1,35.2
RB-ORD-101574,Mail Express,BRC,A1,53,1,1,979,Dinner,14.3,302,1,Clear,3,4.1,77,5.2,19.5,64.6,1,21.0
RB-ORD-101575,Mail Express,MTJ,B4,9,1,3,140,Lunch,21.2,277,2,Clear,3,0,65,5.3,26.5,41.5,1,28.1
RB-ORD-101576,Superfast,DDU,C1,70,1,5,860,LateNight,23.4,261,2,Foggy,10,28.4,76,5.0,28.4,86.0,1,31.3
RB-ORD-101577,Rajdhani,PRYJ,B3,24,1,3,595,LateNight,19.5,342,4,Foggy,5,11.1,31,7.8,27.3,19.8,1,29.2
RB-ORD-101578,Superfast,BRC,A2,57,1,1,773,Snacks,13.2,230,4,Foggy,7,30.3,73,5.2,18.4,91.9,1,20.5
RB-ORD-101579,Vande Bharat,AGC,A1,20,1,5,634,Breakfast,21.2,188,3,Clear,5,12.7,52,3.9,25.1,44.6,1,26.6
RB-ORD-101580,Shatabdi,MTJ,E1,13,1,1,474,Snacks,14.9,345,1,Foggy,5,0,38,5.9,20.8,22.2,1,23.5
RB-ORD-101581,Shatabdi,BRC,H1,12,1,5,121,Dinner,25.3,161,1,Clear,10,0,73,2.8,28.1,54.9,1,29.5
RB-ORD-101582,Superfast,CNB,A1,32,1,5,321,Lunch,23.7,64,2,Rainy,5,15.3,35,1.7,25.4,29.9,1,28.3
RB-ORD-101583,Vande Bharat,AGC,C1,23,1,6,210,Breakfast,23.5,453,5,Clear,5,38.4,58,11.2,34.7,66.7,1,35.8
RB-ORD-101584,Mail Express,DDU,S8,46,0,5,901,Dinner,22.5,472,4,Rainy,2,3.0,44,15.0,37.5,11.5,1,38.5
RB-ORD-101585,Superfast,PRYJ,S8,17,0,3,685,Lunch,18.7,216,3,Clear,2,38.1,23,4.5,23.2,39.9,1,25.0
RB-ORD-101586,Vande Bharat,NGP,E1,61,1,5,642,LateNight,21.5,180,4,Foggy,5,0,70,4.1,25.6,49.4,1,27.9
RB-ORD-101587,Shatabdi,CNB,C1,40,1,5,639,Breakfast,23.3,449,2,Clear,10,12.3,39,8.6,31.9,29.4,1,34.0
RB-ORD-101588,Rajdhani,NGP,E1,3,1,3,263,LateNight,18.4,105,5,Rainy,5,0,32,3.6,22.0,15.0,1,24.7
RB-ORD-101589,Shatabdi,MTJ,B5,28,1,6,899,Snacks,24.1,437,2,Clear,10,1.4,76,8.3,32.4,55.0,1,34.4
RB-ORD-101590,Vande Bharat,BRC,B2,18,1,1,340,LateNight,14.0,365,1,Clear,5,9.2,90,6.3,20.3,83.9,1,21.5
RB-ORD-101591,Rajdhani,BPL,S4,45,0,3,621,Dinner,20.7,258,5,Clear,10,18.4,86,6.4,27.1,87.3,1,28.2
RB-ORD-101592,Vande Bharat,ST,B5,4,1,1,1005,Snacks,12.8,100,2,Foggy,5,11.5,68,1.9,14.7,69.8,1,15.9
RB-ORD-101593,Shatabdi,AGC,B4,54,1,1,1057,Snacks,10.7,236,3,Rainy,5,23.5,40,6.9,17.6,50.9,1,19.7
RB-ORD-101594,Mail Express,DDU,B3,11,1,6,605,LateNight,25.4,378,1,Foggy,3,39.0,63,6.5,31.9,73.1,1,34.1
RB-ORD-101595,Rajdhani,AGC,A2,38,1,1,621,Dinner,18.1,214,5,Rainy,5,40.3,17,7.4,25.5,36.8,1,27.8
RB-ORD-101596,Superfast,ST,S4,4,0,1,550,LateNight,11.9,398,2,Clear,3,0,25,7.6,19.5,8.5,1,22.5
RB-ORD-101597,Superfast,ST,S4,50,0,3,335,LateNight,17.1,124,1,Rainy,7,0,40,3.0,20.1,26.9,1,21.1
RB-ORD-101598,Mail Express,NGP,B1,15,1,3,321,Snacks,15.7,466,3,Clear,2,0,60,9.8,25.5,36.5,1,28.4
RB-ORD-101599,Vande Bharat,CNB,S8,72,0,5,879,LateNight,20.3,201,5,Foggy,2,33.0,53,4.9,25.2,62.8,1,28.0
RB-ORD-101600,Shatabdi,BPL,A1,13,1,6,534,LateNight,24.8,76,3,Foggy,5,11.3,35,1.6,26.4,24.9,1,29.2
RB-ORD-101601,Superfast,CNB,B2,11,1,6,699,Lunch,26.8,457,5,Rainy,5,12.8,87,15.7,42.5,62.3,1,43.6
RB-ORD-101602,Superfast,NGP,H1,57,1,6,147,LateNight,21.6,319,3,Foggy,7,12.6,34,6.7,28.3,25.3,1,30.7
RB-ORD-101603,Superfast,PRYJ,C1,6,1,3,831,Lunch,21.6,406,5,Foggy,5,8.1,33,10.0,31.6,14.5,1,33.8
RB-ORD-101604,Vande Bharat,BPL,C2,70,1,6,452,Dinner,24.4,304,1,Foggy,5,9.5,84,5.2,29.6,68.9,1,31.0
RB-ORD-101605,Superfast,AGC,C2,11,1,2,172,Snacks,14.2,414,1,Foggy,10,2.4,87,7.1,21.3,78.1,1,23.2
RB-ORD-101606,Mail Express,MTJ,S1,10,0,2,382,Breakfast,17.0,67,3,Foggy,7,0,30,1.4,18.4,18.6,1,19.5
RB-ORD-101607,Rajdhani,PRYJ,B2,32,1,6,984,Dinner,26.8,243,3,Clear,15,59.3,19,5.1,31.9,61.4,1,34.4
RB-ORD-101608,Rajdhani,KOTA,S8,25,0,6,376,LateNight,22.6,226,2,Clear,2,12.7,89,4.3,26.9,76.8,1,28.5
RB-ORD-101609,Vande Bharat,DDU,A2,19,1,3,982,Snacks,17.9,426,5,Rainy,3,7.0,49,14.7,32.6,26.4,1,34.7
RB-ORD-101610,Rajdhani,BRC,E1,8,1,5,315,Lunch,24.9,115,4,Clear,7,54.0,33,2.6,27.5,66.5,1,30.1
RB-ORD-101611,Rajdhani,BRC,B2,40,1,5,359,Lunch,22.7,406,4,Rainy,2,11.9,66,12.9,35.6,44.3,1,38.2
RB-ORD-101612,Vande Bharat,BRC,A2,53,1,6,697,Snacks,21.2,92,2,Foggy,3,0,22,1.8,23.0,2.0,1,23.5
RB-ORD-101613,Vande Bharat,ST,B2,54,1,4,713,Dinner,20.7,340,2,Rainy,7,0,64,9.1,29.8,41.2,1,31.6
RB-ORD-101614,Shatabdi,BRC,B5,31,1,3,408,Dinner,17.7,309,3,Clear,5,0,79,6.5,24.2,59.8,1,26.5
RB-ORD-101615,Rajdhani,BPL,B4,66,1,6,1000,LateNight,24.3,433,3,Foggy,2,9.9,58,9.1,33.4,36.5,1,34.7
RB-ORD-101616,Rajdhani,NGP,S1,30,0,4,276,Snacks,17.2,418,5,Rainy,15,0,37,14.4,31.6,20.4,1,33.6
RB-ORD-101617,Superfast,CNB,B2,7,1,3,716,Breakfast,19.0,251,3,Rainy,15,0,88,7.4,26.4,76.6,1,28.1
RB-ORD-101618,Mail Express,CNB,S4,46,0,6,929,Snacks,22.4,222,2,Clear,10,10.1,47,4.2,26.6,40.5,1,27.9
RB-ORD-101619,Superfast,AGC,B3,71,1,3,264,Snacks,15.4,139,5,Foggy,15,6.2,36,3.4,18.8,38.4,1,20.0
RB-ORD-101620,Superfast,KOTA,A2,41,1,1,789,Lunch,13.4,380,3,Foggy,5,9.4,33,8.0,21.4,26.0,1,24.1
RB-ORD-101621,Mail Express,BRC,B4,14,1,3,491,Dinner,18.3,93,2,Clear,7,17.9,44,1.8,20.1,48.8,1,21.1
RB-ORD-101622,Rajdhani,BRC,B4,9,1,3,554,Snacks,16.0,298,4,Rainy,5,14.4,25,9.5,25.5,18.9,1,27.5
RB-ORD-101623,Rajdhani,BPL,A1,18,1,6,256,Dinner,27.0,264,5,Rainy,2,0,31,9.1,36.1,-3.1,0,32.0
RB-ORD-101624,Superfast,DDU,S4,67,0,4,832,Lunch,22.0,459,3,Rainy,10,25.0,90,13.4,35.4,89.6,1,36.6
RB-ORD-101625,Vande Bharat,BPL,B1,58,1,6,564,Snacks,23.2,171,5,Foggy,10,21.7,72,4.2,27.4,76.3,1,29.2
RB-ORD-101626,Rajdhani,ST,H1,15,1,1,750,Snacks,13.5,459,3,Rainy,7,29.0,21,13.4,26.9,30.1,1,29.2
RB-ORD-101627,Vande Bharat,ST,B2,9,1,2,1025,Dinner,20.1,431,2,Clear,5,31.3,33,8.2,28.3,41.0,1,29.8
RB-ORD-101628,Vande Bharat,AGC,C2,71,1,1,947,Snacks,12.2,98,4,Clear,5,32.2,29,2.2,14.4,51.8,1,17.4
RB-ORD-101629,Mail Express,MTJ,B5,40,1,4,716,Dinner,23.8,356,3,Clear,15,57.6,29,7.4,31.2,70.4,1,34.0
RB-ORD-101630,Rajdhani,BRC,A1,64,1,5,1044,Dinner,22.3,160,4,Clear,5,50.7,89,3.6,25.9,118.8,1,27.1
RB-ORD-101631,Shatabdi,PRYJ,A2,2,1,2,531,Snacks,13.9,468,5,Clear,5,31.8,66,11.5,25.4,77.4,1,27.5
RB-ORD-101632,Shatabdi,NGP,C1,27,1,4,190,Snacks,21.1,325,1,Rainy,15,0,59,7.8,28.9,45.1,1,30.6
RB-ORD-101633,Superfast,BRC,B2,64,1,5,384,Snacks,20.3,320,5,Rainy,2,23.6,22,11.0,31.3,16.3,1,32.8
RB-ORD-101634,Shatabdi,CNB,B4,57,1,5,965,Lunch,26.8,206,3,Rainy,10,29.3,69,6.0,32.8,75.5,1,34.9
RB-ORD-101635,Superfast,MTJ,B2,16,1,5,656,Breakfast,21.2,172,3,Rainy,3,22.2,82,5.0,26.2,81.0,1,28.8
RB-ORD-101636,Superfast,CNB,S4,54,0,4,650,Snacks,21.3,414,2,Rainy,5,30.2,74,11.1,32.4,76.8,1,34.7
RB-ORD-101637,Rajdhani,PRYJ,E1,67,1,1,445,Dinner,14.9,381,3,Rainy,7,21.0,51,11.2,26.1,52.9,1,27.8
RB-ORD-101638,Superfast,DDU,H1,4,1,6,591,LateNight,25.7,388,1,Foggy,2,20.6,75,6.7,32.4,65.2,1,35.1
RB-ORD-101639,Shatabdi,BPL,B4,4,1,1,192,Dinner,18.0,360,2,Clear,3,28.1,48,6.9,24.9,54.2,1,26.1
RB-ORD-101640,Vande Bharat,DDU,S8,71,0,3,511,Dinner,17.9,247,3,Foggy,5,24.4,48,5.2,23.1,54.3,1,25.7
RB-ORD-101641,Vande Bharat,BPL,E1,14,1,4,600,Snacks,18.8,139,3,Foggy,7,0,70,2.9,21.7,55.3,1,23.1
RB-ORD-101642,Shatabdi,KOTA,S1,18,0,2,144,Lunch,15.8,274,3,Clear,2,48.8,50,5.7,21.5,79.3,1,24.3
RB-ORD-101643,Superfast,ST,H1,21,1,4,468,Lunch,21.9,378,4,Foggy,2,8.5,28,8.6,30.5,8.0,1,32.4
RB-ORD-101644,Vande Bharat,MTJ,B3,48,1,1,176,LateNight,13.9,235,4,Clear,5,0,30,5.4,19.3,15.7,1,21.7
RB-ORD-101645,Mail Express,AGC,C2,23,1,1,503,Breakfast,14.8,118,3,Rainy,7,0,20,3.5,18.3,8.7,1,21.1
RB-ORD-101646,Mail Express,CNB,B5,45,1,2,342,Dinner,15.9,440,1,Rainy,5,26.1,24,10.6,26.5,28.6,1,29.1
RB-ORD-101647,Vande Bharat,ST,S1,49,0,4,533,Breakfast,17.3,245,1,Rainy,2,38.9,67,5.9,23.2,84.7,1,25.6
RB-ORD-101648,Superfast,BPL,B2,49,1,4,724,Lunch,21.5,280,3,Foggy,10,46.1,18,5.9,27.4,46.7,1,28.9
RB-ORD-101649,Shatabdi,AGC,B5,23,1,2,153,Dinner,20.1,294,2,Clear,5,36.1,42,5.6,25.7,57.4,1,27.0
RB-ORD-101650,Mail Express,MTJ,B5,43,1,5,700,Lunch,26.7,144,5,Foggy,10,25.0,77,3.5,30.2,81.8,1,32.7
RB-ORD-101651,Rajdhani,BRC,H1,51,1,6,776,Dinner,26.8,120,1,Foggy,15,37.3,42,2.1,28.9,65.4,1,30.0
RB-ORD-101652,Vande Bharat,ST,S8,45,0,2,823,LateNight,13.5,144,2,Clear,5,0,82,2.7,16.2,70.8,1,17.6
RB-ORD-101653,Superfast,BPL,B1,35,1,3,934,LateNight,17.4,372,4,Clear,10,2.3,45,8.5,25.9,31.4,1,28.0
RB-ORD-101654,Superfast,ST,B5,15,1,6,293,Dinner,25.8,219,2,Clear,10,1.8,61,4.2,30.0,42.8,1,31.9
RB-ORD-101655,Vande Bharat,AGC,S8,61,0,1,255,Breakfast,13.9,77,3,Rainy,10,10.6,24,2.3,16.2,28.4,1,18.1
RB-ORD-101656,Superfast,BRC,B1,20,1,5,997,Dinner,23.5,360,1,Foggy,7,0,48,6.2,29.7,25.3,1,32.2
RB-ORD-101657,Shatabdi,AGC,H1,60,1,1,290,LateNight,10.3,224,4,Foggy,10,16.1,73,5.1,15.4,83.7,1,18.0
RB-ORD-101658,Vande Bharat,AGC,H1,24,1,3,526,Snacks,16.1,449,3,Rainy,10,9.9,16,13.2,29.3,6.6,1,30.9
RB-ORD-101659,Rajdhani,DDU,S4,5,0,4,447,Dinner,22.2,96,1,Foggy,5,29.4,37,1.7,23.9,47.5,1,25.1
RB-ORD-101660,Superfast,PRYJ,A1,15,1,2,475,LateNight,13.3,357,1,Foggy,5,0,73,6.2,19.5,58.5,1,21.3
RB-ORD-101661,Shatabdi,KOTA,C2,19,1,2,1021,LateNight,14.6,464,4,Clear,7,5.4,46,10.6,25.2,33.2,1,28.1
RB-ORD-101662,Superfast,BRC,H1,52,1,3,815,Dinner,21.9,246,5,Clear,5,10.0,48,6.1,28.0,35.0,1,30.8
RB-ORD-101663,Mail Express,AGC,A2,56,1,1,631,LateNight,12.8,435,2,Foggy,5,26.7,45,8.3,21.1,55.6,1,23.0
RB-ORD-101664,Vande Bharat,NGP,E1,15,1,3,973,LateNight,17.2,255,5,Clear,10,11.7,68,6.3,23.5,66.2,1,24.5
RB-ORD-101665,Rajdhani,MTJ,S4,48,0,4,463,Lunch,24.8,66,5,Clear,2,15.9,21,1.6,26.4,12.5,1,27.8
RB-ORD-101666,Superfast,ST,B5,61,1,1,753,Lunch,17.7,291,1,Foggy,2,21.2,45,5.0,22.7,45.5,1,24.2
RB-ORD-101667,Rajdhani,AGC,C2,61,1,3,580,Lunch,19.6,430,5,Rainy,5,16.5,89,14.8,34.4,76.1,1,36.6
RB-ORD-101668,Mail Express,BPL,B5,21,1,4,962,Dinner,23.4,449,2,Foggy,5,21.0,46,8.6,32.0,40.0,1,34.9
RB-ORD-101669,Mail Express,PRYJ,B4,19,1,3,150,Dinner,22.1,273,1,Clear,3,5.5,59,4.7,26.8,40.7,1,29.1
RB-ORD-101670,Rajdhani,DDU,C2,65,1,1,734,LateNight,10.3,166,2,Foggy,2,6.5,48,3.2,13.5,43.0,1,15.3
RB-ORD-101671,Vande Bharat,MTJ,B3,35,1,3,457,Lunch,20.0,468,2,Clear,15,4.2,61,8.9,28.9,51.3,1,31.3
RB-ORD-101672,Superfast,KOTA,B3,19,1,1,939,Snacks,11.8,457,1,Rainy,5,6.2,33,11.0,22.8,21.4,1,24.6
RB-ORD-101673,Mail Express,AGC,C2,24,1,5,1074,Dinner,23.7,419,1,Rainy,7,34.9,27,10.1,33.8,35.1,1,35.6
RB-ORD-101674,Mail Express,NGP,B3,38,1,5,922,Snacks,21.9,278,1,Clear,5,25.6,40,4.8,26.7,43.9,1,29.6
RB-ORD-101675,Shatabdi,MTJ,A1,20,1,6,708,Dinner,26.8,168,2,Rainy,5,36.9,76,4.5,31.3,86.6,1,33.6
RB-ORD-101676,Superfast,KOTA,B4,16,1,5,846,Breakfast,20.6,246,1,Foggy,5,22.9,66,4.2,24.8,69.1,1,27.4
RB-ORD-101677,Vande Bharat,NGP,S4,66,0,3,1047,Breakfast,17.7,445,5,Rainy,15,1.9,68,15.3,33.0,51.9,1,34.2
RB-ORD-101678,Mail Express,NGP,E1,53,1,5,573,Dinner,23.0,200,3,Clear,5,0,32,4.2,27.2,9.8,1,29.3
RB-ORD-101679,Mail Express,BPL,S8,14,0,3,360,Dinner,22.5,211,5,Foggy,2,20.9,49,5.2,27.7,44.2,1,28.9
RB-ORD-101680,Superfast,KOTA,A2,26,1,1,629,Dinner,13.9,134,1,Rainy,5,37.7,49,3.2,17.1,74.6,1,19.8
RB-ORD-101681,Shatabdi,KOTA,S8,14,0,6,933,LateNight,25.2,355,1,Rainy,5,36.4,80,8.6,33.8,87.6,1,36.6
RB-ORD-101682,Shatabdi,MTJ,B4,14,1,4,454,Breakfast,21.4,336,2,Clear,5,28.1,90,6.4,27.8,95.3,1,30.3
RB-ORD-101683,Shatabdi,ST,S1,27,0,2,292,Dinner,17.0,171,3,Clear,2,0.5,53,3.6,20.6,34.9,1,22.9
RB-ORD-101684,Vande Bharat,CNB,B4,9,1,6,570,Breakfast,22.4,472,2,Foggy,3,39.0,63,9.0,31.4,73.6,1,33.9
RB-ORD-101685,Shatabdi,MTJ,S8,11,0,6,487,Snacks,22.7,308,4,Clear,5,22.2,79,7.0,29.7,76.5,1,31.8
RB-ORD-101686,Vande Bharat,KOTA,B1,51,1,5,256,LateNight,22.9,412,1,Foggy,5,8.3,58,7.1,30.0,41.3,1,31.3
RB-ORD-101687,Mail Express,CNB,A1,59,1,1,810,LateNight,10.6,440,2,Rainy,3,0.9,87,11.8,22.4,68.5,1,24.1
RB-ORD-101688,Shatabdi,DDU,S4,26,0,1,1062,Snacks,11.9,162,2,Rainy,5,0,68,4.3,16.2,56.8,1,19.0
RB-ORD-101689,Superfast,BRC,C2,29,1,4,597,Snacks,18.4,183,2,Rainy,3,39.2,70,4.9,23.3,88.9,1,25.2
RB-ORD-101690,Rajdhani,MTJ,C2,31,1,4,600,Breakfast,19.2,273,5,Clear,15,31.9,48,6.7,25.9,69.0,1,28.4
RB-ORD-101691,Shatabdi,AGC,C2,10,1,2,230,Dinner,19.2,131,5,Foggy,5,2.7,15,3.2,22.4,0.3,0,20.2
RB-ORD-101692,Vande Bharat,ST,B5,12,1,5,560,Lunch,25.1,114,4,Foggy,5,0,23,2.6,27.7,0.3,0,25.5
RB-ORD-101693,Mail Express,MTJ,A1,72,1,4,826,Snacks,19.8,133,3,Rainy,5,40.6,16,3.9,23.7,37.9,1,25.4
RB-ORD-101694,Rajdhani,MTJ,A1,42,1,1,386,Dinner,14.7,179,5,Clear,10,0,29,4.4,19.1,19.9,1,21.8
RB-ORD-101695,Shatabdi,ST,B4,60,1,2,985,Dinner,18.3,89,5,Rainy,7,1.4,51,3.1,21.4,38.0,1,23.0
RB-ORD-101696,Shatabdi,KOTA,A1,8,1,5,481,Dinner,23.1,229,3,Clear,10,27.4,22,4.8,27.9,31.5,1,29.2
RB-ORD-101697,Mail Express,KOTA,B4,15,1,2,272,LateNight,16.7,163,3,Foggy,10,0,77,3.4,20.1,66.9,1,22.2
RB-ORD-101698,Shatabdi,DDU,S4,14,0,5,594,Dinner,23.8,260,5,Rainy,5,9.2,80,9.0,32.8,61.4,1,34.1
RB-ORD-101699,Shatabdi,CNB,B4,63,1,6,536,Lunch,26.5,119,4,Rainy,10,3.9,37,3.8,30.3,20.6,1,32.0
RB-ORD-101700,Vande Bharat,BPL,S4,43,0,3,319,LateNight,16.7,350,5,Rainy,7,11.9,21,12.1,28.8,11.1,1,31.0
RB-ORD-101701,Mail Express,KOTA,S4,34,0,5,542,Lunch,25.1,122,4,Clear,15,0,34,2.8,27.9,21.1,1,30.1
RB-ORD-101702,Mail Express,CNB,B4,11,1,3,1038,LateNight,15.4,96,3,Foggy,3,9.9,48,2.0,17.4,43.5,1,18.9
RB-ORD-101703,Rajdhani,DDU,A2,60,1,4,270,Snacks,21.5,249,2,Clear,7,10.9,78,4.8,26.3,69.6,1,28.8
RB-ORD-101704,Superfast,MTJ,C2,3,1,2,497,Snacks,17.1,469,2,Rainy,10,27.4,63,12.5,29.6,70.8,1,30.7
RB-ORD-101705,Superfast,MTJ,S4,63,0,3,198,Breakfast,18.7,110,5,Foggy,2,7.2,65,2.7,21.4,52.8,1,24.1
RB-ORD-101706,Rajdhani,MTJ,B3,30,1,3,1093,Dinner,19.0,424,1,Clear,7,0,20,7.3,26.3,0.7,0,23.5
RB-ORD-101707,Mail Express,KOTA,S4,20,0,2,173,LateNight,12.5,151,5,Clear,7,12.5,26,3.7,16.2,29.3,1,18.6
RB-ORD-101708,Rajdhani,BRC,C2,12,1,3,571,Snacks,17.7,88,3,Foggy,15,0,37,1.8,19.5,32.5,1,22.5
RB-ORD-101709,Shatabdi,KOTA,B4,62,1,5,312,LateNight,20.5,252,5,Clear,5,0,78,6.2,26.7,56.3,1,28.3
RB-ORD-101710,Vande Bharat,NGP,B4,26,1,2,963,Lunch,17.1,352,1,Foggy,5,35.2,68,6.1,23.2,85.0,1,24.6
RB-ORD-101711,Shatabdi,PRYJ,B4,7,1,5,261,Snacks,21.0,454,3,Clear,5,35.7,20,9.5,30.5,30.2,1,32.8
RB-ORD-101712,Shatabdi,DDU,B1,26,1,3,774,LateNight,19.4,409,4,Clear,5,33.6,30,9.3,28.7,39.9,1,31.2
RB-ORD-101713,Vande Bharat,AGC,B5,30,1,6,765,Breakfast,25.4,111,5,Foggy,15,0,29,2.7,28.1,15.9,1,29.4
RB-ORD-101714,Superfast,ST,A2,25,1,5,288,Lunch,27.0,400,5,Clear,10,2.3,74,9.8,36.8,49.5,1,38.0
RB-ORD-101715,Rajdhani,ST,S1,8,0,2,1067,Lunch,19.9,454,2,Foggy,5,39.2,66,8.7,28.6,81.6,1,31.2
RB-ORD-101716,Shatabdi,MTJ,S4,41,0,2,921,Snacks,15.7,95,5,Rainy,5,11.5,49,3.3,19.0,46.5,1,21.3
RB-ORD-101717,Vande Bharat,BPL,B5,58,1,6,309,LateNight,22.0,473,1,Rainy,5,39.8,90,11.4,33.4,101.4,1,35.7
RB-ORD-101718,Vande Bharat,PRYJ,C1,34,1,5,267,Breakfast,22.2,378,1,Clear,3,8.4,75,6.5,28.7,57.7,1,30.2
RB-ORD-101719,Rajdhani,DDU,B1,4,1,6,315,LateNight,24.3,374,3,Foggy,7,36.6,76,7.8,32.1,87.5,1,33.6
RB-ORD-101720,Rajdhani,ST,A2,62,1,2,345,Lunch,17.3,223,2,Foggy,5,41.2,71,4.3,21.6,95.6,1,24.5
RB-ORD-101721,Shatabdi,PRYJ,S8,7,0,2,828,Snacks,13.3,345,3,Foggy,10,0,65,7.2,20.5,54.5,1,22.6
RB-ORD-101722,Shatabdi,KOTA,B1,10,1,1,816,Breakfast,11.7,217,5,Foggy,7,8.9,54,5.3,17.0,52.9,1,19.7
RB-ORD-101723,Superfast,DDU,B3,1,1,4,397,Breakfast,21.7,407,2,Rainy,3,24.4,85,10.9,32.6,79.8,1,33.9
RB-ORD-101724,Superfast,MTJ,A1,7,1,2,472,Snacks,12.8,166,2,Foggy,5,0,88,3.2,16.0,77.0,1,17.0
RB-ORD-101725,Shatabdi,BRC,C1,7,1,2,775,Dinner,19.8,292,2,Clear,3,51.3,22,5.6,25.4,50.9,1,27.6
RB-ORD-101726,Superfast,BPL,A1,15,1,2,561,Lunch,17.9,370,4,Rainy,2,8.8,22,11.8,29.7,3.1,1,31.8
RB-ORD-101727,Vande Bharat,AGC,C1,3,1,2,282,Snacks,15.5,149,1,Clear,15,0,64,2.6,18.1,60.9,1,20.9
RB-ORD-101728,Superfast,CNB,A2,21,1,1,993,Lunch,16.1,427,3,Clear,5,26.7,61,8.9,25.0,67.7,1,27.1
RB-ORD-101729,Mail Express,BPL,A2,45,1,4,283,Breakfast,21.3,350,3,Foggy,5,14.6,56,7.3,28.6,47.0,1,31.3
RB-ORD-101730,Rajdhani,CNB,H1,47,1,2,899,Dinner,19.2,423,2,Rainy,5,8.2,72,11.3,30.5,54.7,1,32.2
RB-ORD-101731,Superfast,CNB,C2,66,1,3,676,Dinner,20.9,406,4,Rainy,15,0,70,12.9,33.8,51.2,1,35.8
RB-ORD-101732,Rajdhani,BPL,B2,72,1,4,1002,Snacks,19.8,456,5,Clear,10,20.4,74,11.2,31.0,73.4,1,32.8
RB-ORD-101733,Shatabdi,BPL,B2,13,1,3,719,Breakfast,16.2,144,4,Rainy,5,0,57,4.6,20.8,41.2,1,22.3
RB-ORD-101734,Mail Express,MTJ,S4,46,0,1,988,LateNight,12.2,63,4,Clear,5,22.3,65,1.4,13.6,78.7,1,15.0
RB-ORD-101735,Vande Bharat,PRYJ,A1,5,1,6,422,Breakfast,24.3,143,1,Rainy,5,0,74,3.4,27.7,51.3,1,30.0
RB-ORD-101736,Vande Bharat,KOTA,A1,23,1,1,308,Lunch,16.1,404,3,Foggy,2,43.2,37,8.5,24.6,57.6,1,26.1
RB-ORD-101737,Superfast,KOTA,H1,49,1,2,451,Breakfast,12.9,403,1,Rainy,15,0,48,9.7,22.6,40.4,1,23.9
RB-ORD-101738,Mail Express,BPL,B5,48,1,5,732,Lunch,26.5,176,3,Foggy,7,1.1,43,3.7,30.2,20.9,1,32.2
RB-ORD-101739,Shatabdi,DDU,S4,9,0,4,724,Snacks,19.2,407,3,Clear,7,26.2,58,8.5,27.7,63.5,1,28.9
RB-ORD-101740,Rajdhani,DDU,C1,6,1,1,681,Breakfast,12.5,452,1,Rainy,5,29.8,88,10.9,23.4,99.4,1,24.6
RB-ORD-101741,Shatabdi,DDU,A2,31,1,2,553,Breakfast,15.8,444,3,Foggy,3,11.5,21,9.3,25.1,10.4,1,27.3
RB-ORD-101742,Superfast,BRC,S4,58,0,6,395,Breakfast,23.0,326,2,Clear,7,13.3,77,6.2,29.2,68.1,1,30.7
RB-ORD-101743,Shatabdi,BPL,S4,35,0,2,211,Breakfast,13.9,105,5,Foggy,5,33.3,35,2.6,16.5,56.8,1,17.9
RB-ORD-101744,Superfast,BPL,B5,5,1,4,680,Dinner,20.0,251,3,Clear,7,14.2,57,5.3,25.3,52.9,1,26.5
RB-ORD-101745,Rajdhani,DDU,B1,27,1,4,498,Dinner,21.7,75,4,Rainy,2,23.2,71,2.4,24.1,72.1,1,25.3
RB-ORD-101746,Superfast,DDU,B5,15,1,2,898,Snacks,13.7,344,2,Clear,5,0,84,6.6,20.3,68.7,1,22.1
RB-ORD-101747,Mail Express,BPL,C2,47,1,5,969,Snacks,21.0,377,2,Foggy,5,5.8,77,7.2,28.2,59.6,1,31.0
RB-ORD-101748,Superfast,DDU,E1,15,1,3,517,LateNight,16.8,70,5,Foggy,5,13.5,18,1.7,18.5,18.0,1,20.8
RB-ORD-101749,Superfast,NGP,B2,3,1,1,293,Lunch,17.5,247,5,Rainy,3,36.8,32,8.5,26.0,45.8,1,28.4
RB-ORD-101750,Superfast,DDU,B2,43,1,4,330,Snacks,19.6,385,4,Foggy,5,16.3,39,8.8,28.4,31.9,1,29.8
RB-ORD-101751,Superfast,BPL,S4,66,0,6,858,Snacks,25.7,330,4,Foggy,3,8.8,46,7.5,33.2,24.6,1,35.9
RB-ORD-101752,Rajdhani,PRYJ,S1,12,0,6,922,Breakfast,25.2,372,3,Clear,5,0,44,7.8,33.0,16.0,1,35.8
RB-ORD-101753,Vande Bharat,AGC,B4,13,1,3,360,Lunch,21.4,110,2,Rainy,3,32.1,71,2.9,24.3,81.8,1,26.3
RB-ORD-101754,Superfast,DDU,A2,31,1,2,883,LateNight,16.0,158,2,Rainy,2,13.6,80,4.2,20.2,75.4,1,21.5
RB-ORD-101755,Rajdhani,PRYJ,B3,24,1,1,432,Snacks,12.7,457,5,Foggy,5,17.7,45,11.2,23.9,43.8,1,25.1
RB-ORD-101756,Shatabdi,DDU,A1,61,1,1,942,Breakfast,15.2,362,1,Rainy,5,5.3,58,8.7,23.9,44.4,1,24.9
RB-ORD-101757,Vande Bharat,PRYJ,B5,22,1,2,401,Breakfast,16.5,174,1,Rainy,2,0,30,4.2,20.7,11.3,1,22.2
RB-ORD-101758,Superfast,CNB,B4,33,1,1,349,Breakfast,11.1,422,1,Rainy,15,4.4,88,10.2,21.3,86.1,1,23.3
RB-ORD-101759,Vande Bharat,AGC,A1,67,1,1,358,Dinner,14.9,139,5,Foggy,5,36.2,35,3.4,18.3,57.9,1,21.2
RB-ORD-101760,Superfast,DDU,A2,71,1,3,414,Dinner,19.5,291,1,Clear,3,19.4,26,5.0,24.5,23.9,1,26.8
RB-ORD-101761,Superfast,KOTA,B1,66,1,2,1087,Breakfast,14.3,205,3,Clear,5,0,16,4.3,18.6,2.4,0,18.5
RB-ORD-101762,Vande Bharat,NGP,B3,17,1,1,894,Lunch,16.4,111,1,Foggy,7,20.3,20,1.9,18.3,29.0,1,19.8
RB-ORD-101763,Shatabdi,DDU,A2,70,1,6,1023,LateNight,25.4,329,3,Rainy,2,27.6,90,9.6,35.0,84.6,1,37.0
RB-ORD-101764,Mail Express,DDU,B5,46,1,3,804,LateNight,16.4,298,2,Rainy,15,29.1,33,8.0,24.4,52.7,1,26.7
RB-ORD-101765,Rajdhani,CNB,H1,33,1,3,248,Breakfast,14.6,194,4,Rainy,7,13.7,67,6.2,20.8,66.9,1,22.5
RB-ORD-101766,Shatabdi,CNB,B5,40,1,4,830,Snacks,17.1,209,3,Rainy,5,25.8,81,6.1,23.2,88.6,1,24.5
RB-ORD-101767,Vande Bharat,PRYJ,C2,66,1,5,802,Dinner,25.1,72,3,Rainy,10,36.7,55,2.1,27.2,74.5,1,28.7
RB-ORD-101768,Rajdhani,MTJ,S1,38,0,2,198,Lunch,19.3,419,5,Foggy,3,0,43,10.3,29.6,16.4,1,31.8
RB-ORD-101769,Superfast,BPL,B5,68,1,2,750,Lunch,19.3,285,1,Rainy,15,19.6,76,6.9,26.2,84.4,1,29.2
RB-ORD-101770,Shatabdi,KOTA,B3,33,1,1,288,Snacks,13.6,200,1,Clear,5,6.1,82,3.4,17.0,76.1,1,18.4
RB-ORD-101771,Superfast,KOTA,B3,30,1,4,1055,Lunch,21.5,304,1,Clear,15,32.9,53,5.2,26.7,74.2,1,29.6
RB-ORD-101772,Rajdhani,NGP,B4,21,1,2,730,LateNight,13.4,250,2,Foggy,15,0,73,4.8,18.2,69.8,1,19.4
RB-ORD-101773,Rajdhani,PRYJ,A1,68,1,2,775,Dinner,20.2,175,2,Rainy,7,36.7,84,4.7,24.9,102.8,1,27.8
RB-ORD-101774,Mail Express,DDU,B5,48,1,1,864,Breakfast,13.0,412,5,Foggy,7,0,79,10.1,23.1,62.9,1,25.1
RB-ORD-101775,Rajdhani,PRYJ,B2,13,1,5,755,Snacks,20.2,129,1,Clear,3,23.7,78,2.2,22.4,82.3,1,24.2
RB-ORD-101776,Vande Bharat,AGC,S8,41,0,3,312,Snacks,17.4,292,1,Clear,5,0,51,5.0,22.4,33.6,1,24.9
RB-ORD-101777,Superfast,KOTA,S8,2,0,3,171,LateNight,15.6,380,1,Foggy,5,8.3,38,6.5,22.1,29.2,1,24.8
RB-ORD-101778,Mail Express,BRC,S8,59,0,2,234,Dinner,16.9,176,1,Clear,5,26.0,32,3.0,19.9,43.1,1,22.2
RB-ORD-101779,Superfast,KOTA,B5,33,1,4,634,Lunch,24.4,145,3,Foggy,2,19.1,77,3.0,27.4,70.7,1,29.4
RB-ORD-101780,Mail Express,DDU,A2,10,1,1,270,Snacks,14.0,203,3,Clear,5,18.6,75,4.2,18.2,80.4,1,20.5
RB-ORD-101781,Shatabdi,KOTA,B1,57,1,4,704,LateNight,17.9,106,5,Foggy,3,36.3,60,2.6,20.5,78.8,1,22.4
RB-ORD-101782,Mail Express,DDU,A1,14,1,4,535,Snacks,17.0,250,3,Clear,3,42.7,83,5.2,22.2,106.5,1,23.8
RB-ORD-101783,Rajdhani,KOTA,H1,57,1,4,180,Breakfast,21.0,248,1,Foggy,5,20.0,43,4.3,25.3,42.7,1,26.3
RB-ORD-101784,Rajdhani,ST,B4,50,1,4,888,LateNight,18.0,458,4,Rainy,15,17.6,54,14.6,32.6,54.0,1,35.6
RB-ORD-101785,Vande Bharat,PRYJ,B5,58,1,6,956,Breakfast,22.3,84,2,Foggy,5,0,61,1.6,23.9,42.1,1,25.1
RB-ORD-101786,Mail Express,BRC,S1,21,0,2,536,Lunch,19.5,107,2,Rainy,5,11.3,57,2.9,22.4,50.9,1,24.6
RB-ORD-101787,Mail Express,ST,C1,27,1,6,208,Breakfast,21.4,460,4,Clear,10,12.4,34,10.5,31.9,24.5,1,34.2
RB-ORD-101788,Mail Express,KOTA,S8,45,0,2,1004,Lunch,16.8,470,4,Foggy,5,16.0,56,10.7,27.5,49.5,1,29.2
RB-ORD-101789,Shatabdi,MTJ,A2,29,1,1,562,LateNight,14.4,165,4,Clear,5,0,62,3.8,18.2,48.8,1,19.9
RB-ORD-101790,Shatabdi,CNB,B3,27,1,4,283,Snacks,21.1,441,2,Rainy,10,31.2,72,11.8,32.9,80.3,1,34.2
RB-ORD-101791,Superfast,NGP,B2,64,1,3,779,Dinner,19.3,145,2,Foggy,2,31.8,50,2.8,22.1,61.7,1,23.7
RB-ORD-101792,Vande Bharat,ST,A1,55,1,3,270,Snacks,14.9,199,2,Rainy,15,0,83,5.3,20.2,77.8,1,22.2
RB-ORD-101793,Mail Express,NGP,B1,25,1,3,990,LateNight,15.2,254,3,Foggy,15,29.3,43,5.3,20.5,66.8,1,22.0
RB-ORD-101794,Mail Express,DDU,A1,24,1,1,218,Snacks,10.2,237,1,Rainy,5,20.0,47,5.7,15.9,56.1,1,18.3
RB-ORD-101795,Shatabdi,AGC,E1,60,1,5,927,Breakfast,20.2,329,3,Foggy,10,44.1,85,6.9,27.1,112.0,1,29.9
RB-ORD-101796,Mail Express,AGC,A2,34,1,3,389,LateNight,17.5,455,4,Rainy,7,17.4,72,14.5,32.0,64.4,1,33.5
RB-ORD-101797,Shatabdi,CNB,B3,8,1,6,907,Snacks,23.2,190,5,Clear,10,22.2,82,4.7,27.9,86.3,1,30.9
RB-ORD-101798,Mail Express,BPL,B1,58,1,5,1002,Dinner,23.2,448,5,Rainy,5,29.8,55,15.4,38.6,51.2,1,39.8
RB-ORD-101799,Mail Express,ST,S1,52,0,4,654,LateNight,19.8,173,2,Rainy,7,46.9,28,4.6,24.4,57.5,1,27.0
RB-ORD-101800,Superfast,MTJ,B2,20,1,4,464,Lunch,19.9,64,2,Clear,15,40.0,28,1.2,21.1,61.9,1,23.6
RB-ORD-101801,Mail Express,BPL,E1,50,1,2,445,Breakfast,16.5,81,5,Foggy,15,0,59,2.0,18.5,55.5,1,20.9
RB-ORD-101802,Superfast,BRC,B4,3,1,1,415,Snacks,13.3,306,2,Rainy,5,17.1,28,8.2,21.5,28.6,1,23.9
RB-ORD-101803,Shatabdi,BRC,S8,8,0,2,557,Dinner,16.2,433,5,Rainy,2,0,64,14.9,31.1,34.9,1,33.9
RB-ORD-101804,Shatabdi,ST,B2,12,1,4,199,Lunch,19.9,295,1,Clear,5,0.1,77,5.1,25.0,57.1,1,27.1
RB-ORD-101805,Superfast,MTJ,S4,8,0,5,596,Dinner,26.9,470,5,Foggy,5,17.4,75,11.6,38.5,58.9,1,41.1
RB-ORD-101806,Superfast,BPL,S4,22,0,4,436,Dinner,19.9,264,5,Clear,3,37.0,20,6.5,26.4,33.6,1,29.2
RB-ORD-101807,Superfast,MTJ,B5,7,1,1,728,Dinner,16.6,460,4,Clear,3,15.7,80,10.5,27.1,71.6,1,28.9
RB-ORD-101808,Rajdhani,PRYJ,B1,49,1,1,123,LateNight,10.4,315,1,Rainy,5,28.9,73,7.6,18.0,88.9,1,20.7
RB-ORD-101809,Rajdhani,ST,B3,18,1,2,862,Breakfast,17.1,81,3,Clear,10,29.4,86,1.7,18.8,106.6,1,20.0
RB-ORD-101810,Rajdhani,BRC,E1,10,1,5,1050,Breakfast,20.0,197,5,Foggy,10,0,87,4.8,24.8,72.2,1,26.0
RB-ORD-101811,Superfast,MTJ,A2,67,1,4,983,Breakfast,20.8,457,4,Clear,3,6.5,51,10.4,31.2,29.3,1,32.7
RB-ORD-101812,Vande Bharat,PRYJ,B3,20,1,3,234,LateNight,19.2,362,3,Rainy,5,7.2,32,10.6,29.8,14.4,1,31.8
RB-ORD-101813,Superfast,BRC,A2,58,1,2,231,Breakfast,13.9,477,5,Rainy,2,17.3,34,16.4,30.3,23.0,1,32.1
RB-ORD-101814,Shatabdi,ST,B3,36,1,6,280,Breakfast,25.4,194,5,Foggy,5,0,56,4.8,30.2,30.8,1,31.3
RB-ORD-101815,Superfast,BPL,S4,43,0,1,1021,Lunch,14.3,251,2,Rainy,5,6.3,47,6.7,21.0,37.3,1,22.5
RB-ORD-101816,Superfast,BPL,B5,65,1,4,629,Breakfast,16.8,68,4,Foggy,5,4.0,34,1.5,18.3,24.7,1,19.5
RB-ORD-101817,Vande Bharat,DDU,C2,17,1,1,360,Breakfast,14.3,203,3,Foggy,10,0,72,4.2,18.5,63.5,1,20.5
RB-ORD-101818,Vande Bharat,KOTA,S1,63,0,5,131,Dinner,26.6,213,5,Clear,2,25.2,20,5.2,31.8,15.4,1,33.7
RB-ORD-101819,Rajdhani,DDU,A2,54,1,4,1007,Dinner,24.5,423,5,Rainy,5,0,87,14.6,39.1,52.9,1,41.8
RB-ORD-101820,Shatabdi,DDU,S4,9,0,6,162,Snacks,26.1,212,5,Foggy,15,29.6,30,5.2,31.3,43.3,1,33.0
RB-ORD-101821,Shatabdi,BPL,S8,65,0,3,870,Snacks,15.8,477,4,Rainy,7,0,74,15.2,31.0,50.0,1,32.2
RB-ORD-101822,Vande Bharat,CNB,B3,60,1,5,884,LateNight,23.5,297,2,Clear,5,22.4,81,5.7,29.2,79.2,1,30.5
RB-ORD-101823,Vande Bharat,MTJ,C2,49,1,4,448,Snacks,19.8,469,3,Foggy,5,0,31,9.8,29.6,6.4,1,32.6
RB-ORD-101824,Shatabdi,BPL,S8,36,0,6,180,Lunch,25.0,111,3,Foggy,2,12.0,18,2.3,27.3,4.7,1,28.8
RB-ORD-101825,Superfast,BPL,C2,38,1,3,1040,Lunch,21.5,230,2,Foggy,5,20.9,42,4.4,25.9,42.0,1,27.3
RB-ORD-101826,Superfast,NGP,S1,21,0,2,912,LateNight,16.3,403,3,Foggy,10,22.3,61,8.4,24.7,68.6,1,26.3
RB-ORD-101827,Vande Bharat,ST,C2,29,1,6,749,LateNight,24.4,97,5,Clear,3,14.8,40,2.4,26.8,31.0,1,28.0
RB-ORD-101828,Shatabdi,MTJ,H1,2,1,1,1056,Snacks,12.0,455,5,Clear,3,37.4,25,11.2,23.2,42.2,1,24.4
RB-ORD-101829,Superfast,KOTA,B4,9,1,3,369,LateNight,16.9,429,4,Rainy,5,27.2,85,13.7,30.6,86.6,1,32.3
RB-ORD-101830,Mail Express,BRC,A2,26,1,5,579,Snacks,23.1,370,2,Clear,7,19.5,71,7.1,30.2,67.3,1,31.4
RB-ORD-101831,Shatabdi,BRC,B1,72,1,1,183,Breakfast,12.5,175,2,Foggy,5,12.9,52,3.3,15.8,54.1,1,18.3
RB-ORD-101832,Superfast,BPL,A2,38,1,2,577,Dinner,15.4,384,5,Foggy,5,16.8,85,9.5,24.9,81.9,1,26.2
RB-ORD-101833,Vande Bharat,KOTA,E1,51,1,4,547,Lunch,20.1,233,2,Foggy,3,9.3,26,4.4,24.5,13.8,1,27.2
RB-ORD-101834,Mail Express,MTJ,B2,36,1,1,392,Lunch,16.2,75,4,Rainy,5,18.8,32,2.4,18.6,37.2,1,20.9
RB-ORD-101835,Shatabdi,NGP,B2,37,1,2,638,Lunch,16.1,336,5,Foggy,3,0,67,8.3,24.4,45.6,1,27.1
RB-ORD-101836,Shatabdi,ST,A1,69,1,3,792,Dinner,21.6,209,4,Rainy,5,12.5,86,6.7,28.3,75.2,1,31.1
RB-ORD-101837,Vande Bharat,PRYJ,S4,62,0,2,787,Snacks,13.3,468,3,Rainy,15,0,87,13.7,27.0,75.0,1,28.7
RB-ORD-101838,Shatabdi,ST,C1,36,1,2,245,Breakfast,15.6,372,4,Clear,3,3.7,53,8.5,24.1,35.6,1,25.3
RB-ORD-101839,Superfast,MTJ,S1,42,0,3,500,Lunch,19.5,125,4,Foggy,2,0,59,2.8,22.3,38.7,1,24.5
RB-ORD-101840,Vande Bharat,AGC,S4,44,0,2,1068,Breakfast,16.1,160,5,Clear,5,21.2,59,3.9,20.0,65.2,1,21.7
RB-ORD-101841,Vande Bharat,BPL,A2,27,1,4,982,Dinner,21.4,331,4,Foggy,5,19.6,28,7.5,28.9,23.7,1,31.5
RB-ORD-101842,Rajdhani,AGC,B2,15,1,1,575,Snacks,13.5,246,5,Clear,15,27.2,45,6.1,19.6,67.6,1,21.0
RB-ORD-101843,Vande Bharat,CNB,E1,23,1,1,464,Breakfast,12.7,340,4,Rainy,10,7.4,89,10.8,23.5,82.9,1,24.6
RB-ORD-101844,Rajdhani,AGC,A1,28,1,3,1037,LateNight,19.2,461,3,Foggy,3,23.8,22,9.6,28.8,20.0,1,30.9
RB-ORD-101845,Vande Bharat,BPL,A2,21,1,6,1050,Dinner,28.5,280,1,Clear,10,21.8,50,4.8,33.3,48.5,1,35.8
RB-ORD-101846,Rajdhani,DDU,S4,19,0,5,550,LateNight,20.5,401,4,Foggy,15,41.7,86,9.1,29.6,113.1,1,31.6
RB-ORD-101847,Rajdhani,BPL,B4,51,1,6,570,Lunch,27.3,113,2,Clear,15,29.3,60,2.2,29.5,74.8,1,32.5
RB-ORD-101848,Mail Express,BPL,E1,51,1,5,457,LateNight,21.1,480,5,Rainy,5,16.0,25,16.5,37.6,8.4,1,39.1
RB-ORD-101849,Rajdhani,BRC,B2,41,1,4,894,LateNight,17.4,325,1,Rainy,5,26.4,18,7.8,25.2,24.2,1,27.0
RB-ORD-101850,Rajdhani,AGC,C2,53,1,2,293,Lunch,18.1,147,2,Foggy,7,38.2,30,2.8,20.9,54.3,1,23.1
RB-ORD-101851,Rajdhani,NGP,E1,46,1,4,215,Lunch,22.9,284,1,Foggy,2,10.7,71,4.9,27.8,55.9,1,30.1
RB-ORD-101852,Shatabdi,PRYJ,B5,42,1,3,435,Lunch,20.8,460,3,Clear,2,0,74,9.6,30.4,45.6,1,33.0
RB-ORD-101853,Superfast,MTJ,H1,38,1,1,783,Snacks,11.4,447,2,Rainy,7,3.9,27,11.9,23.3,14.6,1,26.1
RB-ORD-101854,Vande Bharat,AGC,C1,56,1,2,160,Snacks,15.8,476,4,Rainy,7,11.9,74,15.2,31.0,61.9,1,32.8
RB-ORD-101855,Rajdhani,MTJ,B1,24,1,3,143,Dinner,20.5,404,3,Foggy,10,0,69,8.5,29.0,50.0,1,30.0
RB-ORD-101856,Shatabdi,KOTA,A2,11,1,1,550,LateNight,11.9,436,2,Foggy,10,30.8,62,8.3,20.2,82.6,1,21.5
RB-ORD-101857,Shatabdi,MTJ,B5,14,1,6,846,Snacks,22.5,351,4,Clear,5,42.0,49,8.0,30.5,65.5,1,32.5
RB-ORD-101858,Mail Express,AGC,A1,50,1,1,127,Breakfast,14.7,309,1,Clear,5,14.6,15,5.3,20.0,14.6,1,21.8
RB-ORD-101859,Vande Bharat,PRYJ,S1,16,0,5,340,LateNight,22.0,473,2,Foggy,5,19.0,76,9.0,31.0,69.0,1,33.1
RB-ORD-101860,Rajdhani,DDU,S1,62,0,5,251,Breakfast,19.5,328,1,Rainy,7,15.9,15,7.9,27.4,10.5,1,29.3
RB-ORD-101861,Shatabdi,MTJ,A2,2,1,1,643,Breakfast,10.8,270,2,Foggy,10,5.6,71,5.2,16.0,70.6,1,17.6
RB-ORD-101862,Rajdhani,BPL,B3,67,1,5,350,Lunch,26.4,232,1,Foggy,3,0,66,4.0,30.4,38.6,1,32.4
RB-ORD-101863,Superfast,AGC,B2,27,1,1,986,LateNight,10.9,466,4,Rainy,5,12.3,87,14.9,25.8,78.5,1,28.2
RB-ORD-101864,Superfast,KOTA,C2,45,1,3,751,Lunch,17.9,325,2,Rainy,10,25.3,62,8.7,26.6,70.7,1,28.2
RB-ORD-101865,Superfast,BPL,B2,50,1,2,730,Breakfast,15.1,159,4,Rainy,5,25.3,75,5.1,20.2,85.1,1,21.5
RB-ORD-101866,Rajdhani,AGC,B5,16,1,2,923,Snacks,13.8,66,4,Clear,5,21.1,40,1.5,15.3,50.8,1,16.9
RB-ORD-101867,Mail Express,NGP,E1,65,1,4,453,Dinner,21.1,132,1,Rainy,5,7.2,69,3.2,24.3,56.9,1,26.3
RB-ORD-101868,Superfast,AGC,S4,72,0,6,301,Breakfast,23.8,310,4,Clear,7,0,56,7.1,30.9,32.1,1,32.5
RB-ORD-101869,Rajdhani,BPL,B1,28,1,1,468,Breakfast,13.5,225,4,Clear,5,0,63,5.1,18.6,49.4,1,20.8
RB-ORD-101870,Superfast,AGC,S1,63,0,3,420,Dinner,19.1,144,3,Rainy,3,28.1,44,4.2,23.3,51.8,1,25.8
RB-ORD-101871,Mail Express,AGC,B5,12,1,1,554,Snacks,12.3,140,1,Rainy,5,0,72,3.4,15.7,61.3,1,18.5
RB-ORD-101872,Superfast,ST,E1,31,1,5,358,Lunch,24.3,219,1,Rainy,15,20.4,77,5.3,29.6,82.8,1,30.7
RB-ORD-101873,Mail Express,CNB,B4,61,1,1,887,Breakfast,14.8,200,1,Foggy,5,22.3,22,3.4,18.2,31.1,1,20.4
RB-ORD-101874,Vande Bharat,BPL,C1,66,1,2,608,Breakfast,16.5,87,2,Rainy,5,4.7,32,2.3,18.8,22.9,1,20.0
RB-ORD-101875,Rajdhani,NGP,A2,51,1,3,1042,Dinner,18.9,320,5,Foggy,7,23.7,27,7.9,26.8,30.9,1,28.8
RB-ORD-101876,Mail Express,MTJ,S1,71,0,5,431,Snacks,21.3,357,4,Foggy,15,0,60,8.1,29.4,45.6,1,30.6
RB-ORD-101877,Shatabdi,DDU,B2,59,1,5,982,Snacks,23.5,150,2,Rainy,3,33.8,21,4.0,27.5,30.3,1,29.8
RB-ORD-101878,Mail Express,BPL,B2,3,1,5,1000,Lunch,26.8,260,5,Clear,15,1.9,81,6.4,33.2,64.7,1,35.9
RB-ORD-101879,Mail Express,DDU,S4,68,0,3,269,Breakfast,16.3,388,2,Clear,5,51.8,38,7.4,23.7,71.1,1,26.7
RB-ORD-101880,Shatabdi,KOTA,B5,13,1,1,399,Lunch,15.1,108,2,Clear,15,0,67,2.1,17.2,64.8,1,18.6
RB-ORD-101881,Vande Bharat,DDU,B5,48,1,4,567,Breakfast,20.7,383,5,Clear,10,34.4,24,9.4,30.1,38.3,1,31.4
RB-ORD-101882,Mail Express,MTJ,B1,39,1,3,330,LateNight,14.9,415,5,Rainy,15,11.1,65,14.3,29.2,61.9,1,31.1
RB-ORD-101883,Superfast,NGP,B3,15,1,6,1082,Lunch,25.6,176,1,Rainy,5,6.4,56,4.2,29.8,37.6,1,31.5
RB-ORD-101884,Vande Bharat,PRYJ,S8,25,0,6,1020,Snacks,26.1,93,2,Foggy,7,15.8,46,1.8,27.9,40.9,1,30.6
RB-ORD-101885,Rajdhani,ST,S1,43,0,5,1064,Breakfast,23.9,290,1,Rainy,2,21.8,18,7.0,30.9,10.9,1,32.3
RB-ORD-101886,Shatabdi,KOTA,B4,63,1,6,374,Lunch,28.3,136,3,Clear,5,1.2,53,2.8,31.1,28.1,1,32.2
RB-ORD-101887,Superfast,BRC,C2,66,1,5,1040,Dinner,24.3,397,3,Rainy,5,13.9,24,11.6,35.9,7.0,1,38.4
RB-ORD-101888,Mail Express,KOTA,B2,5,1,1,626,Lunch,17.0,101,3,Rainy,5,0,84,3.0,20.0,69.0,1,22.8
RB-ORD-101889,Superfast,BPL,B1,63,1,6,701,Dinner,27.5,432,3,Clear,3,29.0,43,9.0,36.5,38.5,1,38.7
RB-ORD-101890,Rajdhani,DDU,A2,41,1,1,744,Dinner,13.7,239,4,Rainy,5,33.6,76,7.6,21.3,93.3,1,22.4
RB-ORD-101891,Superfast,BPL,C1,69,1,6,563,LateNight,25.0,296,1,Rainy,5,0,42,7.1,32.1,14.9,1,34.5
RB-ORD-101892,Superfast,BRC,B3,9,1,5,724,LateNight,20.9,440,4,Clear,3,18.2,78,10.0,30.9,68.3,1,31.9
RB-ORD-101893,Superfast,ST,B1,17,1,2,782,Dinner,16.3,318,3,Foggy,10,10.7,35,6.7,23.0,32.7,1,25.9
RB-ORD-101894,Rajdhani,ST,B4,70,1,4,632,Breakfast,21.3,234,5,Rainy,5,0,69,8.1,29.4,44.6,1,31.0
RB-ORD-101895,Mail Express,BRC,S8,70,0,4,675,Snacks,17.7,167,5,Foggy,15,2.5,49,4.1,21.8,44.7,1,23.1
RB-ORD-101896,Superfast,PRYJ,E1,52,1,5,602,Breakfast,20.8,437,4,Foggy,5,4.9,75,10.0,30.8,54.1,1,32.9
RB-ORD-101897,Shatabdi,BPL,H1,50,1,3,339,Breakfast,15.6,318,1,Foggy,5,11.7,48,5.5,21.1,43.6,1,22.5
RB-ORD-101898,Vande Bharat,KOTA,A1,59,1,3,139,Snacks,16.7,216,2,Clear,5,0,35,4.1,20.8,19.2,1,23.2
RB-ORD-101899,Shatabdi,ST,S4,36,0,3,498,Dinner,22.4,276,2,Clear,3,13.3,51,5.3,27.7,39.6,1,29.0
RB-ORD-101900,Shatabdi,MTJ,H1,55,1,1,326,LateNight,15.0,91,1,Clear,2,1.8,76,1.6,16.6,63.2,1,17.9
RB-ORD-101901,Shatabdi,PRYJ,C2,68,1,6,896,Dinner,27.2,259,5,Rainy,3,4.5,73,8.9,36.1,44.4,1,38.1
RB-ORD-101902,Vande Bharat,AGC,C2,26,1,2,637,Lunch,17.6,279,5,Foggy,5,1.0,82,6.9,24.5,63.5,1,26.5
RB-ORD-101903,Mail Express,NGP,S1,68,0,2,473,LateNight,17.2,112,4,Clear,15,0,41,2.6,19.8,36.2,1,21.5
RB-ORD-101904,Vande Bharat,AGC,A1,5,1,4,947,LateNight,19.5,311,2,Foggy,5,1.9,76,5.9,25.4,57.5,1,27.9
RB-ORD-101905,Shatabdi,KOTA,B2,67,1,1,505,LateNight,14.8,150,5,Rainy,10,0,18,5.2,20.0,8.0,1,22.8
RB-ORD-101906,Mail Express,BPL,B1,70,1,4,594,Lunch,23.1,282,2,Foggy,5,0,67,5.4,28.5,43.5,1,30.6
RB-ORD-101907,Rajdhani,MTJ,A2,57,1,4,878,Dinner,22.8,98,5,Foggy,10,5.8,71,2.4,25.2,61.6,1,28.2
RB-ORD-101908,Mail Express,ST,A1,57,1,3,1049,Dinner,17.8,170,4,Foggy,5,0.6,42,3.9,21.7,25.9,1,23.3
RB-ORD-101909,Superfast,KOTA,B5,18,1,4,240,Breakfast,20.3,315,2,Foggy,5,42.0,45,6.0,26.3,65.7,1,28.1
RB-ORD-101910,Rajdhani,PRYJ,S1,36,0,5,233,LateNight,19.4,132,5,Foggy,10,54.1,65,3.2,22.6,106.5,1,24.2
RB-ORD-101911,Superfast,AGC,A1,61,1,2,390,Dinner,19.4,398,5,Rainy,5,0,85,13.7,33.1,56.9,1,34.7
RB-ORD-101912,Rajdhani,MTJ,B3,71,1,6,843,Snacks,25.1,465,1,Clear,7,37.0,82,8.0,33.1,92.9,1,34.2
RB-ORD-101913,Mail Express,DDU,S1,55,0,4,1040,LateNight,17.1,196,5,Clear,5,0,55,4.8,21.9,38.1,1,23.0
RB-ORD-101914,Mail Express,MTJ,C1,29,1,3,858,LateNight,15.7,206,3,Rainy,7,0,49,6.0,21.7,34.3,1,23.2
RB-ORD-101915,Superfast,CNB,S4,51,0,1,852,Breakfast,10.9,142,2,Rainy,15,0,88,3.8,14.7,88.3,1,17.1
RB-ORD-101916,Shatabdi,NGP,C1,11,1,3,1076,Lunch,18.3,65,2,Clear,2,0,16,1.2,19.5,-1.5,0,17.0
RB-ORD-101917,Shatabdi,ST,E1,61,1,4,944,LateNight,17.0,223,1,Rainy,10,12.9,87,5.4,22.4,87.5,1,23.9
RB-ORD-101918,Vande Bharat,PRYJ,A2,2,1,1,1072,Dinner,17.0,79,4,Foggy,3,34.3,34,1.8,18.8,52.5,1,20.5
RB-ORD-101919,Rajdhani,ST,B1,52,1,5,999,LateNight,20.7,351,2,Foggy,3,0,59,6.7,27.4,34.6,1,30.1
RB-ORD-101920,Vande Bharat,KOTA,E1,34,1,3,446,Snacks,15.7,125,1,Rainy,7,39.9,38,3.0,18.7,66.2,1,20.3
RB-ORD-101921,Mail Express,DDU,B5,36,1,1,314,LateNight,13.2,166,1,Foggy,7,27.4,25,2.9,16.1,43.3,1,17.6
RB-ORD-101922,Rajdhani,BPL,A2,42,1,5,1054,Breakfast,22.7,404,4,Rainy,2,2.2,59,12.9,35.6,27.6,1,37.8
RB-ORD-101923,Rajdhani,ST,E1,56,1,2,541,Breakfast,12.6,473,5,Foggy,3,0,32,11.6,24.2,10.8,1,26.5
RB-ORD-101924,Rajdhani,MTJ,E1,25,1,1,823,Dinner,13.9,201,3,Foggy,5,9.5,82,4.2,18.1,78.4,1,19.4
RB-ORD-101925,Superfast,PRYJ,S4,51,0,2,637,LateNight,13.1,317,3,Clear,2,6.2,38,6.6,19.7,26.5,1,20.8
RB-ORD-101926,Superfast,ST,S1,25,0,6,229,LateNight,21.5,419,5,Clear,5,10.0,67,10.3,31.8,50.2,1,33.5
RB-ORD-101927,Mail Express,DDU,A2,42,1,3,747,LateNight,15.8,279,3,Clear,5,35.5,49,5.8,21.6,67.9,1,24.6
RB-ORD-101928,Superfast,BRC,S4,24,0,4,776,Breakfast,19.4,216,5,Foggy,7,6.2,47,5.3,24.7,35.5,1,26.6
RB-ORD-101929,Shatabdi,NGP,A2,20,1,2,148,Breakfast,13.8,260,1,Rainy,10,0,15,6.3,20.1,4.9,0,20.0
RB-ORD-101930,Rajdhani,KOTA,E1,29,1,3,173,Dinner,19.8,88,3,Rainy,7,0,63,2.6,22.4,47.6,1,23.5
RB-ORD-101931,Shatabdi,DDU,B1,66,1,3,779,Snacks,17.5,471,4,Foggy,15,1.2,69,10.7,28.2,57.0,1,30.3
RB-ORD-101932,Vande Bharat,DDU,B2,40,1,4,392,Lunch,24.0,81,2,Rainy,5,31.6,87,2.2,26.2,97.4,1,27.9
RB-ORD-101933,Vande Bharat,BRC,C1,50,1,1,726,Breakfast,12.7,451,3,Clear,5,0,73,9.4,22.1,55.9,1,23.5
RB-ORD-101934,Vande Bharat,KOTA,B2,13,1,1,952,LateNight,13.4,450,2,Clear,5,26.7,70,8.6,22.0,79.7,1,23.5
RB-ORD-101935,Superfast,AGC,S8,71,0,1,921,Lunch,15.0,143,2,Clear,2,14.5,83,2.7,17.7,81.8,1,19.7
RB-ORD-101936,Rajdhani,AGC,B5,50,1,2,939,Lunch,17.6,384,2,Foggy,5,72.8,80,7.3,24.9,132.9,1,27.5
RB-ORD-101937,Superfast,BPL,A2,71,1,4,543,LateNight,18.6,344,5,Clear,7,17.6,85,8.5,27.1,82.5,1,29.4
RB-ORD-101938,Vande Bharat,PRYJ,B2,42,1,4,972,Snacks,18.1,410,5,Clear,3,13.5,55,10.1,28.2,43.3,1,31.2
RB-ORD-101939,Shatabdi,MTJ,S1,14,0,5,770,Breakfast,19.5,204,5,Rainy,15,0,50,7.0,26.5,38.5,1,29.5
RB-ORD-101940,Rajdhani,BPL,S8,15,0,3,397,Dinner,18.9,292,1,Rainy,3,0,58,7.0,25.9,35.1,1,27.0
RB-ORD-101941,Superfast,BPL,A2,19,1,4,520,Dinner,21.5,457,4,Foggy,7,21.7,52,10.4,31.9,48.8,1,33.3
RB-ORD-101942,Superfast,NGP,A2,47,1,5,755,Snacks,22.3,201,3,Foggy,2,0,36,4.2,26.5,11.5,1,29.3
RB-ORD-101943,Vande Bharat,AGC,C2,72,1,1,974,Dinner,17.4,374,1,Clear,5,0,63,6.4,23.8,44.2,1,25.9
RB-ORD-101944,Superfast,BRC,B5,50,1,2,681,LateNight,16.0,335,1,Clear,10,18.1,42,5.8,21.8,48.3,1,24.1
RB-ORD-101945,Vande Bharat,AGC,B2,47,1,1,765,Lunch,17.9,62,2,Clear,5,0,59,1.2,19.1,44.9,1,21.1
RB-ORD-101946,Shatabdi,MTJ,B4,39,1,3,587,LateNight,18.3,176,5,Clear,15,25.9,36,4.3,22.6,54.3,1,25.4
RB-ORD-101947,Rajdhani,MTJ,C2,49,1,1,744,Dinner,16.5,327,3,Foggy,5,0,36,6.8,23.3,17.7,1,25.6
RB-ORD-101948,Rajdhani,AGC,S8,41,0,6,817,Dinner,26.4,288,3,Rainy,2,30.6,82,8.4,34.8,79.8,1,35.9
RB-ORD-101949,Superfast,AGC,S4,62,0,2,708,Dinner,18.3,474,1,Clear,15,0,59,8.2,26.5,47.5,1,28.3
RB-ORD-101950,Mail Express,AGC,C1,38,1,3,272,Snacks,14.8,221,3,Clear,3,22.6,79,4.6,19.4,85.2,1,21.1
RB-ORD-101951,Rajdhani,DDU,S8,17,0,3,226,Snacks,14.9,278,1,Clear,10,6.9,45,4.8,19.7,42.2,1,22.0
RB-ORD-101952,Rajdhani,NGP,B5,16,1,3,433,Snacks,18.0,238,2,Clear,5,24.7,78,4.5,22.5,85.2,1,23.5
RB-ORD-101953,Shatabdi,NGP,S4,13,0,3,565,Breakfast,15.5,277,5,Rainy,5,0,24,9.5,25.0,4.0,1,26.5
RB-ORD-101954,Mail Express,BRC,B4,35,1,1,764,Dinner,16.3,309,1,Foggy,3,28.5,16,5.3,21.6,25.9,1,23.7
RB-ORD-101955,Superfast,BRC,S8,39,0,3,224,Snacks,17.9,227,5,Foggy,7,5.4,27,5.6,23.5,15.9,1,26.0
RB-ORD-101956,Mail Express,MTJ,E1,28,1,4,682,Breakfast,18.9,99,5,Rainy,5,46.9,65,3.4,22.3,94.6,1,23.4
RB-ORD-101957,Shatabdi,AGC,S1,67,0,1,511,LateNight,13.5,71,5,Rainy,5,0.6,74,2.4,15.9,63.7,1,18.1
RB-ORD-101958,Superfast,ST,C2,40,1,6,1079,Dinner,24.2,71,1,Rainy,5,0,58,1.7,25.9,37.1,1,27.7
RB-ORD-101959,Rajdhani,CNB,A1,16,1,6,744,LateNight,21.3,312,4,Clear,3,0,80,7.1,28.4,54.6,1,29.9
RB-ORD-101960,Vande Bharat,MTJ,B3,22,1,2,920,Dinner,15.7,166,2,Clear,10,13.6,56,3.2,18.9,60.7,1,21.7
RB-ORD-101961,Superfast,ST,A1,7,1,3,595,Lunch,21.4,396,3,Rainy,5,18.0,56,11.6,33.0,46.0,1,34.5
RB-ORD-101962,Vande Bharat,ST,C2,45,1,2,696,Dinner,15.9,406,3,Clear,5,3.0,62,8.5,24.4,45.6,1,27.0
RB-ORD-101963,Mail Express,NGP,B5,19,1,4,180,Dinner,22.1,65,3,Clear,2,0,86,1.4,23.5,64.5,1,24.7
RB-ORD-101964,Vande Bharat,BRC,E1,50,1,3,213,Breakfast,16.8,274,3,Foggy,3,0,40,5.7,22.5,20.5,1,24.9
RB-ORD-101965,Vande Bharat,BPL,B5,23,1,4,161,Breakfast,17.7,156,5,Rainy,5,12.4,84,5.4,23.1,78.3,1,24.6
RB-ORD-101966,Shatabdi,MTJ,S4,25,0,5,781,LateNight,23.4,347,5,Rainy,5,0,62,12.0,35.4,31.6,1,36.7
RB-ORD-101967,Shatabdi,BRC,S8,62,0,3,1008,Dinner,19.6,221,1,Rainy,5,0,49,5.3,24.9,29.1,1,26.2
RB-ORD-101968,Mail Express,DDU,S8,43,0,4,326,LateNight,18.8,237,4,Clear,10,0,77,5.4,24.2,62.8,1,25.3
RB-ORD-101969,Rajdhani,ST,B2,22,1,2,762,Breakfast,15.6,408,3,Clear,5,0,81,8.5,24.1,61.9,1,25.5
RB-ORD-101970,Shatabdi,CNB,C1,66,1,2,964,Snacks,13.8,319,5,Rainy,7,13.4,73,11.0,24.8,68.6,1,27.2
RB-ORD-101971,Vande Bharat,DDU,A2,67,1,2,695,Lunch,18.5,158,3,Rainy,5,20.4,62,4.6,23.1,64.3,1,25.5
RB-ORD-101972,Shatabdi,KOTA,B2,46,1,1,621,Lunch,15.3,70,4,Foggy,5,2.7,63,1.6,16.9,53.8,1,19.8
RB-ORD-101973,Mail Express,DDU,C2,20,1,6,381,Dinner,24.7,339,1,Clear,7,15.4,75,5.8,30.5,66.9,1,32.8
RB-ORD-101974,Rajdhani,ST,C2,28,1,1,286,Lunch,16.1,246,1,Clear,5,0,41,4.2,20.3,25.7,1,21.7
RB-ORD-101975,Superfast,DDU,S1,29,0,2,315,Lunch,20.1,269,2,Foggy,7,52.0,48,5.1,25.2,81.8,1,27.5
RB-ORD-101976,Superfast,KOTA,B2,38,1,3,447,Lunch,20.8,196,3,Rainy,3,40.6,58,5.7,26.5,75.1,1,27.7
RB-ORD-101977,Mail Express,NGP,H1,70,1,4,625,LateNight,20.6,111,2,Foggy,2,0.9,25,2.1,22.7,5.2,1,24.1
RB-ORD-101978,Mail Express,CNB,B3,26,1,2,843,Dinner,19.4,272,5,Clear,7,0,60,6.7,26.1,40.9,1,28.5
RB-ORD-101979,Vande Bharat,AGC,C1,50,1,6,696,Lunch,25.4,162,5,Clear,2,0,58,4.0,29.4,30.6,1,30.6
RB-ORD-101980,Shatabdi,BPL,A1,18,1,4,1081,LateNight,20.0,142,4,Foggy,15,20.0,70,3.2,23.2,81.8,1,24.2
RB-ORD-101981,Vande Bharat,AGC,A1,55,1,3,142,LateNight,15.0,430,3,Clear,2,0,83,9.0,24.0,61.0,1,25.0
RB-ORD-101982,Mail Express,NGP,H1,51,1,5,705,LateNight,23.8,351,1,Foggy,5,22.0,82,6.0,29.8,79.2,1,32.6
RB-ORD-101983,Mail Express,CNB,S1,59,0,3,518,Breakfast,14.8,208,1,Clear,5,0,25,3.6,18.4,11.6,1,20.1
RB-ORD-101984,Rajdhani,MTJ,E1,42,1,5,898,Dinner,23.7,163,2,Clear,15,0,41,3.1,26.8,29.2,1,29.6
RB-ORD-101985,Rajdhani,KOTA,S1,52,0,4,564,LateNight,17.1,257,2,Rainy,7,19.1,84,6.9,24.0,86.1,1,26.8
RB-ORD-101986,Rajdhani,NGP,A1,11,1,3,837,LateNight,18.5,266,3,Rainy,15,0,41,7.8,26.3,29.7,1,28.7
RB-ORD-101987,Shatabdi,AGC,B2,3,1,3,482,Dinner,22.6,455,2,Rainy,3,36.8,20,12.2,34.8,25.0,1,36.7
RB-ORD-101988,Mail Express,NGP,B1,72,1,6,678,LateNight,24.2,229,5,Rainy,10,0.8,72,7.9,32.1,50.7,1,33.7
RB-ORD-101989,Shatabdi,KOTA,B4,13,1,3,700,Snacks,19.4,340,4,Rainy,5,25.8,27,10.8,30.2,27.6,1,31.3
RB-ORD-101990,Vande Bharat,ST,C2,66,1,1,684,Breakfast,13.5,428,5,Foggy,5,36.6,21,10.5,24.0,38.6,1,26.2
RB-ORD-101991,Shatabdi,BRC,C2,39,1,6,226,Snacks,21.6,183,3,Clear,7,9.2,22,3.8,25.4,12.8,1,27.4
RB-ORD-101992,Shatabdi,KOTA,S4,52,0,2,922,Dinner,16.3,270,3,Rainy,3,10.9,38,7.9,24.2,27.7,1,26.1
RB-ORD-101993,Shatabdi,CNB,C1,29,1,6,708,Lunch,24.3,208,2,Rainy,7,0,42,5.6,29.9,19.1,1,31.4
RB-ORD-101994,Mail Express,BRC,H1,37,1,6,764,Snacks,25.8,418,4,Clear,7,0,45,9.5,35.3,16.7,1,37.4
RB-ORD-101995,Shatabdi,KOTA,H1,56,1,5,996,Lunch,22.8,461,4,Clear,3,7.0,85,10.5,33.3,61.7,1,35.1
RB-ORD-101996,Shatabdi,KOTA,C2,69,1,1,739,Dinner,16.2,299,5,Clear,5,5.3,16,7.4,23.6,2.7,1,23.8
RB-ORD-101997,Mail Express,NGP,S8,32,0,3,1007,Breakfast,15.7,120,4,Foggy,7,26.7,24,2.7,18.4,39.3,1,19.5
RB-ORD-101998,Shatabdi,AGC,B4,64,1,5,605,Breakfast,20.5,391,2,Foggy,10,19.5,21,7.5,28.0,22.5,1,29.9
RB-ORD-101999,Superfast,BPL,S1,59,0,2,907,Snacks,13.0,177,2,Clear,15,7.2,26,3.4,16.4,31.8,1,17.9
RB-ORD-102000,Rajdhani,AGC,E1,24,1,3,1093,Dinner,19.8,188,1,Foggy,10,12.2,49,3.2,23.0,48.2,1,24.4
RB-ORD-102001,Vande Bharat,BRC,B2,46,1,1,729,Dinner,16.7,140,2,Foggy,5,41.9,52,2.7,19.4,79.5,1,21.2
RB-ORD-102002,Superfast,AGC,B2,48,1,3,1024,Lunch,20.8,394,3,Clear,2,9.5,41,8.2,29.0,23.5,1,31.4
RB-ORD-102003,Rajdhani,AGC,B2,46,1,4,775,Snacks,18.3,421,2,Clear,10,0,70,8.0,26.3,53.7,1,28.0
RB-ORD-102004,Shatabdi,BPL,B3,24,1,5,892,Lunch,25.4,218,5,Clear,5,12.3,56,5.4,30.8,42.5,1,33.1
RB-ORD-102005,Vande Bharat,DDU,H1,28,1,6,381,LateNight,26.2,173,3,Rainy,7,0,71,5.1,31.3,46.7,1,32.7
RB-ORD-102006,Mail Express,MTJ,B1,50,1,3,126,Dinner,18.6,414,1,Rainy,3,18.2,33,10.0,28.6,25.6,1,30.2
RB-ORD-102007,Rajdhani,KOTA,B5,34,1,4,635,Lunch,20.5,384,1,Clear,15,30.1,57,6.6,27.1,75.0,1,30.0
RB-ORD-102008,Shatabdi,DDU,B2,33,1,1,1006,Breakfast,12.1,369,4,Foggy,7,13.7,31,8.4,20.5,31.2,1,21.9
RB-ORD-102009,Superfast,CNB,B3,60,1,2,867,Breakfast,13.4,309,4,Clear,10,0,48,7.0,20.4,37.6,1,22.4
RB-ORD-102010,Superfast,DDU,A2,62,1,6,433,Dinner,27.2,269,2,Rainy,5,0,64,7.2,34.4,34.6,1,35.4
RB-ORD-102011,Rajdhani,AGC,B4,29,1,2,619,LateNight,15.6,273,4,Foggy,5,12.4,27,6.2,21.8,22.6,1,23.0
RB-ORD-102012,Mail Express,NGP,B2,38,1,5,409,LateNight,20.5,295,3,Clear,7,11.2,30,6.2,26.7,21.5,1,28.5
RB-ORD-102013,Rajdhani,NGP,C1,6,1,2,677,Snacks,15.0,154,2,Foggy,7,0,34,2.9,17.9,23.1,1,20.8
RB-ORD-102014,Superfast,DDU,A1,52,1,1,434,Breakfast,10.5,248,5,Clear,10,31.8,63,6.1,16.6,88.2,1,17.9
RB-ORD-102015,Vande Bharat,KOTA,C1,44,1,4,660,LateNight,17.1,420,2,Clear,7,9.2,20,8.0,25.1,11.1,1,26.7
RB-ORD-102016,Superfast,BRC,B2,24,1,1,260,Dinner,17.7,330,3,Clear,2,13.4,32,6.9,24.6,22.8,1,26.9
RB-ORD-102017,Shatabdi,BRC,C1,18,1,5,761,Lunch,23.0,250,5,Clear,15,15.3,34,6.2,29.2,35.1,1,30.5
RB-ORD-102018,Vande Bharat,DDU,S1,46,0,1,228,Breakfast,14.8,184,5,Clear,15,16.4,75,4.5,19.3,87.1,1,21.9
RB-ORD-102019,Superfast,DDU,B3,57,1,5,599,Dinner,25.6,153,2,Rainy,5,0,46,4.1,29.7,21.3,1,31.9
RB-ORD-102020,Superfast,NGP,A1,14,1,3,381,Snacks,16.9,161,1,Foggy,10,28.1,58,2.8,19.7,76.4,1,22.5
RB-ORD-102021,Vande Bharat,ST,A2,68,1,1,436,LateNight,12.7,284,2,Foggy,5,5.0,87,5.4,18.1,78.9,1,19.2
RB-ORD-102022,Mail Express,PRYJ,B2,9,1,2,130,Breakfast,17.0,171,5,Foggy,5,5.9,45,4.2,21.2,34.7,1,22.4
RB-ORD-102023,Shatabdi,BRC,S4,71,0,1,892,Breakfast,10.3,232,1,Foggy,15,0,90,4.0,14.3,90.7,1,17.3
RB-ORD-102024,Shatabdi,DDU,A1,7,1,3,409,Lunch,21.7,362,2,Clear,15,32.3,27,6.9,28.6,45.7,1,30.7
RB-ORD-102025,Rajdhani,KOTA,C1,67,1,3,1094,Snacks,19.5,269,2,Clear,10,0.9,26,5.1,24.6,12.3,1,26.1
RB-ORD-102026,Rajdhani,PRYJ,C1,68,1,3,1004,Breakfast,15.3,319,1,Foggy,10,0,44,5.5,20.8,33.2,1,22.2
RB-ORD-102027,Rajdhani,BPL,H1,38,1,1,158,Lunch,14.9,197,1,Rainy,10,28.0,35,4.8,19.7,53.3,1,22.1
RB-ORD-102028,Vande Bharat,BPL,C2,69,1,2,659,Snacks,14.0,324,1,Clear,10,43.4,44,5.6,19.6,77.8,1,22.6
RB-ORD-102029,Rajdhani,NGP,B5,36,1,6,564,Dinner,27.6,377,1,Foggy,5,21.2,76,6.5,34.1,68.1,1,36.7
RB-ORD-102030,Rajdhani,ST,B3,13,1,3,653,Snacks,17.4,329,1,Foggy,3,19.2,27,5.7,23.1,26.1,1,25.9
RB-ORD-102031,Rajdhani,BRC,B5,50,1,1,254,Lunch,16.2,263,5,Foggy,7,31.7,46,6.5,22.7,62.0,1,24.0
RB-ORD-102032,Mail Express,ST,B2,35,1,1,670,Breakfast,12.3,475,1,Clear,5,0,58,8.2,20.5,42.5,1,22.3
RB-ORD-102033,Superfast,NGP,B1,19,1,4,217,Dinner,22.6,299,5,Foggy,5,0,74,7.4,30.0,49.0,1,32.5
RB-ORD-102034,Superfast,BRC,S1,10,0,5,323,LateNight,22.3,287,1,Clear,5,7.4,78,4.9,27.2,63.2,1,28.9
RB-ORD-102035,Rajdhani,ST,S8,33,0,4,358,Breakfast,17.3,118,1,Foggy,2,22.8,38,2.0,19.3,43.5,1,21.7
RB-ORD-102036,Mail Express,KOTA,B5,12,1,6,428,Lunch,25.7,350,4,Clear,5,11.9,52,8.0,33.7,35.2,1,35.8
RB-ORD-102037,Mail Express,CNB,B3,42,1,5,542,Lunch,24.1,428,5,Rainy,2,33.8,17,14.7,38.8,14.0,1,40.3
RB-ORD-102038,Shatabdi,BPL,B1,8,1,3,226,LateNight,15.6,82,2,Rainy,3,1.7,26,2.2,17.8,12.9,1,18.9
RB-ORD-102039,Superfast,NGP,B2,62,1,1,516,Breakfast,11.8,413,5,Rainy,10,8.4,86,14.2,26.0,78.4,1,28.3
RB-ORD-102040,Vande Bharat,ST,S4,67,0,4,249,LateNight,17.3,259,5,Rainy,3,0,80,8.9,26.2,56.8,1,28.0
RB-ORD-102041,Vande Bharat,AGC,C2,36,1,3,1038,Snacks,16.1,447,4,Clear,7,0,62,10.2,26.3,42.7,1,27.6
RB-ORD-102042,Vande Bharat,DDU,A2,26,1,6,533,Lunch,24.2,398,3,Clear,3,24.9,67,8.3,32.5,62.4,1,34.7
RB-ORD-102043,Shatabdi,BRC,H1,21,1,2,189,LateNight,14.5,329,4,Clear,3,42.4,71,7.5,22.0,94.4,1,23.5
RB-ORD-102044,Superfast,KOTA,B2,70,1,3,925,LateNight,17.2,188,1,Foggy,5,23.1,59,3.2,20.4,66.7,1,23.0
RB-ORD-102045,Shatabdi,MTJ,B1,47,1,6,587,Breakfast,25.5,414,3,Clear,10,0,55,8.7,34.2,30.8,1,35.4
RB-ORD-102046,Superfast,BPL,A2,50,1,4,588,Breakfast,21.7,480,1,Rainy,15,22.7,29,11.6,33.3,33.4,1,34.6
RB-ORD-102047,Superfast,ST,B2,67,1,6,792,Breakfast,23.0,276,4,Foggy,7,13.3,82,6.3,29.3,73.0,1,31.6
RB-ORD-102048,Vande Bharat,NGP,B3,47,1,6,1012,Snacks,23.3,238,1,Clear,7,0.3,73,4.1,27.4,52.9,1,29.8
RB-ORD-102049,Vande Bharat,AGC,A1,66,1,6,384,LateNight,24.5,385,5,Clear,10,0,23,9.5,34.0,-1.0,0,28.0
RB-ORD-102050,Vande Bharat,ST,E1,33,1,2,406,Lunch,17.3,126,1,Clear,15,11.3,84,2.2,19.5,90.8,1,21.9
RB-ORD-102051,Rajdhani,BRC,C1,31,1,2,1042,LateNight,12.6,310,4,Foggy,5,0,16,7.1,19.7,1.3,0,18.5
RB-ORD-102052,Shatabdi,DDU,S8,3,0,1,1033,Snacks,11.9,60,2,Clear,7,6.2,70,1.1,13.0,70.2,1,15.7
RB-ORD-102053,Superfast,PRYJ,H1,5,1,6,877,LateNight,24.9,348,1,Clear,7,37.0,22,6.0,30.9,35.1,1,32.4
RB-ORD-102054,Vande Bharat,NGP,S4,9,0,5,901,LateNight,21.1,196,5,Clear,5,43.4,81,4.8,25.9,103.5,1,28.4
RB-ORD-102055,Vande Bharat,NGP,B3,53,1,5,1051,Dinner,26.8,94,4,Clear,10,0,39,2.1,28.9,20.1,1,31.7
RB-ORD-102056,Superfast,BPL,B3,53,1,6,1065,LateNight,24.6,378,1,Foggy,5,24.6,38,6.5,31.1,36.5,1,32.8
RB-ORD-102057,Shatabdi,PRYJ,S8,60,0,5,677,Breakfast,23.2,467,4,Foggy,5,6.9,27,10.6,33.8,5.1,1,36.3
RB-ORD-102058,Superfast,ST,A1,5,1,5,943,Dinner,23.6,143,3,Rainy,7,0,20,4.2,27.8,-0.8,0,23.5
RB-ORD-102059,Mail Express,BRC,S1,69,0,5,795,Dinner,22.6,355,2,Rainy,7,42.2,18,9.5,32.1,35.1,1,34.2
RB-ORD-102060,Rajdhani,MTJ,B5,11,1,3,1016,Lunch,19.0,379,5,Clear,3,34.4,45,9.3,28.3,54.1,1,31.0
RB-ORD-102061,Vande Bharat,PRYJ,C1,23,1,5,799,Breakfast,21.7,411,2,Rainy,2,0,52,11.0,32.7,21.3,1,35.3
RB-ORD-102062,Superfast,KOTA,B4,53,1,6,286,Dinner,26.7,352,1,Clear,5,21.9,21,6.1,32.8,15.1,1,34.3
RB-ORD-102063,Shatabdi,CNB,B5,51,1,6,632,Snacks,21.4,364,3,Clear,5,54.4,23,7.6,29.0,53.4,1,30.6
RB-ORD-102064,Mail Express,NGP,S1,54,0,1,618,Dinner,17.1,301,5,Foggy,5,5.7,22,7.4,24.5,8.2,1,27.4
RB-ORD-102065,Mail Express,DDU,B2,65,1,3,526,Dinner,18.2,445,1,Rainy,3,35.4,74,10.7,28.9,83.5,1,30.3
RB-ORD-102066,Shatabdi,NGP,C1,21,1,3,614,Dinner,22.5,431,5,Clear,3,14.8,22,10.6,33.1,6.7,1,34.2
RB-ORD-102067,Mail Express,ST,A1,59,1,5,839,Snacks,20.5,97,3,Rainy,2,22.2,18,2.8,23.3,18.9,1,25.2
RB-ORD-102068,Superfast,AGC,B1,48,1,6,579,Lunch,25.0,155,1,Rainy,7,0,70,3.7,28.7,48.3,1,30.0
RB-ORD-102069,Superfast,BPL,S1,23,0,5,337,LateNight,22.7,388,4,Foggy,2,13.5,56,8.8,31.5,40.0,1,33.9
RB-ORD-102070,Rajdhani,MTJ,B3,1,1,6,973,Lunch,29.1,158,2,Clear,5,16.1,81,3.0,32.1,70.0,1,33.6
RB-ORD-102071,Superfast,MTJ,A1,54,1,4,607,LateNight,21.0,201,1,Rainy,10,22.6,64,4.8,25.8,70.8,1,28.7
RB-ORD-102072,Shatabdi,PRYJ,B5,20,1,4,785,LateNight,19.0,303,3,Foggy,2,0,77,6.3,25.3,53.7,1,27.2
RB-ORD-102073,Shatabdi,PRYJ,A1,57,1,5,500,Dinner,23.4,289,5,Rainy,7,15.8,26,10.0,33.4,15.4,1,34.9
RB-ORD-102074,Superfast,PRYJ,S8,17,0,6,751,LateNight,22.9,153,5,Rainy,3,0,66,5.3,28.2,40.8,1,30.2
RB-ORD-102075,Vande Bharat,BPL,B2,12,1,5,598,Dinner,23.4,346,4,Foggy,10,10.5,45,7.9,31.3,34.2,1,33.6
RB-ORD-102076,Superfast,CNB,H1,53,1,2,718,Dinner,16.4,328,5,Foggy,3,37.2,17,8.1,24.5,32.7,1,26.4
RB-ORD-102077,Vande Bharat,MTJ,H1,54,1,1,1015,Dinner,16.9,149,1,Foggy,10,0,71,2.6,19.5,61.5,1,21.2
RB-ORD-102078,Rajdhani,BPL,H1,69,1,3,533,Lunch,18.6,455,4,Clear,3,0,66,10.4,29.0,40.0,1,30.7
RB-ORD-102079,Mail Express,NGP,E1,41,1,1,474,Lunch,17.5,424,5,Clear,5,10.1,23,10.4,27.9,10.2,1,29.2
RB-ORD-102080,Mail Express,PRYJ,S8,62,0,5,168,LateNight,21.1,463,1,Foggy,10,18.7,80,8.0,29.1,79.6,1,31.9
RB-ORD-102081,Shatabdi,NGP,E1,53,1,1,922,Breakfast,12.5,114,3,Rainy,2,0,59,3.3,15.8,45.2,1,17.5
RB-ORD-102082,Vande Bharat,KOTA,A2,40,1,1,875,Lunch,14.9,412,5,Rainy,10,1.9,62,14.2,29.1,44.8,1,30.8
RB-ORD-102083,Superfast,PRYJ,H1,26,1,3,237,Dinner,18.4,297,1,Foggy,5,45.1,32,5.1,23.5,58.6,1,24.7
RB-ORD-102084,Rajdhani,PRYJ,B1,8,1,2,204,Snacks,16.0,333,3,Foggy,2,13.2,19,7.0,23.0,11.2,1,24.9
RB-ORD-102085,Shatabdi,BPL,A1,58,1,6,617,Lunch,27.2,156,2,Rainy,5,0,34,4.2,31.4,7.6,1,34.4
RB-ORD-102086,Rajdhani,PRYJ,C2,31,1,4,519,LateNight,18.0,360,5,Foggy,5,7.2,81,8.9,26.9,66.3,1,29.2
RB-ORD-102087,Mail Express,CNB,A2,67,1,4,331,Lunch,21.9,302,1,Foggy,15,0,55,5.2,27.1,42.9,1,29.9
RB-ORD-102088,Vande Bharat,MTJ,B1,19,1,3,1056,Snacks,17.4,374,1,Rainy,5,10.0,59,9.0,26.4,47.6,1,28.6
RB-ORD-102089,Superfast,NGP,E1,4,1,5,424,Dinner,26.2,208,4,Foggy,5,16.1,21,4.7,30.9,11.2,1,33.3
RB-ORD-102090,Shatabdi,PRYJ,S1,71,0,4,301,Snacks,21.3,184,1,Rainy,5,2.7,64,4.4,25.7,46.0,1,27.0
RB-ORD-102091,Mail Express,CNB,C2,18,1,6,1071,Breakfast,24.0,82,5,Foggy,5,7.4,73,2.0,26.0,59.4,1,28.0
RB-ORD-102092,Rajdhani,KOTA,B3,5,1,2,1100,Breakfast,15.6,319,3,Rainy,3,24.7,32,9.3,24.9,34.8,1,26.1
RB-ORD-102093,Superfast,PRYJ,B5,5,1,3,417,Breakfast,14.6,452,5,Foggy,10,18.6,57,11.1,25.7,59.9,1,28.4
RB-ORD-102094,Superfast,MTJ,H1,48,1,1,749,Breakfast,11.0,431,4,Clear,5,23.2,37,9.8,20.8,44.4,1,21.9
RB-ORD-102095,Vande Bharat,CNB,C2,60,1,5,884,Snacks,21.7,276,3,Clear,5,0,69,5.8,27.5,46.5,1,30.5
RB-ORD-102096,Vande Bharat,BRC,C2,8,1,2,263,Lunch,16.6,426,4,Clear,7,14.8,47,9.7,26.3,42.5,1,29.2
RB-ORD-102097,Superfast,AGC,B1,46,1,5,471,LateNight,20.7,373,4,Clear,3,22.9,69,8.5,29.2,65.7,1,31.3
RB-ORD-102098,Vande Bharat,CNB,B4,12,1,2,816,Breakfast,17.1,316,5,Clear,7,2.4,61,7.8,24.9,45.5,1,26.9
RB-ORD-102099,Mail Express,KOTA,C1,27,1,1,608,LateNight,11.8,70,4,Clear,5,33.6,29,1.6,13.4,54.2,1,15.3
RB-ORD-102100,Rajdhani,MTJ,H1,24,1,3,379,Snacks,17.9,284,1,Rainy,15,34.4,56,6.9,24.8,80.6,1,26.0
RB-ORD-102101,Rajdhani,BPL,C2,54,1,5,973,Dinner,26.0,222,5,Clear,3,19.2,20,5.5,31.5,10.7,1,34.0
RB-ORD-102102,Superfast,AGC,S4,36,0,4,661,Snacks,20.8,469,5,Rainy,5,19.7,27,16.2,37.0,14.7,1,38.0
RB-ORD-102103,Shatabdi,PRYJ,S8,45,0,5,849,Dinner,24.4,77,2,Clear,10,0.4,39,1.5,25.9,23.5,1,27.9
RB-ORD-102104,Rajdhani,DDU,B3,50,1,3,308,Breakfast,15.8,459,4,Foggy,2,0,37,10.5,26.3,12.7,1,28.9
RB-ORD-102105,Mail Express,PRYJ,B1,63,1,2,565,Dinner,18.6,220,5,Foggy,5,17.1,87,5.4,24.0,85.1,1,26.4
RB-ORD-102106,Rajdhani,BRC,S4,52,0,6,765,Snacks,23.3,156,5,Clear,5,10.8,59,3.8,27.1,47.7,1,28.8
RB-ORD-102107,Rajdhani,KOTA,B2,10,1,1,1023,LateNight,14.6,151,2,Rainy,2,17.0,20,4.0,18.6,20.4,1,21.6
RB-ORD-102108,Shatabdi,AGC,B3,22,1,1,674,LateNight,15.1,85,5,Clear,7,10.7,64,2.1,17.2,64.5,1,19.3
RB-ORD-102109,Rajdhani,CNB,A2,50,1,1,989,Dinner,14.1,474,4,Clear,2,3.9,26,10.8,24.9,7.0,1,27.5
RB-ORD-102110,Mail Express,DDU,C1,13,1,1,1046,Dinner,15.3,89,4,Clear,2,47.0,65,2.0,17.3,96.7,1,19.3
RB-ORD-102111,Mail Express,BPL,H1,55,1,1,307,Dinner,14.9,138,3,Clear,3,45.6,69,2.9,17.8,99.8,1,20.6
RB-ORD-102112,Shatabdi,ST,A2,26,1,2,879,Dinner,19.6,200,1,Clear,7,16.2,34,3.4,23.0,34.2,1,25.3
RB-ORD-102113,Superfast,DDU,E1,33,1,6,881,Snacks,23.2,385,3,Rainy,5,0,63,11.3,34.5,33.5,1,36.3
RB-ORD-102114,Rajdhani,CNB,B3,65,1,3,128,Breakfast,15.7,287,3,Clear,2,8.0,29,6.0,21.7,17.3,1,23.1
RB-ORD-102115,Mail Express,CNB,H1,13,1,1,896,Dinner,17.4,399,5,Clear,5,21.8,39,9.8,27.2,38.6,1,29.6
RB-ORD-102116,Vande Bharat,MTJ,A2,22,1,6,867,Lunch,25.8,119,3,Clear,5,9.4,49,2.5,28.3,35.1,1,29.9
RB-ORD-102117,Superfast,MTJ,A2,48,1,4,671,Dinner,19.9,239,5,Rainy,3,10.2,20,8.2,28.1,5.1,1,29.3
RB-ORD-102118,Rajdhani,PRYJ,A2,21,1,6,869,Snacks,24.3,165,3,Rainy,5,6.5,42,4.8,29.1,24.4,1,31.1
RB-ORD-102119,Mail Express,BRC,B5,8,1,2,524,LateNight,15.9,384,3,Foggy,10,25.5,43,8.0,23.9,54.6,1,26.3
RB-ORD-102120,Rajdhani,ST,S1,62,0,3,630,Snacks,19.3,168,1,Rainy,7,20.1,27,4.1,23.4,30.7,1,25.4
RB-ORD-102121,Vande Bharat,PRYJ,B3,25,1,4,175,LateNight,18.4,113,2,Rainy,5,0,47,3.0,21.4,30.6,1,23.7
RB-ORD-102122,Rajdhani,AGC,S1,47,0,6,1047,Snacks,24.3,142,4,Clear,5,39.0,37,3.2,27.5,53.5,1,30.0
RB-ORD-102123,Shatabdi,MTJ,B1,9,1,4,1002,Dinner,21.9,158,4,Clear,5,8.5,77,3.6,25.5,65.0,1,26.6
RB-ORD-102124,Shatabdi,DDU,H1,11,1,2,604,LateNight,15.1,258,2,Clear,3,6.3,19,4.9,20.0,8.3,1,22.3
RB-ORD-102125,Superfast,MTJ,A1,54,1,6,732,LateNight,23.7,375,4,Foggy,2,6.9,70,8.5,32.2,46.7,1,33.2
RB-ORD-102126,Shatabdi,NGP,A2,13,1,1,959,LateNight,13.7,306,3,Clear,5,0,26,6.4,20.1,10.9,1,22.1
RB-ORD-102127,Shatabdi,AGC,A1,72,1,2,142,LateNight,13.4,194,5,Rainy,7,39.5,43,6.7,20.1,69.4,1,22.8
RB-ORD-102128,Vande Bharat,PRYJ,S8,53,0,5,216,LateNight,22.3,223,4,Foggy,10,10.0,30,5.1,27.4,22.6,1,29.5
RB-ORD-102129,Vande Bharat,CNB,A1,36,1,5,511,Snacks,22.8,449,5,Foggy,5,44.2,37,11.1,33.9,52.3,1,36.2
RB-ORD-102130,Shatabdi,BPL,S1,31,0,1,131,Lunch,17.1,248,4,Rainy,2,17.9,85,7.9,25.0,79.9,1,27.3
RB-ORD-102131,Vande Bharat,CNB,C1,38,1,5,219,Breakfast,21.7,103,5,Foggy,7,6.2,44,2.5,24.2,33.0,1,26.9
RB-ORD-102132,Vande Bharat,MTJ,C1,21,1,4,985,Dinner,20.0,358,2,Foggy,5,34.3,51,6.8,26.8,63.5,1,28.1
RB-ORD-102133,Mail Express,BRC,S1,12,0,4,798,Dinner,20.9,82,2,Clear,15,7.4,72,1.6,22.5,71.9,1,23.6
RB-ORD-102134,Superfast,AGC,A2,9,1,4,438,Snacks,19.2,374,1,Rainy,5,4.2,28,9.0,28.2,9.0,1,30.2
RB-ORD-102135,Mail Express,ST,B1,8,1,1,889,Breakfast,13.4,429,1,Clear,5,44.0,45,7.4,20.8,73.2,1,22.4
RB-ORD-102136,Mail Express,DDU,B1,33,1,1,201,Breakfast,11.0,241,5,Foggy,5,24.4,88,5.9,16.9,100.5,1,19.6
RB-ORD-102137,Rajdhani,DDU,B3,60,1,4,1081,Lunch,24.6,225,4,Rainy,5,0,46,7.2,31.8,19.2,1,33.0
RB-ORD-102138,Shatabdi,NGP,S1,13,0,3,1045,LateNight,19.2,228,5,Foggy,5,0,41,5.6,24.8,21.2,1,27.3
RB-ORD-102139,Shatabdi,MTJ,B1,14,1,3,647,Dinner,17.7,321,2,Foggy,3,4.0,38,6.1,23.8,21.2,1,25.2
RB-ORD-102140,Mail Express,KOTA,E1,49,1,3,552,Breakfast,17.8,458,5,Foggy,15,0,83,11.3,29.1,68.9,1,30.9
RB-ORD-102141,Rajdhani,KOTA,A2,52,1,4,819,LateNight,19.6,140,4,Foggy,3,9.0,64,3.2,22.8,53.2,1,25.5
RB-ORD-102142,Rajdhani,PRYJ,C2,55,1,6,923,Dinner,28.8,435,4,Rainy,15,0,52,13.9,42.7,24.3,1,44.4
RB-ORD-102143,Mail Express,MTJ,H1,41,1,5,1050,Dinner,26.0,319,1,Rainy,10,18.0,76,7.7,33.7,70.3,1,34.8
RB-ORD-102144,Superfast,BPL,B1,53,1,5,256,Lunch,23.2,174,5,Foggy,5,38.0,75,4.3,27.5,90.5,1,29.0
RB-ORD-102145,Superfast,CNB,C1,12,1,6,856,Lunch,26.4,288,2,Rainy,15,0,86,7.7,34.1,66.9,1,36.4
RB-ORD-102146,Mail Express,BPL,B5,52,1,1,881,Snacks,15.2,167,2,Clear,3,12.0,73,3.2,18.4,69.6,1,19.5
RB-ORD-102147,Vande Bharat,ST,S8,43,0,5,937,Dinner,22.8,425,2,Foggy,5,8.9,80,8.1,30.9,63.0,1,33.1
RB-ORD-102148,Shatabdi,BPL,C2,64,1,4,753,Lunch,23.9,76,4,Clear,5,11.5,78,1.7,25.6,68.9,1,27.8
RB-ORD-102149,Mail Express,BRC,E1,2,1,4,250,Lunch,21.3,379,1,Foggy,3,11.3,59,6.5,27.8,45.5,1,29.9
RB-ORD-102150,Superfast,CNB,E1,59,1,1,773,LateNight,10.8,420,4,Rainy,10,0,77,13.4,24.2,62.8,1,26.7
RB-ORD-102151,Vande Bharat,CNB,S4,68,0,6,443,LateNight,25.1,430,1,Rainy,5,17.2,47,10.4,35.5,33.7,1,38.4
RB-ORD-102152,Shatabdi,BRC,A2,19,1,6,832,Dinner,24.3,370,4,Rainy,5,28.6,49,11.8,36.1,46.5,1,37.4
RB-ORD-102153,Superfast,ST,B2,32,1,2,987,Breakfast,16.7,99,5,Rainy,10,5.8,69,3.4,20.1,64.7,1,22.0
RB-ORD-102154,Superfast,BRC,B1,35,1,3,852,LateNight,17.0,100,5,Foggy,5,14.1,20,2.5,19.5,19.6,1,22.2
RB-ORD-102155,Mail Express,ST,B3,23,1,1,368,Breakfast,11.8,115,1,Foggy,10,7.5,19,2.0,13.8,22.7,1,15.7
RB-ORD-102156,Shatabdi,BRC,H1,33,1,1,405,Dinner,14.8,472,2,Rainy,7,22.8,53,12.6,27.4,55.4,1,30.3
RB-ORD-102157,Vande Bharat,BPL,A1,10,1,4,932,Snacks,16.9,160,4,Foggy,3,1.8,59,3.6,20.5,43.3,1,21.9
RB-ORD-102158,Mail Express,NGP,C1,40,1,5,529,Snacks,23.7,194,2,Clear,2,0,72,3.7,27.4,46.6,1,29.1
RB-ORD-102159,Shatabdi,ST,B2,12,1,4,494,Lunch,22.0,278,4,Rainy,5,29.8,74,8.9,30.9,77.9,1,32.9
RB-ORD-102160,Rajdhani,AGC,B5,9,1,3,935,Snacks,17.3,281,3,Clear,5,14.2,50,5.9,23.2,46.0,1,25.7
RB-ORD-102161,Rajdhani,BPL,B4,45,1,1,704,Breakfast,10.6,326,3,Foggy,5,40.6,40,6.8,17.4,68.2,1,18.5
RB-ORD-102162,Superfast,AGC,S4,20,0,5,848,Snacks,19.5,164,2,Foggy,10,5.3,61,3.1,22.6,53.7,1,25.4
RB-ORD-102163,Rajdhani,ST,B1,39,1,5,791,LateNight,22.9,445,2,Clear,5,17.7,69,8.5,31.4,60.3,1,34.3
RB-ORD-102164,Shatabdi,MTJ,C1,4,1,6,744,LateNight,23.0,370,1,Clear,5,0,17,6.4,29.4,-7.4,0,19.5
RB-ORD-102165,Vande Bharat,AGC,S4,20,0,6,369,Dinner,27.0,244,4,Clear,7,21.7,89,5.6,32.6,85.1,1,35.1
RB-ORD-102166,Rajdhani,BRC,C1,22,1,6,420,LateNight,23.8,440,2,Foggy,3,11.8,32,8.4,32.2,14.6,1,33.2
RB-ORD-102167,Rajdhani,NGP,B3,31,1,5,235,LateNight,21.9,312,4,Clear,5,0,49,7.1,29.0,25.0,1,30.8
RB-ORD-102168,Mail Express,NGP,B1,63,1,5,949,Breakfast,22.1,136,2,Clear,15,26.0,33,2.6,24.7,49.3,1,26.2
RB-ORD-102169,Shatabdi,DDU,B2,32,1,6,334,Snacks,24.8,338,4,Clear,3,12.3,62,7.7,32.5,44.8,1,34.9
RB-ORD-102170,Shatabdi,BPL,C1,3,1,3,855,Breakfast,15.9,288,4,Foggy,5,31.1,28,6.6,22.5,41.6,1,23.7
RB-ORD-102171,Superfast,PRYJ,B3,69,1,6,744,LateNight,23.1,142,1,Clear,3,3.3,83,2.4,25.5,63.8,1,27.3
RB-ORD-102172,Superfast,KOTA,S4,63,0,1,337,LateNight,14.6,132,2,Rainy,5,0,71,3.5,18.1,57.9,1,19.5
RB-ORD-102173,Vande Bharat,KOTA,B5,21,1,4,324,Dinner,21.5,113,3,Foggy,5,4.7,65,2.4,23.9,50.8,1,25.6
RB-ORD-102174,Vande Bharat,PRYJ,C2,63,1,5,406,Dinner,23.3,204,1,Rainy,2,11.4,50,4.9,28.2,35.2,1,30.1
RB-ORD-102175,Shatabdi,AGC,B5,35,1,1,123,Snacks,14.0,171,2,Rainy,5,0,19,4.6,18.6,5.4,1,20.8
RB-ORD-102176,Vande Bharat,CNB,B5,35,1,6,670,Lunch,27.1,360,3,Rainy,7,22.4,30,10.5,37.6,21.8,1,39.2
RB-ORD-102177,Rajdhani,PRYJ,S8,58,0,4,445,Snacks,20.1,74,4,Rainy,5,18.3,84,2.4,22.5,84.8,1,24.3
RB-ORD-102178,Shatabdi,ST,B2,55,1,2,311,Breakfast,14.6,123,3,Rainy,5,0,72,3.6,18.2,58.8,1,20.4
RB-ORD-102179,Shatabdi,PRYJ,H1,22,1,3,650,Snacks,17.2,447,2,Foggy,5,20.2,69,8.5,25.7,68.5,1,26.7
RB-ORD-102180,Superfast,PRYJ,B3,7,1,5,995,Breakfast,22.6,388,5,Foggy,5,19.4,17,9.6,32.2,9.2,1,34.9
RB-ORD-102181,Mail Express,PRYJ,S1,24,0,2,156,LateNight,15.9,363,3,Clear,7,10.9,37,7.6,23.5,31.4,1,26.0
RB-ORD-102182,Vande Bharat,BPL,S8,34,0,4,698,Breakfast,19.2,458,5,Clear,2,10.9,35,11.3,30.5,17.4,1,31.8
RB-ORD-102183,Mail Express,ST,B3,41,1,1,143,Breakfast,14.2,244,4,Foggy,5,0,36,5.6,19.8,21.2,1,21.9
RB-ORD-102184,Mail Express,PRYJ,S1,32,0,3,927,LateNight,15.4,464,1,Foggy,5,15.0,42,8.0,23.4,38.6,1,24.9
RB-ORD-102185,Vande Bharat,CNB,B1,71,1,1,996,Dinner,13.7,114,3,Rainy,2,15.3,16,3.3,17.0,16.3,1,18.1
RB-ORD-102186,Superfast,PRYJ,A1,19,1,3,510,Breakfast,15.4,405,1,Foggy,7,42.8,88,7.0,22.4,115.4,1,24.5
RB-ORD-102187,Rajdhani,BPL,B2,24,1,2,781,LateNight,15.5,293,3,Rainy,10,35.3,20,8.6,24.1,41.2,1,26.3
RB-ORD-102188,Rajdhani,BRC,C2,57,1,1,502,LateNight,11.7,316,4,Clear,5,15.2,66,7.2,18.9,67.3,1,20.4
RB-ORD-102189,Vande Bharat,BPL,S4,3,0,1,269,Snacks,11.5,177,2,Foggy,10,7.0,79,3.4,14.9,81.1,1,17.9
RB-ORD-102190,Superfast,PRYJ,S8,55,0,6,622,Breakfast,25.2,434,5,Rainy,5,39.1,38,15.0,40.2,41.9,1,42.6
RB-ORD-102191,Shatabdi,DDU,S4,42,0,4,203,LateNight,17.2,475,1,Rainy,15,31.2,78,11.5,28.7,95.5,1,31.2
RB-ORD-102192,Rajdhani,AGC,A1,25,1,2,531,Lunch,18.5,300,2,Rainy,5,18.4,29,8.0,26.5,25.9,1,27.9
RB-ORD-102193,Rajdhani,BPL,C2,12,1,3,448,LateNight,19.5,392,3,Foggy,10,12.6,68,8.2,27.7,62.9,1,30.0
RB-ORD-102194,Mail Express,MTJ,B1,49,1,1,185,Snacks,10.8,416,5,Rainy,5,53.4,29,14.3,25.1,62.3,1,27.6
RB-ORD-102195,Mail Express,BPL,S4,33,0,5,846,Breakfast,19.6,165,2,Foggy,5,1.2,64,3.1,22.7,47.5,1,24.5
RB-ORD-102196,Superfast,NGP,B5,71,1,1,405,Lunch,17.7,71,1,Clear,5,33.1,72,1.2,18.9,91.2,1,21.3
RB-ORD-102197,Mail Express,PRYJ,B1,15,1,1,124,Dinner,14.0,237,3,Clear,5,9.9,38,5.0,19.0,33.9,1,21.9
RB-ORD-102198,Mail Express,BPL,B2,66,1,5,760,LateNight,22.3,229,3,Clear,15,26.2,79,4.8,27.1,93.1,1,28.2
RB-ORD-102199,Superfast,DDU,B2,45,1,3,1013,Lunch,18.9,364,2,Rainy,2,9.0,42,9.7,28.6,24.4,1,29.7
RB-ORD-102200,Shatabdi,DDU,B5,7,1,5,167,LateNight,21.1,226,4,Clear,2,36.3,15,5.1,26.2,27.1,1,28.4
RB-ORD-102201,Rajdhani,DDU,S1,28,0,2,1076,Lunch,17.3,257,3,Clear,10,0,75,5.4,22.7,62.3,1,23.7
RB-ORD-102202,Vande Bharat,ST,H1,45,1,1,464,LateNight,11.6,324,1,Foggy,2,0,70,5.6,17.2,54.8,1,18.3
RB-ORD-102203,Superfast,BRC,B1,14,1,4,758,Dinner,22.8,73,5,Rainy,3,31.0,17,2.5,25.3,25.7,1,27.1
RB-ORD-102204,Vande Bharat,MTJ,B5,35,1,3,827,Snacks,15.0,246,4,Foggy,5,0,39,5.6,20.6,23.4,1,22.4
RB-ORD-102205,Shatabdi,CNB,S4,32,0,3,1060,Dinner,20.3,434,1,Foggy,3,14.2,33,7.5,27.8,22.4,1,28.8
RB-ORD-102206,Mail Express,NGP,C1,31,1,2,180,Breakfast,15.5,171,1,Foggy,15,0,20,2.9,18.4,16.6,1,20.4
RB-ORD-102207,Mail Express,BRC,H1,55,1,2,375,Lunch,19.1,378,1,Rainy,7,4.7,82,9.1,28.2,65.5,1,29.5
RB-ORD-102208,Superfast,MTJ,A2,13,1,3,991,Breakfast,19.6,196,3,Foggy,2,9.9,72,4.1,23.7,60.2,1,25.0
RB-ORD-102209,Superfast,MTJ,A2,3,1,1,380,Lunch,14.9,212,3,Rainy,15,8.8,67,6.2,21.1,69.7,1,23.2
RB-ORD-102210,Superfast,DDU,S8,46,0,1,729,Dinner,17.5,375,1,Clear,5,19.3,88,6.5,24.0,88.3,1,26.9
RB-ORD-102211,Rajdhani,CNB,B1,3,1,3,430,Snacks,15.3,116,4,Rainy,10,0,36,3.7,19.0,27.0,1,20.7
RB-ORD-102212,Mail Express,DDU,H1,28,1,5,1026,Breakfast,22.7,308,3,Rainy,10,0,64,9.0,31.7,42.3,1,34.1
RB-ORD-102213,Shatabdi,CNB,B3,2,1,2,226,Snacks,16.3,93,1,Rainy,15,0,16,2.2,18.5,12.5,1,21.5
RB-ORD-102214,Shatabdi,BPL,C2,8,1,4,568,LateNight,18.4,405,5,Clear,10,33.9,43,10.0,28.4,58.5,1,30.2
RB-ORD-102215,Mail Express,ST,E1,14,1,5,262,Lunch,26.5,390,2,Rainy,3,1.5,68,10.4,36.9,35.6,1,38.6
RB-ORD-102216,Superfast,ST,B2,60,1,6,578,Lunch,26.7,164,2,Rainy,7,18.2,57,4.4,31.1,51.1,1,33.7
RB-ORD-102217,Superfast,BRC,B4,43,1,6,933,Snacks,26.1,342,2,Clear,15,58.2,15,6.5,32.6,55.6,1,34.0
RB-ORD-102218,Vande Bharat,ST,B1,22,1,3,1002,Lunch,20.0,218,1,Clear,5,38.3,66,3.8,23.8,85.5,1,26.4
RB-ORD-102219,Rajdhani,PRYJ,C2,48,1,2,358,Breakfast,14.0,272,2,Clear,7,6.0,66,5.2,19.2,59.8,1,22.1
RB-ORD-102220,Mail Express,MTJ,A1,25,1,6,229,LateNight,23.1,348,2,Rainy,5,32.6,45,9.3,32.4,50.2,1,33.6
RB-ORD-102221,Vande Bharat,DDU,A2,33,1,3,1094,LateNight,15.6,84,2,Rainy,3,0,63,2.2,17.8,48.2,1,20.8
RB-ORD-102222,Vande Bharat,BRC,A2,71,1,6,920,LateNight,21.7,139,1,Clear,15,29.4,15,2.4,24.1,35.3,1,26.8
RB-ORD-102223,Shatabdi,BPL,H1,34,1,6,209,Lunch,29.0,414,2,Rainy,3,30.0,37,11.1,40.1,29.9,1,41.7
RB-ORD-102224,Rajdhani,MTJ,S4,10,0,5,1043,Snacks,23.4,283,4,Rainy,7,25.7,61,9.0,32.4,61.3,1,35.3
RB-ORD-102225,Superfast,KOTA,A1,26,1,4,582,Breakfast,18.3,247,4,Clear,15,12.0,30,5.6,23.9,33.1,1,26.3
RB-ORD-102226,Rajdhani,MTJ,A1,49,1,3,1003,LateNight,19.6,84,2,Foggy,5,6.7,41,1.6,21.2,31.5,1,22.6
RB-ORD-102227,Vande Bharat,KOTA,B4,58,1,1,532,Dinner,17.2,415,3,Rainy,5,5.8,42,12.2,29.4,23.4,1,32.2
RB-ORD-102228,Mail Express,DDU,S4,58,0,6,881,Lunch,25.8,374,2,Clear,3,2.0,23,7.1,32.9,-4.9,0,26.5
RB-ORD-102229,Rajdhani,DDU,S8,28,0,6,176,Dinner,27.8,463,1,Rainy,10,30.0,47,11.2,39.0,48.0,1,41.5
RB-ORD-102230,Rajdhani,MTJ,C2,32,1,1,161,Breakfast,15.0,452,3,Clear,3,30.1,18,9.5,24.5,26.6,1,26.3
RB-ORD-102231,Rajdhani,BPL,B3,6,1,3,719,Snacks,15.0,162,5,Rainy,10,22.6,83,5.6,20.6,95.0,1,23.3
RB-ORD-102232,Shatabdi,AGC,H1,24,1,2,590,LateNight,13.2,464,2,Clear,5,0,16,8.9,22.1,-1.1,0,18.5
RB-ORD-102233,Shatabdi,PRYJ,S1,70,0,1,623,Dinner,14.8,169,5,Foggy,10,0,60,4.2,19.0,51.0,1,20.7
RB-ORD-102234,Mail Express,KOTA,S1,13,0,3,553,Lunch,19.3,181,3,Clear,5,19.4,52,3.8,23.1,53.3,1,25.0
RB-ORD-102235,Mail Express,BRC,B2,52,1,1,864,LateNight,11.0,143,2,Rainy,15,8.2,84,3.8,14.8,92.4,1,17.1
RB-ORD-102236,Shatabdi,CNB,S8,38,0,3,584,Snacks,16.4,400,4,Foggy,5,3.7,82,9.1,25.5,65.2,1,28.1
RB-ORD-102237,Shatabdi,CNB,A1,11,1,6,388,Lunch,24.7,127,4,Clear,7,30.8,74,2.9,27.6,84.2,1,30.0
RB-ORD-102238,Superfast,BRC,B4,26,1,5,207,Snacks,21.0,204,4,Clear,5,34.9,71,4.6,25.6,85.3,1,26.8
RB-ORD-102239,Vande Bharat,AGC,C1,46,1,3,390,Snacks,18.8,286,2,Foggy,5,7.0,57,5.5,24.3,44.7,1,27.0
RB-ORD-102240,Rajdhani,NGP,C2,60,1,4,773,Lunch,19.9,373,5,Clear,15,0,86,9.2,29.1,71.9,1,31.5
RB-ORD-102241,Shatabdi,NGP,S1,51,0,2,172,Dinner,19.2,460,5,Rainy,5,30.2,87,15.9,35.1,87.1,1,38.0
RB-ORD-102242,Mail Express,KOTA,S1,11,0,5,980,Lunch,24.2,378,5,Foggy,7,28.2,16,9.3,33.5,17.7,1,35.1
RB-ORD-102243,Shatabdi,BPL,B1,47,1,1,520,LateNight,10.9,317,3,Clear,7,6.4,27,6.6,17.5,22.9,1,19.3
RB-ORD-102244,Superfast,KOTA,B2,61,1,6,891,Dinner,25.7,478,5,Clear,15,0,37,11.8,37.5,14.5,1,40.2
RB-ORD-102245,Shatabdi,CNB,E1,47,1,4,1009,Snacks,20.1,95,3,Clear,5,0,90,2.0,22.1,72.9,1,23.6
RB-ORD-102246,Vande Bharat,AGC,S1,34,0,3,452,Snacks,15.2,132,2,Rainy,2,2.1,26,3.5,18.7,11.4,1,19.8
RB-ORD-102247,Mail Express,PRYJ,S8,65,0,3,693,Breakfast,19.0,185,1,Clear,3,56.9,31,3.2,22.2,68.7,1,24.3
RB-ORD-102248,Mail Express,DDU,C1,30,1,1,699,Lunch,16.8,144,3,Foggy,5,4.0,34,3.0,19.8,23.2,1,22.6
RB-ORD-102249,Superfast,NGP,A2,57,1,1,959,Dinner,16.7,289,3,Foggy,5,17.8,85,6.0,22.7,85.1,1,23.8
RB-ORD-102250,Rajdhani,ST,S4,62,0,4,346,Snacks,20.1,154,3,Foggy,5,21.1,89,3.2,23.3,91.8,1,25.6
RB-ORD-102251,Mail Express,BPL,S4,3,0,6,238,Lunch,24.8,233,2,Clear,5,6.2,61,4.4,29.2,43.0,1,30.7
RB-ORD-102252,Vande Bharat,NGP,C1,34,1,4,559,LateNight,18.9,384,3,Clear,15,22.1,22,8.0,26.9,32.2,1,29.7
RB-ORD-102253,Shatabdi,CNB,B1,27,1,6,208,Snacks,22.5,470,3,Foggy,5,30.3,38,9.8,32.3,41.0,1,35.2
RB-ORD-102254,Superfast,KOTA,B1,45,1,3,447,Lunch,21.7,436,5,Clear,3,29.1,65,10.7,32.4,64.7,1,35.1
RB-ORD-102255,Shatabdi,BPL,B1,20,1,4,963,LateNight,17.8,260,1,Rainy,7,0,16,6.3,24.1,-1.1,0,19.5
RB-ORD-102256,Vande Bharat,PRYJ,S1,37,0,5,710,Lunch,25.2,346,4,Foggy,5,29.5,83,7.9,33.1,84.4,1,35.9
RB-ORD-102257,Mail Express,DDU,S1,2,0,1,151,Dinner,14.8,160,1,Foggy,7,0,38,2.8,17.6,27.4,1,19.2
RB-ORD-102258,Vande Bharat,NGP,B2,33,1,1,562,Lunch,15.5,142,4,Foggy,15,9.2,17,3.2,18.7,22.5,1,21.5
RB-ORD-102259,Vande Bharat,ST,B1,45,1,1,307,LateNight,13.2,286,4,Rainy,2,0,71,9.1,22.3,50.7,1,24.8
RB-ORD-102260,Mail Express,BRC,B1,34,1,5,498,LateNight,22.7,195,2,Clear,7,0,18,3.7,26.4,-1.4,0,21.5
RB-ORD-102261,Shatabdi,PRYJ,C2,58,1,5,409,Breakfast,19.0,322,5,Rainy,3,3.5,54,11.1,30.1,30.4,1,32.0
RB-ORD-102262,Mail Express,BPL,E1,10,1,3,834,Dinner,20.6,390,2,Foggy,5,12.0,32,7.4,28.0,21.0,1,29.9
RB-ORD-102263,Mail Express,ST,S8,9,0,4,687,LateNight,20.2,177,1,Rainy,2,1.0,54,4.3,24.5,32.5,1,27.1
RB-ORD-102264,Mail Express,CNB,H1,13,1,3,224,Snacks,16.1,299,4,Foggy,5,0,79,6.8,22.9,61.1,1,24.9
RB-ORD-102265,Superfast,CNB,B2,56,1,3,367,Dinner,19.3,274,2,Rainy,10,13.6,63,7.3,26.6,60.0,1,29.0
RB-ORD-102266,Rajdhani,NGP,B5,31,1,4,189,Breakfast,18.6,475,3,Clear,10,0,81,9.9,28.5,62.5,1,31.5
RB-ORD-102267,Vande Bharat,CNB,B2,64,1,1,560,LateNight,13.4,199,2,Rainy,5,0,77,5.3,18.7,63.3,1,20.0
RB-ORD-102268,Rajdhani,ST,B2,11,1,1,289,LateNight,14.1,352,1,Foggy,5,7.4,30,6.1,20.2,22.2,1,21.7
RB-ORD-102269,Rajdhani,BRC,B2,17,1,1,945,Breakfast,10.7,220,4,Foggy,15,0,54,5.0,15.7,53.3,1,17.8
RB-ORD-102270,Rajdhani,DDU,E1,36,1,2,313,LateNight,13.3,224,5,Clear,5,17.7,23,5.5,18.8,26.9,1,20.1
RB-ORD-102271,Superfast,ST,S1,4,0,6,630,Breakfast,23.4,434,2,Foggy,5,0,74,8.3,31.7,47.3,1,33.5
RB-ORD-102272,Shatabdi,KOTA,A1,36,1,2,813,Snacks,17.1,257,5,Foggy,15,8.5,22,6.3,23.4,22.1,1,26.2
RB-ORD-102273,Shatabdi,CNB,A2,52,1,4,741,Lunch,23.7,456,2,Clear,15,2.8,37,8.7,32.4,22.4,1,34.8
RB-ORD-102274,Mail Express,MTJ,B1,66,1,4,1084,Lunch,21.6,358,4,Clear,5,7.5,50,8.2,29.8,32.7,1,32.7
RB-ORD-102275,Rajdhani,PRYJ,B3,3,1,6,325,LateNight,21.4,130,5,Foggy,7,4.6,64,3.2,24.6,51.0,1,26.2
RB-ORD-102276,Rajdhani,KOTA,H1,67,1,2,549,Lunch,20.2,427,3,Foggy,10,0,85,8.9,29.1,65.9,1,31.3
RB-ORD-102277,Shatabdi,BRC,S8,38,0,4,733,Breakfast,21.3,384,5,Rainy,5,4.3,73,13.2,34.5,47.8,1,35.8
RB-ORD-102278,Rajdhani,NGP,B1,70,1,2,375,LateNight,12.5,385,2,Clear,2,26.7,17,7.3,19.8,25.9,1,22.0
RB-ORD-102279,Mail Express,ST,A2,62,1,6,931,LateNight,21.2,135,2,Clear,5,5.9,69,2.6,23.8,56.1,1,25.2
RB-ORD-102280,Vande Bharat,BRC,B3,66,1,5,225,Dinner,26.0,223,5,Foggy,2,26.4,41,5.5,31.5,37.9,1,34.1
RB-ORD-102281,Vande Bharat,KOTA,B4,22,1,4,267,Lunch,24.2,89,5,Rainy,5,7.7,32,3.1,27.3,17.4,1,28.7
RB-ORD-102282,Mail Express,BRC,B5,70,1,5,783,LateNight,20.1,158,2,Rainy,5,50.3,36,4.2,24.3,67.0,1,25.7
RB-ORD-102283,Shatabdi,NGP,C2,51,1,1,736,LateNight,14.0,264,2,Foggy,15,39.1,25,5.0,19.0,60.1,1,20.3
RB-ORD-102284,Rajdhani,AGC,S8,30,0,4,1079,Snacks,20.7,236,3,Foggy,5,19.9,25,4.9,25.6,24.3,1,28.3
RB-ORD-102285,Shatabdi,MTJ,B3,20,1,4,148,Breakfast,17.7,235,5,Rainy,15,13.5,48,8.1,25.8,50.7,1,28.2
RB-ORD-102286,Superfast,AGC,B1,28,1,4,379,LateNight,17.9,284,3,Rainy,2,1.3,82,8.3,26.2,59.1,1,28.9
RB-ORD-102287,Vande Bharat,ST,C2,7,1,4,794,Breakfast,18.0,282,4,Foggy,5,0,15,6.4,24.4,-4.4,0,17.5
RB-ORD-102288,Shatabdi,PRYJ,A1,67,1,4,1046,Dinner,24.0,175,2,Clear,7,0,74,3.3,27.3,53.7,1,29.0
RB-ORD-102289,Vande Bharat,PRYJ,B4,64,1,5,158,Lunch,23.4,294,4,Clear,5,0.8,22,6.7,30.1,-2.3,0,25.3
RB-ORD-102290,Mail Express,KOTA,H1,68,1,1,277,Breakfast,11.6,78,5,Rainy,10,33.4,34,2.7,14.3,63.1,1,16.9
RB-ORD-102291,Shatabdi,KOTA,B3,34,1,6,256,Dinner,28.7,288,2,Rainy,10,31.6,29,7.7,36.4,34.2,1,37.5
RB-ORD-102292,Superfast,ST,B2,15,1,4,448,Snacks,19.1,210,4,Rainy,10,0,73,6.7,25.8,57.2,1,27.3
RB-ORD-102293,Rajdhani,ST,A2,59,1,6,430,Snacks,23.6,311,5,Rainy,2,38.6,77,10.7,34.3,83.3,1,37.1
RB-ORD-102294,Mail Express,ST,B4,3,1,2,413,LateNight,17.3,64,5,Clear,5,3.2,15,1.6,18.9,4.3,1,20.3
RB-ORD-102295,Shatabdi,BRC,S1,62,0,1,918,Snacks,13.3,88,2,Foggy,7,23.9,17,1.7,15.0,32.9,1,17.0
RB-ORD-102296,Rajdhani,AGC,C2,48,1,3,330,Breakfast,15.1,424,5,Clear,15,11.4,43,10.4,25.5,43.9,1,27.2
RB-ORD-102297,Rajdhani,CNB,S1,66,0,6,998,LateNight,23.5,130,2,Clear,15,0,61,2.5,26.0,50.0,1,28.3
RB-ORD-102298,Vande Bharat,MTJ,S1,5,0,5,724,Lunch,26.2,262,2,Foggy,5,0,88,5.0,31.2,61.8,1,33.9
RB-ORD-102299,Rajdhani,ST,A2,23,1,1,403,Dinner,15.9,258,5,Rainy,10,37.8,40,8.9,24.8,63.0,1,25.9
RB-ORD-102300,Mail Express,CNB,S1,51,0,4,160,Dinner,23.5,479,3,Foggy,10,0,83,10.0,33.5,59.5,1,35.0
RB-ORD-102301,Shatabdi,DDU,B2,16,1,5,479,Breakfast,22.9,149,3,Clear,3,11.1,58,3.1,26.0,46.1,1,27.7
RB-ORD-102302,Superfast,AGC,B1,14,1,5,884,Breakfast,20.7,214,2,Foggy,15,22.8,32,4.1,24.8,45.0,1,27.5
RB-ORD-102303,Rajdhani,KOTA,B3,61,1,2,616,Snacks,16.3,433,2,Clear,3,18.0,59,8.3,24.6,55.4,1,26.1
RB-ORD-102304,Rajdhani,CNB,B4,37,1,1,865,Dinner,14.0,296,4,Rainy,5,2.9,84,9.4,23.4,68.5,1,25.9
RB-ORD-102305,Mail Express,MTJ,B3,60,1,4,597,Breakfast,21.4,261,3,Foggy,5,23.5,67,5.5,26.9,68.6,1,29.2
RB-ORD-102306,Superfast,CNB,C2,8,1,5,510,LateNight,23.8,460,5,Clear,5,13.9,83,11.3,35.1,66.8,1,37.1
RB-ORD-102307,Rajdhani,NGP,C1,38,1,4,927,Lunch,23.6,259,1,Foggy,5,29.6,87,4.5,28.1,93.5,1,29.8
RB-ORD-102308,Mail Express,ST,S1,9,0,1,920,Breakfast,14.4,301,5,Clear,2,23.7,76,7.4,21.8,79.9,1,23.3
RB-ORD-102309,Rajdhani,PRYJ,E1,21,1,6,538,Lunch,27.9,166,2,Rainy,5,0,24,4.4,32.3,-3.3,0,26.5
RB-ORD-102310,Rajdhani,PRYJ,B2,26,1,2,759,Lunch,18.6,249,3,Clear,15,1.2,48,5.2,23.8,40.4,1,26.1
RB-ORD-102311,Shatabdi,CNB,C2,37,1,4,1089,Lunch,23.9,433,4,Rainy,15,4.0,37,13.8,37.7,18.3,1,40.5
RB-ORD-102312,Rajdhani,MTJ,B5,4,1,4,1067,Dinner,22.6,355,3,Foggy,10,43.1,72,7.4,30.0,95.1,1,31.3
RB-ORD-102313,Rajdhani,NGP,B2,28,1,4,559,LateNight,19.6,222,5,Foggy,5,4.7,39,5.5,25.1,23.6,1,27.8
RB-ORD-102314,Vande Bharat,ST,S1,64,0,5,1000,Dinner,22.9,99,2,Foggy,2,14.2,23,1.9,24.8,14.4,1,27.7
RB-ORD-102315,Vande Bharat,NGP,B4,41,1,6,926,LateNight,26.0,259,2,Clear,7,7.3,70,4.9,30.9,53.4,1,32.2
RB-ORD-102316,Shatabdi,BRC,S4,26,0,2,444,Dinner,16.5,404,2,Clear,5,12.6,52,7.7,24.2,45.4,1,26.8
RB-ORD-102317,Vande Bharat,PRYJ,B5,4,1,6,1036,Breakfast,22.1,348,1,Clear,7,25.2,31,6.0,28.1,35.1,1,30.2
RB-ORD-102318,Mail Express,BRC,B3,38,1,4,1056,LateNight,21.4,398,4,Rainy,10,17.1,70,12.7,34.1,63.0,1,36.1
RB-ORD-102319,Rajdhani,AGC,B2,63,1,2,731,Snacks,14.5,409,5,Clear,5,4.7,75,10.1,24.6,60.1,1,27.5
RB-ORD-102320,Shatabdi,PRYJ,B2,39,1,6,788,Breakfast,24.0,111,5,Foggy,10,22.1,78,2.7,26.7,83.4,1,28.3
RB-ORD-102321,Shatabdi,BRC,S4,20,0,1,640,Snacks,10.7,351,3,Foggy,10,12.0,59,7.3,18.0,63.0,1,19.1
RB-ORD-102322,Superfast,PRYJ,B5,45,1,6,945,LateNight,25.9,110,1,Clear,5,33.6,21,1.9,27.8,31.8,1,30.5
RB-ORD-102323,Shatabdi,KOTA,S1,58,0,6,953,LateNight,22.9,462,3,Foggy,15,41.9,36,9.7,32.6,60.3,1,33.7
RB-ORD-102324,Vande Bharat,BPL,S4,32,0,6,951,Breakfast,26.0,146,3,Foggy,5,47.8,38,3.1,29.1,61.7,1,30.6
RB-ORD-102325,Shatabdi,DDU,C2,47,1,3,760,Breakfast,16.3,460,4,Clear,2,0,72,10.5,26.8,47.2,1,28.7
RB-ORD-102326,Superfast,KOTA,B4,49,1,4,802,Dinner,19.9,287,3,Foggy,5,1.5,87,6.0,25.9,67.6,1,28.7
RB-ORD-102327,Superfast,AGC,S1,1,0,4,556,Lunch,24.0,79,4,Rainy,15,39.6,53,2.5,26.5,81.1,1,27.9
RB-ORD-102328,Vande Bharat,KOTA,S4,15,0,4,519,Snacks,18.8,206,3,Foggy,2,14.3,42,4.3,23.1,35.2,1,24.7
RB-ORD-102329,Rajdhani,KOTA,S4,11,0,5,490,Dinner,23.5,387,3,Rainy,2,11.8,56,11.3,34.8,35.0,1,36.9
RB-ORD-102330,Vande Bharat,PRYJ,B4,42,1,6,531,Breakfast,25.4,179,3,Foggy,5,0,32,3.7,29.1,7.9,1,31.9
RB-ORD-102331,Rajdhani,MTJ,C2,39,1,5,769,Dinner,23.8,189,4,Clear,10,38.2,46,4.3,28.1,66.1,1,31.0
RB-ORD-102332,Superfast,ST,S8,34,0,2,465,Breakfast,12.8,142,4,Rainy,7,0,39,4.5,17.3,28.7,1,20.2
RB-ORD-102333,Rajdhani,ST,S1,34,0,3,526,Lunch,19.6,452,2,Foggy,3,0,47,8.6,28.2,21.8,1,30.0
RB-ORD-102334,Rajdhani,PRYJ,S1,63,0,3,463,LateNight,17.6,401,4,Rainy,5,19.9,75,12.8,30.4,69.5,1,33.4
RB-ORD-102335,Mail Express,BRC,A2,54,1,5,770,Breakfast,23.8,319,5,Foggy,10,32.8,57,7.9,31.7,68.1,1,33.6
RB-ORD-102336,Shatabdi,MTJ,B4,24,1,1,606,Dinner,14.8,206,4,Foggy,7,23.1,52,4.7,19.5,62.6,1,22.3
RB-ORD-102337,Superfast,ST,A2,6,1,5,908,Snacks,20.6,465,3,Foggy,7,7.2,85,9.7,30.3,68.9,1,33.0
RB-ORD-102338,Shatabdi,AGC,B3,60,1,6,493,Snacks,23.3,136,4,Clear,3,0,56,3.1,26.4,32.6,1,28.3
RB-ORD-102339,Rajdhani,BPL,E1,50,1,2,519,Dinner,17.7,473,5,Foggy,3,28.1,84,11.6,29.3,85.8,1,30.6
RB-ORD-102340,Rajdhani,PRYJ,A1,33,1,4,363,Breakfast,17.0,411,4,Rainy,5,18.0,67,13.1,30.1,59.9,1,32.4
RB-ORD-102341,Mail Express,AGC,E1,21,1,2,616,Snacks,13.5,394,1,Rainy,5,0,80,9.5,23.0,62.0,1,24.5
RB-ORD-102342,Vande Bharat,KOTA,A1,37,1,5,452,LateNight,23.0,382,2,Foggy,5,8.2,79,7.3,30.3,61.9,1,32.8
RB-ORD-102343,Superfast,NGP,A2,42,1,2,384,Dinner,16.2,334,1,Foggy,15,15.6,26,5.8,22.0,34.6,1,23.0
RB-ORD-102344,Rajdhani,AGC,B3,54,1,4,539,Breakfast,20.4,267,3,Rainy,2,12.8,80,7.8,28.2,66.6,1,29.8
RB-ORD-102345,Mail Express,DDU,B2,51,1,2,1096,Dinner,19.1,450,3,Foggy,15,6.2,67,9.4,28.5,59.7,1,31.4
RB-ORD-102346,Vande Bharat,BPL,B1,11,1,2,256,LateNight,14.2,293,3,Clear,7,20.4,40,6.1,20.3,47.1,1,23.3
RB-ORD-102347,Vande Bharat,MTJ,B2,60,1,4,883,Dinner,23.7,168,5,Clear,10,6.1,36,4.1,27.8,24.3,1,28.8
RB-ORD-102348,Rajdhani,MTJ,S8,6,0,1,569,Dinner,13.3,173,3,Rainy,5,35.8,65,5.1,18.4,87.4,1,21.4
RB-ORD-102349,Superfast,CNB,S4,15,0,4,881,Snacks,17.3,127,2,Clear,15,14.3,85,2.4,19.7,94.6,1,21.1
RB-ORD-102350,Shatabdi,AGC,B5,64,1,4,297,Breakfast,20.0,445,2,Rainy,5,0,24,11.9,31.9,-2.9,0,26.5
RB-ORD-102351,Rajdhani,CNB,B2,49,1,3,694,Dinner,22.2,157,5,Foggy,10,2.9,82,3.9,26.1,68.8,1,28.5
RB-ORD-102352,Vande Bharat,KOTA,H1,68,1,4,152,Lunch,20.9,244,3,Foggy,5,0,67,5.1,26.0,46.0,1,28.8
RB-ORD-102353,Rajdhani,BRC,B3,9,1,6,734,LateNight,22.8,232,5,Clear,5,8.4,90,5.7,28.5,74.9,1,30.2
RB-ORD-102354,Rajdhani,BRC,C2,50,1,3,398,LateNight,16.3,379,3,Foggy,15,0,22,7.9,24.2,12.8,1,27.1
RB-ORD-102355,Shatabdi,DDU,S4,13,0,3,440,Lunch,20.1,401,4,Clear,2,41.6,32,9.1,29.2,46.4,1,30.2
RB-ORD-102356,Superfast,BRC,B4,55,1,1,988,Snacks,15.0,110,1,Clear,3,19.1,33,1.9,16.9,38.2,1,18.0
RB-ORD-102357,Superfast,PRYJ,H1,61,1,3,267,Breakfast,16.1,237,3,Clear,2,7.9,82,5.0,21.1,70.8,1,23.5
RB-ORD-102358,Mail Express,NGP,E1,19,1,2,289,LateNight,13.8,108,4,Clear,7,30.7,49,2.5,16.3,70.4,1,17.5
RB-ORD-102359,Shatabdi,NGP,H1,28,1,5,869,Lunch,24.3,64,4,Foggy,5,12.9,67,1.5,25.8,59.1,1,27.3
RB-ORD-102360,Mail Express,MTJ,B3,31,1,3,896,LateNight,17.8,354,3,Foggy,5,0,86,7.4,25.2,65.8,1,26.4
RB-ORD-102361,Shatabdi,KOTA,B1,39,1,4,614,Breakfast,21.5,260,2,Clear,5,12.7,81,5.0,26.5,72.2,1,28.4
RB-ORD-102362,Vande Bharat,KOTA,A1,44,1,2,679,Lunch,18.2,139,4,Rainy,5,14.1,42,4.4,22.6,38.5,1,25.1
RB-ORD-102363,Vande Bharat,KOTA,A1,8,1,4,1012,Lunch,23.5,178,1,Rainy,5,14.7,73,4.3,27.8,64.9,1,28.9
RB-ORD-102364,Superfast,CNB,A2,62,1,3,1069,Breakfast,18.3,103,5,Clear,2,41.7,56,2.5,20.8,78.9,1,22.4
RB-ORD-102365,Vande Bharat,ST,B4,64,1,1,985,Breakfast,10.4,450,1,Clear,2,12.4,50,7.8,18.2,46.2,1,20.4
RB-ORD-102366,Rajdhani,DDU,S4,31,0,3,162,LateNight,18.2,306,4,Rainy,2,0,22,9.8,28.0,-4.0,0,23.0
RB-ORD-102367,Mail Express,NGP,A1,42,1,5,806,Snacks,21.0,240,4,Clear,5,20.0,59,5.5,26.5,57.5,1,28.2
RB-ORD-102368,Superfast,CNB,B5,19,1,5,299,Dinner,22.4,167,2,Rainy,7,30.5,17,4.5,26.9,27.6,1,29.5
RB-ORD-102369,Vande Bharat,NGP,E1,57,1,3,744,Snacks,17.7,241,2,Clear,5,27.0,37,4.6,22.3,46.7,1,23.7
RB-ORD-102370,Rajdhani,CNB,S4,71,0,4,197,Snacks,20.1,293,4,Clear,2,21.5,43,6.7,26.8,39.7,1,28.7
RB-ORD-102371,Vande Bharat,BRC,B3,33,1,1,416,LateNight,15.2,311,3,Clear,10,0,42,6.5,21.7,30.3,1,24.0
RB-ORD-102372,Vande Bharat,AGC,C1,60,1,2,766,Snacks,13.5,456,4,Rainy,15,33.3,70,14.5,28.0,90.3,1,29.6
RB-ORD-102373,Mail Express,BPL,S1,19,0,4,1023,Dinner,22.7,94,3,Rainy,5,36.4,64,2.8,25.5,79.9,1,27.9
RB-ORD-102374,Mail Express,DDU,H1,29,1,6,149,Lunch,28.8,330,1,Foggy,15,0,80,5.7,34.5,60.5,1,37.3
RB-ORD-102375,Shatabdi,KOTA,S4,68,0,6,324,Dinner,25.8,222,4,Foggy,15,14.8,67,5.1,30.9,65.9,1,32.1
RB-ORD-102376,Shatabdi,BPL,A1,13,1,1,625,Snacks,12.8,467,5,Foggy,3,14.4,86,11.5,24.3,79.1,1,27.0
RB-ORD-102377,Rajdhani,BRC,A1,72,1,5,742,Breakfast,19.6,293,1,Clear,15,10.1,24,5.0,24.6,24.5,1,27.2
RB-ORD-102378,Vande Bharat,NGP,S1,28,0,6,239,Snacks,22.1,259,1,Rainy,5,0,48,6.2,28.3,24.7,1,30.0
RB-ORD-102379,Rajdhani,BRC,A2,62,1,4,744,Breakfast,18.8,342,2,Rainy,5,6.8,46,9.1,27.9,29.9,1,30.4
RB-ORD-102380,Rajdhani,DDU,E1,39,1,6,578,Breakfast,24.5,148,4,Foggy,2,20.9,31,3.4,27.9,26.0,1,30.3
RB-ORD-102381,Rajdhani,MTJ,C2,32,1,2,468,Dinner,15.6,163,3,Rainy,5,24.3,30,4.8,20.4,38.9,1,22.4
RB-ORD-102382,Mail Express,ST,A1,53,1,6,377,Lunch,28.1,100,1,Clear,15,7.0,32,1.7,29.8,24.2,1,32.1
RB-ORD-102383,Shatabdi,NGP,B4,9,1,1,657,Dinner,15.7,167,3,Foggy,15,0,17,3.5,19.2,12.8,1,20.2
RB-ORD-102384,Shatabdi,CNB,B5,47,1,5,314,Breakfast,23.9,136,3,Foggy,3,0,43,2.8,26.7,19.3,1,28.3
RB-ORD-102385,Superfast,ST,S4,64,0,2,382,Breakfast,12.4,270,3,Clear,7,25.2,17,5.6,18.0,31.2,1,20.5
RB-ORD-102386,Superfast,BRC,S8,72,0,6,513,Lunch,26.2,413,1,Foggy,5,6.0,39,7.1,33.3,16.7,1,34.7
RB-ORD-102387,Shatabdi,BPL,B4,37,1,5,785,Breakfast,21.7,188,3,Rainy,5,20.1,17,5.5,27.2,14.9,1,29.5
RB-ORD-102388,Mail Express,CNB,A1,69,1,3,175,Lunch,21.2,253,1,Clear,5,0,71,4.4,25.6,50.4,1,26.9
RB-ORD-102389,Mail Express,ST,A2,56,1,4,249,Snacks,20.9,190,3,Clear,15,22.3,90,4.0,24.9,102.4,1,26.6
RB-ORD-102390,Rajdhani,DDU,B1,52,1,4,620,Snacks,20.5,63,5,Foggy,5,39.1,23,1.6,22.1,45.0,1,23.5
RB-ORD-102391,Superfast,AGC,C1,36,1,3,324,Dinner,22.0,237,3,Clear,2,11.4,81,5.0,27.0,67.4,1,28.4
RB-ORD-102392,Vande Bharat,MTJ,B4,44,1,2,824,Snacks,17.3,327,4,Foggy,15,28.1,31,7.4,24.7,49.4,1,26.7
RB-ORD-102393,Mail Express,AGC,B3,21,1,3,989,Lunch,22.3,193,4,Rainy,2,23.0,38,6.2,28.5,34.5,1,30.8
RB-ORD-102394,Rajdhani,AGC,B4,67,1,3,623,Breakfast,16.3,312,4,Clear,15,9.0,16,7.1,23.4,16.6,1,25.9
RB-ORD-102395,Vande Bharat,KOTA,B3,11,1,6,1029,Lunch,25.0,398,3,Foggy,2,11.7,19,8.3,33.3,-0.6,0,31.7
RB-ORD-102396,Rajdhani,AGC,B4,70,1,4,775,Lunch,24.4,167,3,Foggy,5,9.2,62,3.5,27.9,48.3,1,30.6
RB-ORD-102397,Rajdhani,KOTA,B2,41,1,6,865,Dinner,27.4,156,4,Clear,5,0,66,3.6,31.0,40.0,1,33.7
RB-ORD-102398,Mail Express,NGP,C1,39,1,5,192,LateNight,22.5,224,1,Foggy,15,28.2,84,3.9,26.4,100.8,1,29.1
RB-ORD-102399,Shatabdi,CNB,C2,41,1,6,448,Lunch,28.5,357,3,Foggy,5,0.3,64,7.5,36.0,33.3,1,38.7
RB-ORD-102400,Vande Bharat,PRYJ,B4,12,1,5,782,LateNight,21.0,274,4,Foggy,10,12.1,28,6.2,27.2,22.9,1,28.7
RB-ORD-102401,Shatabdi,KOTA,C2,66,1,1,737,Breakfast,11.1,370,4,Clear,7,10.0,48,8.4,19.5,45.5,1,21.4
RB-ORD-102402,Shatabdi,CNB,S8,15,0,1,1066,Snacks,13.4,312,4,Clear,10,0,62,7.1,20.5,51.5,1,22.2
RB-ORD-102403,Vande Bharat,NGP,H1,36,1,5,1032,Breakfast,20.2,247,4,Rainy,7,5.0,43,7.9,28.1,26.9,1,29.4
RB-ORD-102404,Mail Express,AGC,B4,39,1,6,735,Snacks,22.9,332,2,Rainy,7,21.8,28,8.9,31.8,25.0,1,33.1
RB-ORD-102405,Vande Bharat,ST,S4,39,0,4,530,Breakfast,18.6,450,4,Rainy,10,0,72,14.3,32.9,49.1,1,34.1
RB-ORD-102406,Shatabdi,DDU,S1,28,0,2,912,Snacks,14.3,468,5,Rainy,3,28.1,54,16.1,30.4,54.7,1,33.1
RB-ORD-102407,Mail Express,AGC,S1,20,0,3,808,Lunch,20.0,169,3,Foggy,3,4.0,51,3.5,23.5,34.5,1,25.8
RB-ORD-102408,Vande Bharat,DDU,B1,67,1,2,206,Breakfast,14.5,413,3,Foggy,10,2.0,80,8.6,23.1,68.9,1,25.9
RB-ORD-102409,Shatabdi,MTJ,S1,56,0,5,1058,Dinner,26.9,266,5,Clear,5,0,15,6.5,33.4,-13.4,0,17.5
RB-ORD-102410,Rajdhani,PRYJ,B3,51,1,5,630,Breakfast,22.6,235,2,Foggy,15,17.9,22,4.5,27.1,27.8,1,29.5
RB-ORD-102411,Mail Express,MTJ,B5,3,1,3,889,Snacks,17.5,427,5,Clear,3,22.5,89,10.5,28.0,86.5,1,30.1
RB-ORD-102412,Shatabdi,BRC,E1,16,1,4,415,Lunch,20.5,287,3,Rainy,3,0,54,8.4,28.9,28.1,1,30.0
RB-ORD-102413,Shatabdi,BRC,B3,22,1,5,816,Snacks,22.7,236,4,Foggy,5,20.8,73,5.4,28.1,70.7,1,30.5
RB-ORD-102414,Vande Bharat,BRC,S1,15,0,1,150,Snacks,12.2,448,1,Foggy,5,13.7,47,7.7,19.9,45.8,1,22.7
RB-ORD-102415,Vande Bharat,PRYJ,S8,46,0,3,803,LateNight,15.1,231,1,Foggy,15,0,37,4.0,19.1,32.9,1,21.1
RB-ORD-102416,Rajdhani,PRYJ,A2,56,1,4,980,Breakfast,18.6,411,4,Rainy,5,33.4,89,13.1,31.7,95.7,1,33.9
RB-ORD-102417,Vande Bharat,BPL,B5,6,1,4,397,Lunch,22.3,473,5,Foggy,5,26.0,43,11.6,33.9,40.1,1,35.9
RB-ORD-102418,Superfast,NGP,S4,11,0,5,855,Dinner,27.0,101,2,Rainy,5,0,24,2.7,29.7,-0.7,0,26.5
RB-ORD-102419,Mail Express,NGP,B1,45,1,5,1036,Lunch,23.7,260,3,Rainy,2,18.1,65,7.6,31.3,53.8,1,33.7
RB-ORD-102420,Vande Bharat,NGP,B2,15,1,2,986,LateNight,15.9,300,1,Foggy,15,20.0,22,5.2,21.1,35.9,1,23.9
RB-ORD-102421,Superfast,KOTA,E1,65,1,3,629,Snacks,16.8,270,1,Rainy,15,11.6,20,6.5,23.3,23.3,1,24.8
RB-ORD-102422,Mail Express,DDU,B5,66,1,2,944,LateNight,16.0,122,4,Foggy,7,6.1,66,2.8,18.8,60.3,1,21.4
RB-ORD-102423,Mail Express,BPL,S1,53,0,4,923,Dinner,22.1,232,2,Foggy,7,10.4,44,4.4,26.5,34.9,1,28.7
RB-ORD-102424,Rajdhani,AGC,S8,51,0,1,1015,LateNight,12.1,71,2,Foggy,5,0,31,1.4,13.5,22.5,1,16.1
RB-ORD-102425,Superfast,BRC,S8,48,0,6,568,Snacks,23.8,405,2,Clear,5,0,65,7.7,31.5,38.5,1,33.4
RB-ORD-102426,Superfast,BRC,S1,56,0,3,671,LateNight,19.4,460,1,Clear,15,7.7,51,7.9,27.3,46.4,1,29.7
RB-ORD-102427,Rajdhani,CNB,E1,53,1,3,429,Snacks,18.3,167,4,Rainy,7,0,70,5.3,23.6,53.4,1,25.0
RB-ORD-102428,Mail Express,BRC,B4,19,1,6,950,Lunch,28.7,446,2,Clear,5,29.6,22,8.5,37.2,19.4,1,38.4
RB-ORD-102429,Vande Bharat,MTJ,S4,71,0,2,1045,Breakfast,14.9,83,1,Rainy,15,39.2,87,2.0,16.9,124.3,1,18.2
RB-ORD-102430,Vande Bharat,BPL,C2,58,1,6,702,Lunch,27.7,237,5,Foggy,15,0.8,75,5.8,33.5,57.3,1,34.5
RB-ORD-102431,Vande Bharat,DDU,B3,17,1,5,278,Breakfast,20.6,302,3,Clear,5,0,41,6.3,26.9,19.1,1,29.3
RB-ORD-102432,Mail Express,BPL,B1,61,1,6,423,LateNight,26.1,369,2,Foggy,3,22.3,25,7.0,33.1,17.2,1,35.2
RB-ORD-102433,Vande Bharat,NGP,S4,55,0,6,439,LateNight,23.9,412,1,Clear,5,4.9,70,7.1,31.0,48.9,1,33.4
RB-ORD-102434,Vande Bharat,AGC,S1,26,0,2,1059,Dinner,20.1,267,1,Foggy,15,9.1,40,4.6,24.7,39.4,1,26.3
RB-ORD-102435,Rajdhani,CNB,H1,53,1,1,740,Snacks,12.9,318,1,Rainy,10,35.9,26,7.7,20.6,51.3,1,22.9
RB-ORD-102436,Rajdhani,NGP,C1,37,1,6,1039,Lunch,28.9,92,5,Foggy,5,0,36,2.3,31.2,9.8,1,33.2
RB-ORD-102437,Mail Express,DDU,C1,44,1,6,812,LateNight,21.4,408,5,Foggy,5,49.9,33,10.0,31.4,56.5,1,33.6
RB-ORD-102438,Mail Express,BRC,B1,62,1,2,355,Lunch,16.9,439,4,Foggy,5,22.2,78,10.0,26.9,78.3,1,28.9
RB-ORD-102439,Rajdhani,BRC,S4,40,0,3,246,Breakfast,15.4,187,4,Foggy,5,13.0,54,4.3,19.7,52.3,1,21.3
RB-ORD-102440,Shatabdi,DDU,C2,39,1,1,946,Dinner,14.5,443,4,Foggy,7,0,85,10.1,24.6,67.4,1,25.7
RB-ORD-102441,Vande Bharat,DDU,B3,65,1,6,775,Lunch,27.2,107,1,Clear,2,0,23,1.8,29.0,-4.0,0,24.0
RB-ORD-102442,Vande Bharat,DDU,H1,23,1,2,437,Breakfast,13.1,83,3,Clear,5,40.3,53,1.7,14.8,83.5,1,17.0
RB-ORD-102443,Superfast,AGC,B2,8,1,4,900,Lunch,22.1,461,4,Rainy,5,46.5,51,14.7,36.8,65.7,1,39.4
RB-ORD-102444,Mail Express,DDU,A2,12,1,6,600,Dinner,27.0,273,2,Foggy,15,0,38,5.2,32.2,20.8,1,34.6
RB-ORD-102445,Rajdhani,CNB,B3,64,1,3,932,LateNight,19.1,92,1,Foggy,3,38.1,22,1.6,20.7,42.4,1,23.1
RB-ORD-102446,Mail Express,KOTA,A1,23,1,2,168,Dinner,17.8,345,2,Rainy,3,3.4,29,9.2,27.0,8.4,1,29.7
RB-ORD-102447,Shatabdi,BRC,A1,20,1,5,646,Breakfast,20.4,348,1,Clear,5,43.3,68,6.0,26.4,89.9,1,28.1
RB-ORD-102448,Rajdhani,PRYJ,B5,43,1,6,209,Dinner,24.8,85,3,Foggy,2,0,48,1.8,26.6,23.4,1,28.6
RB-ORD-102449,Rajdhani,PRYJ,E1,57,1,5,676,Dinner,25.7,190,3,Rainy,5,13.7,64,5.6,31.3,51.4,1,32.5
RB-ORD-102450,Vande Bharat,AGC,A1,71,1,6,175,Lunch,25.3,443,4,Foggy,3,22.7,22,10.1,35.4,12.3,1,36.4
RB-ORD-102451,Vande Bharat,AGC,E1,28,1,3,675,Lunch,20.9,439,3,Clear,7,0,18,9.2,30.1,-5.1,0,21.5
RB-ORD-102452,Rajdhani,PRYJ,E1,68,1,2,291,LateNight,12.9,111,3,Rainy,2,19.8,48,3.3,16.2,53.6,1,17.6
RB-ORD-102453,Shatabdi,AGC,C2,39,1,5,1051,Breakfast,21.3,206,4,Foggy,5,24.0,54,4.7,26.0,57.0,1,28.3
RB-ORD-102454,Vande Bharat,AGC,B4,8,1,3,956,Breakfast,17.3,101,5,Clear,2,0,58,2.5,19.8,40.2,1,21.0
RB-ORD-102455,Mail Express,BPL,B4,44,1,1,995,Dinner,13.4,443,5,Clear,5,33.2,61,10.9,24.3,74.9,1,26.9
RB-ORD-102456,Shatabdi,DDU,B2,33,1,2,573,Lunch,16.3,374,2,Clear,5,5.3,23,7.1,23.4,9.9,1,25.8
RB-ORD-102457,Superfast,BPL,A1,52,1,5,469,Breakfast,19.9,421,3,Clear,5,9.8,16,8.8,28.7,2.1,0,28.3
RB-ORD-102458,Mail Express,KOTA,H1,48,1,1,337,Lunch,14.8,339,2,Foggy,5,9.4,65,6.5,21.3,58.1,1,23.7
RB-ORD-102459,Mail Express,BRC,B5,56,1,1,764,Lunch,17.7,175,3,Clear,3,31.1,48,3.7,21.4,60.7,1,22.4
RB-ORD-102460,Superfast,MTJ,C2,10,1,6,787,Dinner,27.9,347,2,Foggy,2,17.0,27,6.6,34.5,11.5,1,37.1
RB-ORD-102461,Superfast,AGC,B5,56,1,2,299,Breakfast,15.5,297,3,Rainy,7,4.2,43,8.7,24.2,30.0,1,25.6
RB-ORD-102462,Superfast,BPL,B3,70,1,4,222,Lunch,24.8,388,1,Foggy,5,1.2,47,6.7,31.5,21.7,1,32.6
RB-ORD-102463,Shatabdi,DDU,B4,64,1,6,462,LateNight,21.9,302,3,Clear,5,17.3,58,6.3,28.2,52.1,1,29.2
RB-ORD-102464,Mail Express,DDU,H1,48,1,6,619,LateNight,25.8,237,1,Foggy,5,13.3,32,4.1,29.9,20.4,1,32.2
RB-ORD-102465,Rajdhani,KOTA,C2,56,1,3,305,Breakfast,17.2,97,4,Foggy,5,26.2,89,2.2,19.4,100.8,1,21.8
RB-ORD-102466,Shatabdi,CNB,H1,60,1,6,725,Lunch,27.3,479,2,Rainy,10,29.1,40,12.8,40.1,39.0,1,41.1
RB-ORD-102467,Shatabdi,BRC,E1,47,1,6,785,Dinner,27.9,65,3,Clear,5,19.8,60,1.4,29.3,55.5,1,30.7
RB-ORD-102468,Mail Express,CNB,S1,15,0,3,1045,LateNight,17.2,209,3,Foggy,5,3.4,64,4.4,21.6,50.8,1,23.0
RB-ORD-102469,Superfast,AGC,B2,34,1,6,1067,Breakfast,21.7,411,1,Clear,2,17.8,44,7.1,28.8,35.0,1,30.2
RB-ORD-102470,Rajdhani,BRC,B2,39,1,1,623,Snacks,14.2,146,1,Rainy,15,11.3,83,3.5,17.7,91.6,1,20.4
RB-ORD-102471,Vande Bharat,CNB,S1,40,0,6,873,Snacks,25.9,384,4,Clear,2,21.4,57,8.7,34.6,45.8,1,37.5
RB-ORD-102472,Shatabdi,ST,C2,66,1,2,1036,Lunch,18.6,345,1,Foggy,5,52.0,82,5.9,24.5,114.5,1,27.3
RB-ORD-102473,Rajdhani,AGC,H1,11,1,5,1025,Snacks,19.7,308,1,Foggy,2,17.1,77,5.3,25.0,71.1,1,26.6
RB-ORD-102474,Vande Bharat,BPL,A1,38,1,2,666,Snacks,16.2,383,5,Rainy,10,45.5,42,13.2,29.4,68.1,1,31.3
RB-ORD-102475,Rajdhani,AGC,E1,22,1,2,657,Lunch,16.6,131,4,Clear,5,34.9,76,3.0,19.6,96.3,1,22.5
RB-ORD-102476,Shatabdi,ST,B3,49,1,3,471,LateNight,16.4,85,2,Rainy,5,21.2,48,2.3,18.7,55.5,1,20.2
RB-ORD-102477,Vande Bharat,BRC,B1,65,1,1,636,Snacks,13.9,462,1,Foggy,5,7.8,83,8.0,21.9,73.9,1,23.4
RB-ORD-102478,Mail Express,PRYJ,C1,23,1,4,350,Dinner,20.0,353,3,Foggy,5,0,89,7.4,27.4,66.6,1,29.7
RB-ORD-102479,Superfast,BRC,S1,9,0,6,326,Lunch,25.6,269,1,Rainy,2,16.1,67,6.5,32.1,53.0,1,33.6
RB-ORD-102480,Shatabdi,CNB,H1,25,1,6,373,Dinner,25.8,446,4,Clear,5,17.6,56,10.2,36.0,42.6,1,37.4
RB-ORD-102481,Mail Express,BRC,B5,15,1,6,481,Dinner,25.5,129,2,Rainy,3,30.5,86,3.4,28.9,90.6,1,31.4
RB-ORD-102482,Vande Bharat,DDU,E1,55,1,4,489,Lunch,23.0,114,5,Foggy,7,18.8,28,2.8,25.8,28.0,1,26.8
RB-ORD-102483,Vande Bharat,MTJ,B5,41,1,6,583,Snacks,25.0,136,3,Rainy,10,26.7,59,4.0,29.0,66.7,1,30.0
RB-ORD-102484,Superfast,AGC,B4,61,1,6,937,Lunch,26.1,178,4,Rainy,5,0,40,5.7,31.8,13.2,1,33.0
RB-ORD-102485,Rajdhani,CNB,A2,32,1,1,631,Breakfast,11.5,454,5,Foggy,2,0,57,11.2,22.7,36.3,1,25.5
RB-ORD-102486,Superfast,AGC,B3,31,1,1,170,Lunch,17.9,314,3,Rainy,7,5.8,55,9.2,27.1,40.7,1,29.1
RB-ORD-102487,Shatabdi,DDU,B4,51,1,4,622,Lunch,21.3,145,5,Rainy,5,0,27,5.0,26.3,5.7,1,28.5
RB-ORD-102488,Shatabdi,ST,S4,28,0,6,719,Lunch,26.6,464,5,Rainy,10,24.8,50,16.0,42.6,42.2,1,45.5
RB-ORD-102489,Shatabdi,AGC,S4,44,0,4,287,Breakfast,17.5,271,4,Foggy,7,31.1,52,6.2,23.7,66.4,1,26.4
RB-ORD-102490,Mail Express,PRYJ,S4,21,0,4,872,Dinner,22.0,358,1,Clear,3,38.2,41,6.2,28.2,54.0,1,30.0
RB-ORD-102491,Superfast,AGC,B3,19,1,1,838,Dinner,14.7,309,4,Foggy,15,0,59,7.0,21.7,52.3,1,24.2
RB-ORD-102492,Rajdhani,CNB,A1,29,1,2,573,Dinner,18.9,130,4,Foggy,15,0,27,3.0,21.9,20.1,1,23.7
RB-ORD-102493,Shatabdi,AGC,S4,53,0,6,1047,Breakfast,23.9,148,2,Rainy,5,31.6,19,4.0,27.9,27.7,1,30.3
RB-ORD-102494,Mail Express,DDU,B2,61,1,5,622,Lunch,23.1,154,1,Foggy,7,16.8,68,2.7,25.8,66.0,1,27.0
RB-ORD-102495,Superfast,PRYJ,C2,14,1,6,513,Lunch,24.8,84,3,Rainy,15,17.6,71,2.5,27.3,76.3,1,30.0
RB-ORD-102496,Mail Express,MTJ,B4,39,1,3,919,Dinner,17.8,210,4,Foggy,7,41.0,15,4.8,22.6,40.4,1,24.8
RB-ORD-102497,Shatabdi,MTJ,C2,21,1,5,359,Dinner,26.5,419,5,Foggy,3,34.1,64,10.3,36.8,64.3,1,39.7
RB-ORD-102498,Mail Express,MTJ,S4,17,0,5,523,LateNight,22.7,310,4,Rainy,5,0,69,9.9,32.6,41.4,1,35.3
RB-ORD-102499,Vande Bharat,DDU,A2,50,1,2,1004,Snacks,16.4,244,3,Clear,15,9.1,45,5.1,21.5,47.6,1,22.5
RB-ORD-102500,Rajdhani,PRYJ,B5,15,1,6,320,LateNight,21.5,222,2,Clear,2,14.0,27,4.2,25.7,17.3,1,28.3
RB-ORD-102501,Vande Bharat,ST,C2,61,1,5,132,Dinner,24.1,95,4,Rainy,10,21.6,30,3.0,27.1,34.5,1,29.0
RB-ORD-102502,Rajdhani,KOTA,S1,1,0,2,1031,LateNight,16.9,151,3,Clear,5,6.4,36,3.2,20.1,27.3,1,21.7
RB-ORD-102503,Superfast,NGP,B2,53,1,3,214,Dinner,18.5,266,3,Foggy,7,0,86,5.6,24.1,68.9,1,27.0
RB-ORD-102504,Rajdhani,CNB,B4,70,1,5,325,Lunch,26.9,404,5,Foggy,5,19.6,40,9.9,36.8,27.8,1,38.3
RB-ORD-102505,Mail Express,DDU,C1,16,1,2,912,Dinner,18.2,289,4,Foggy,3,0.6,73,6.6,24.8,51.8,1,27.8
RB-ORD-102506,Shatabdi,KOTA,H1,27,1,3,701,LateNight,14.7,476,3,Rainy,2,19.7,73,13.9,28.6,66.1,1,30.2
RB-ORD-102507,Vande Bharat,ST,C2,18,1,4,394,Dinner,23.4,188,4,Foggy,7,0,33,4.3,27.7,12.3,1,28.9
RB-ORD-102508,Mail Express,BRC,C1,55,1,4,673,Breakfast,20.4,83,1,Rainy,5,2.3,29,2.0,22.4,13.9,1,25.2
RB-ORD-102509,Superfast,DDU,H1,61,1,4,512,Breakfast,18.0,418,4,Clear,5,37.9,35,9.5,27.5,50.4,1,29.1
RB-ORD-102510,Vande Bharat,AGC,S1,22,0,2,374,Snacks,12.5,219,1,Rainy,5,14.2,33,5.3,17.8,34.4,1,19.1
RB-ORD-102511,Shatabdi,BPL,S8,52,0,2,768,Breakfast,15.6,73,5,Clear,2,0,36,1.8,17.4,20.6,1,18.9
RB-ORD-102512,Rajdhani,AGC,S4,52,0,3,387,Snacks,15.1,457,4,Clear,7,70.8,55,10.4,25.5,107.3,1,27.1
RB-ORD-102513,Mail Express,PRYJ,B4,54,1,3,988,LateNight,17.7,306,3,Rainy,2,0,37,9.0,26.7,12.3,1,29.1
RB-ORD-102514,Superfast,KOTA,B1,25,1,6,1040,Breakfast,23.2,213,2,Rainy,5,23.8,16,5.7,28.9,15.9,1,31.5
RB-ORD-102515,Mail Express,PRYJ,A1,68,1,5,756,Snacks,22.0,433,5,Rainy,2,13.4,89,14.9,36.9,67.5,1,38.1
RB-ORD-102516,Mail Express,KOTA,B4,61,1,1,181,Snacks,10.7,113,2,Rainy,2,8.6,78,3.0,13.7,74.9,1,16.0
RB-ORD-102517,Shatabdi,NGP,S1,7,0,4,847,LateNight,17.7,111,2,Foggy,15,0,80,2.1,19.8,75.2,1,22.1
RB-ORD-102518,Superfast,MTJ,S4,5,0,3,315,LateNight,15.0,414,5,Foggy,15,50.0,57,10.2,25.2,96.8,1,27.6
RB-ORD-102519,Mail Express,BPL,B4,33,1,2,977,LateNight,16.1,462,4,Rainy,2,0,44,14.7,30.8,15.2,1,32.2
RB-ORD-102520,Mail Express,ST,E1,4,1,3,1046,Breakfast,17.9,456,4,Rainy,5,0,36,14.5,32.4,8.6,1,34.9
RB-ORD-102521,Mail Express,CNB,S8,39,0,1,923,Breakfast,10.4,416,5,Rainy,5,28.3,41,14.3,24.7,49.6,1,27.7
RB-ORD-102522,Shatabdi,PRYJ,A2,23,1,6,1049,Lunch,26.6,94,5,Clear,5,0,86,2.3,28.9,62.1,1,30.4
RB-ORD-102523,Vande Bharat,BRC,B2,37,1,4,780,Snacks,17.6,222,1,Rainy,15,25.1,55,5.4,23.0,72.1,1,25.4
RB-ORD-102524,Shatabdi,BRC,A1,54,1,1,587,Lunch,14.3,119,5,Clear,5,0,50,2.9,17.2,37.8,1,19.1
RB-ORD-102525,Vande Bharat,CNB,H1,52,1,1,593,Snacks,10.4,453,3,Clear,5,4.0,56,9.5,19.9,45.1,1,22.7
RB-ORD-102526,Mail Express,CNB,B2,58,1,2,621,Lunch,18.2,311,3,Rainy,2,2.8,65,9.1,27.3,42.5,1,28.8
RB-ORD-102527,Vande Bharat,KOTA,A2,25,1,6,846,Breakfast,24.0,388,5,Foggy,3,47.6,55,9.6,33.6,72.0,1,34.9
RB-ORD-102528,Mail Express,PRYJ,B4,6,1,5,275,Lunch,26.4,75,3,Clear,5,0,41,1.6,28.0,18.0,1,30.3
RB-ORD-102529,Rajdhani,AGC,S8,66,0,4,136,Dinner,22.1,455,3,Clear,5,21.6,39,9.5,31.6,34.0,1,33.3
RB-ORD-102530,Vande Bharat,DDU,A1,15,1,5,572,Lunch,24.7,315,5,Foggy,7,14.1,57,7.8,32.5,45.6,1,34.9
RB-ORD-102531,Rajdhani,NGP,E1,6,1,6,1087,Lunch,26.9,285,4,Rainy,10,40.1,40,9.1,36.0,54.1,1,38.6
RB-ORD-102532,Shatabdi,NGP,C1,13,1,2,662,Breakfast,16.3,140,1,Rainy,7,6.6,55,3.4,19.7,48.9,1,20.9
RB-ORD-102533,Mail Express,BPL,B4,11,1,4,997,Breakfast,18.5,287,1,Rainy,10,0,65,6.9,25.4,49.6,1,26.8
RB-ORD-102534,Rajdhani,BRC,E1,17,1,5,270,LateNight,20.4,168,5,Foggy,3,16.0,16,4.1,24.5,10.5,1,26.8
RB-ORD-102535,Shatabdi,KOTA,B5,58,1,5,529,Snacks,21.5,225,3,Foggy,7,17.2,52,4.7,26.2,50.0,1,28.3
RB-ORD-102536,Shatabdi,DDU,S1,6,0,4,707,Breakfast,20.7,303,5,Rainy,5,10.8,89,10.4,31.1,73.7,1,33.2
RB-ORD-102537,Mail Express,DDU,S4,37,0,5,775,LateNight,20.9,447,1,Rainy,5,4.0,15,10.8,31.7,-7.7,0,21.5
RB-ORD-102538,Shatabdi,DDU,B5,7,1,3,815,Lunch,22.2,467,4,Clear,2,18.2,38,10.6,32.8,25.4,1,34.7
RB-ORD-102539,Vande Bharat,ST,S1,65,0,1,457,Lunch,15.1,298,4,Clear,5,14.2,89,6.8,21.9,86.3,1,23.0
RB-ORD-102540,Vande Bharat,DDU,H1,18,1,3,359,LateNight,19.3,416,4,Rainy,3,23.9,33,13.3,32.6,27.3,1,34.8
RB-ORD-102541,Rajdhani,AGC,B3,48,1,2,1063,Lunch,16.7,390,1,Clear,7,13.0,81,6.7,23.4,77.6,1,25.0
RB-ORD-102542,Rajdhani,NGP,B3,63,1,3,301,Lunch,18.0,450,3,Clear,5,0,29,9.4,27.4,6.6,1,29.0
RB-ORD-102543,Shatabdi,CNB,S8,66,0,3,135,Lunch,21.1,259,5,Foggy,5,10.9,67,6.4,27.5,55.4,1,28.7
RB-ORD-102544,Rajdhani,MTJ,B2,32,1,4,616,LateNight,16.9,377,3,Foggy,15,8.7,44,7.9,24.8,42.9,1,27.7
RB-ORD-102545,Shatabdi,NGP,B1,58,1,2,1006,Dinner,20.1,463,3,Clear,2,36.8,54,9.7,29.8,63.0,1,30.8
RB-ORD-102546,Shatabdi,ST,B2,21,1,1,575,LateNight,14.7,447,3,Rainy,10,18.3,41,13.1,27.8,41.5,1,29.2
RB-ORD-102547,Rajdhani,CNB,A1,47,1,1,206,Lunch,15.8,282,5,Foggy,2,14.8,47,6.9,22.7,41.1,1,25.4
RB-ORD-102548,Superfast,MTJ,H1,45,1,4,420,Dinner,21.0,450,2,Foggy,5,51.6,63,8.6,29.6,90.0,1,30.7
RB-ORD-102549,Shatabdi,PRYJ,C1,13,1,4,639,Snacks,16.8,328,4,Clear,3,33.2,89,7.5,24.3,100.9,1,27.2
RB-ORD-102550,Rajdhani,BRC,C2,39,1,4,235,LateNight,19.2,480,2,Rainy,2,0,35,12.8,32.0,5.0,1,34.8
RB-ORD-102551,Vande Bharat,CNB,C2,50,1,4,671,Lunch,19.9,474,5,Clear,5,8.9,64,11.7,31.6,46.3,1,34.1
RB-ORD-102552,Vande Bharat,KOTA,C2,34,1,6,323,LateNight,26.1,403,4,Rainy,10,27.9,54,12.8,38.9,53.0,1,41.3
RB-ORD-102553,Superfast,AGC,B3,32,1,4,280,Snacks,17.5,62,4,Foggy,5,4.0,36,1.4,18.9,26.1,1,20.0
RB-ORD-102554,Superfast,DDU,S8,37,0,4,140,Snacks,18.1,249,1,Rainy,5,1.1,72,6.0,24.1,54.0,1,26.9
RB-ORD-102555,Superfast,DDU,A1,68,1,2,511,Breakfast,16.2,405,1,Rainy,3,9.9,40,9.8,26.0,26.9,1,27.3
RB-ORD-102556,Shatabdi,PRYJ,B1,24,1,3,1005,Dinner,19.0,283,1,Clear,3,24.6,71,4.9,23.9,74.7,1,25.5
RB-ORD-102557,Shatabdi,ST,B5,19,1,3,231,Snacks,19.0,88,3,Clear,10,0,55,1.8,20.8,44.2,1,22.6
RB-ORD-102558,Vande Bharat,ST,C1,4,1,4,284,Snacks,21.7,65,3,Rainy,10,25.3,64,1.9,23.6,75.7,1,26.2
RB-ORD-102559,Vande Bharat,BRC,E1,28,1,5,840,Dinner,26.0,368,2,Foggy,5,8.3,74,7.0,33.0,54.3,1,35.0
RB-ORD-102560,Superfast,KOTA,B5,23,1,3,292,Dinner,18.5,335,4,Foggy,5,29.1,24,7.6,26.1,32.0,1,28.4
RB-ORD-102561,Rajdhani,KOTA,C2,65,1,2,556,Breakfast,14.7,371,5,Clear,5,0,89,9.1,23.8,70.2,1,26.0
RB-ORD-102562,Shatabdi,PRYJ,B2,40,1,6,994,Breakfast,25.4,237,4,Rainy,3,0,37,7.6,33.0,7.0,1,35.9
RB-ORD-102563,Rajdhani,CNB,B1,72,1,4,603,Lunch,21.1,96,1,Clear,7,31.6,81,1.7,22.8,96.8,1,24.6
RB-ORD-102564,Vande Bharat,CNB,H1,10,1,4,475,Dinner,23.5,222,1,Foggy,5,3.8,83,3.8,27.3,64.5,1,30.2
RB-ORD-102565,Rajdhani,BPL,B5,15,1,3,930,Lunch,19.1,452,4,Foggy,2,0,76,10.3,29.4,48.6,1,30.4
RB-ORD-102566,Superfast,DDU,A2,18,1,1,1026,Lunch,15.1,311,1,Foggy,5,11.7,39,5.4,20.5,35.2,1,22.3
RB-ORD-102567,Vande Bharat,PRYJ,B2,27,1,4,673,LateNight,21.1,247,1,Rainy,10,26.8,32,6.0,27.1,41.7,1,28.4
RB-ORD-102568,Rajdhani,CNB,A1,70,1,5,951,Dinner,22.7,478,1,Clear,7,5.8,61,8.2,30.9,42.9,1,32.6
RB-ORD-102569,Rajdhani,ST,B5,41,1,1,884,Breakfast,13.0,82,5,Foggy,10,12.3,63,2.0,15.0,70.3,1,16.6
RB-ORD-102570,Vande Bharat,CNB,B4,65,1,1,464,LateNight,11.0,251,4,Foggy,5,9.1,35,5.7,16.7,32.4,1,17.8
RB-ORD-102571,Rajdhani,BRC,A2,70,1,6,519,Dinner,28.9,153,5,Foggy,2,22.2,35,3.8,32.7,26.5,1,35.5
RB-ORD-102572,Rajdhani,CNB,S4,65,0,5,523,Snacks,21.8,451,3,Rainy,3,0,76,13.2,35.0,44.0,1,38.0
RB-ORD-102573,Mail Express,AGC,A2,12,1,6,919,Breakfast,23.1,387,3,Rainy,5,20.1,86,11.3,34.4,76.7,1,36.0
RB-ORD-102574,Vande Bharat,CNB,H1,37,1,2,173,Lunch,20.1,298,5,Rainy,5,55.1,70,10.3,30.4,99.7,1,32.9
RB-ORD-102575,Shatabdi,BPL,C2,51,1,4,869,Breakfast,21.3,61,5,Clear,7,0,59,1.5,22.8,43.2,1,25.8
RB-ORD-102576,Shatabdi,ST,A1,57,1,5,625,Dinner,24.4,338,2,Rainy,2,27.4,24,9.0,33.4,20.0,1,35.8
RB-ORD-102577,Mail Express,NGP,E1,13,1,3,886,Dinner,17.7,293,5,Clear,2,6.1,72,7.2,24.9,55.2,1,26.9
RB-ORD-102578,Vande Bharat,MTJ,B4,2,1,1,963,LateNight,11.7,250,2,Foggy,10,33.7,89,4.8,16.5,116.2,1,17.7
RB-ORD-102579,Shatabdi,BPL,S8,51,0,3,689,LateNight,16.1,215,2,Foggy,5,18.2,40,4.1,20.2,43.0,1,22.6
RB-ORD-102580,Rajdhani,NGP,S1,36,0,1,965,Snacks,12.0,237,4,Rainy,15,0,88,7.6,19.6,83.4,1,21.0
RB-ORD-102581,Rajdhani,BPL,S8,55,0,6,582,LateNight,23.3,156,1,Foggy,15,0,31,2.7,26.0,20.0,1,27.3
RB-ORD-102582,Vande Bharat,KOTA,C2,62,1,4,340,LateNight,20.7,315,2,Clear,10,9.0,51,6.0,26.7,43.3,1,29.6
RB-ORD-102583,Mail Express,MTJ,A2,67,1,4,816,Dinner,22.5,101,4,Rainy,10,33.1,52,3.2,25.7,69.4,1,27.4
RB-ORD-102584,Vande Bharat,CNB,B1,56,1,1,768,LateNight,10.8,471,4,Foggy,15,10.0,59,10.7,21.5,62.5,1,23.1
RB-ORD-102585,Vande Bharat,CNB,E1,36,1,1,542,Breakfast,14.3,153,4,Clear,3,0,19,3.5,17.8,4.2,1,20.0
RB-ORD-102586,Mail Express,NGP,H1,21,1,4,927,LateNight,17.7,475,2,Foggy,5,0,42,9.1,26.8,20.2,1,28.6
RB-ORD-102587,Vande Bharat,MTJ,B4,9,1,5,542,LateNight,19.4,124,1,Clear,5,0,39,2.1,21.5,22.5,1,22.6
RB-ORD-102588,Superfast,PRYJ,C1,58,1,2,552,Dinner,18.3,386,3,Clear,7,22.2,69,8.1,26.4,71.8,1,28.8
RB-ORD-102589,Superfast,ST,B2,21,1,5,966,LateNight,20.9,257,1,Clear,5,2.2,60,4.4,25.3,41.9,1,27.3
RB-ORD-102590,Rajdhani,BPL,B1,1,1,4,775,Dinner,21.5,162,1,Rainy,5,47.6,85,3.9,25.4,112.2,1,26.5
RB-ORD-102591,Shatabdi,BPL,H1,66,1,4,666,Snacks,20.5,86,1,Foggy,5,17.4,34,1.5,22.0,34.4,1,24.5
RB-ORD-102592,Shatabdi,DDU,H1,58,1,3,777,Breakfast,17.8,102,5,Rainy,5,19.6,32,3.5,21.3,35.3,1,23.6
RB-ORD-102593,Rajdhani,AGC,B5,19,1,1,854,Dinner,14.6,430,4,Foggy,15,31.3,37,9.8,24.4,58.9,1,26.2
RB-ORD-102594,Superfast,ST,S8,72,0,1,938,Dinner,13.8,282,4,Foggy,10,20.7,33,6.4,20.2,43.5,1,21.4
RB-ORD-102595,Vande Bharat,ST,B5,50,1,6,471,LateNight,24.9,405,1,Clear,10,0,61,7.0,31.9,39.1,1,33.7
RB-ORD-102596,Superfast,BPL,S1,14,0,2,552,Dinner,19.2,138,1,Foggy,5,0,36,2.4,21.6,19.4,1,23.7
RB-ORD-102597,Rajdhani,ST,B3,13,1,2,998,Breakfast,16.6,368,5,Foggy,7,40.8,18,9.1,25.7,40.1,1,27.2
RB-ORD-102598,Mail Express,AGC,B5,68,1,5,193,Snacks,19.7,416,4,Rainy,2,0,86,13.3,33.0,55.0,1,34.6
RB-ORD-102599,Superfast,DDU,C1,39,1,2,438,Snacks,16.6,105,5,Rainy,3,19.7,74,3.6,20.2,76.5,1,22.0
RB-ORD-102600,Rajdhani,AGC,B3,31,1,5,1078,Lunch,22.6,405,5,Foggy,7,0,16,10.0,32.6,-9.6,0,19.5
RB-ORD-102601,Superfast,BRC,B1,25,1,2,942,Breakfast,14.7,253,4,Rainy,7,0,79,8.1,22.8,63.2,1,25.2
RB-ORD-102602,Shatabdi,BRC,C1,15,1,5,349,LateNight,22.0,198,3,Foggy,5,0,22,4.1,26.1,0.9,0,24.5
RB-ORD-102603,Rajdhani,NGP,S8,61,0,2,735,Breakfast,12.6,347,3,Foggy,5,7.9,16,7.3,19.9,9.0,1,22.1
RB-ORD-102604,Shatabdi,KOTA,H1,30,1,1,200,LateNight,14.5,311,2,Rainy,10,43.0,59,8.3,22.8,89.2,1,24.2
RB-ORD-102605,Rajdhani,KOTA,S1,50,0,3,865,Breakfast,19.3,350,3,Foggy,5,9.7,81,7.3,26.6,69.1,1,29.2
RB-ORD-102606,Mail Express,DDU,S8,24,0,2,305,Snacks,13.7,194,1,Foggy,5,17.6,49,3.3,17.0,54.6,1,19.4
RB-ORD-102607,Superfast,NGP,B2,45,1,5,764,Lunch,26.1,418,3,Foggy,5,34.8,32,8.7,34.8,37.0,1,37.4
RB-ORD-102608,Superfast,BRC,S1,25,0,6,1080,LateNight,24.6,120,3,Clear,7,19.8,58,2.5,27.1,57.7,1,28.5
RB-ORD-102609,Rajdhani,BRC,C1,62,1,2,406,Snacks,15.0,79,5,Rainy,2,21.9,59,2.7,17.7,65.2,1,19.5
RB-ORD-102610,Superfast,PRYJ,B1,68,1,4,1060,Breakfast,21.6,427,3,Clear,7,17.2,43,8.9,30.5,36.7,1,32.4
RB-ORD-102611,Vande Bharat,KOTA,B5,20,1,1,1030,Snacks,12.1,155,3,Rainy,2,0,43,4.5,16.6,28.4,1,18.6
RB-ORD-102612,Superfast,KOTA,C2,62,1,6,880,LateNight,24.7,441,5,Clear,2,21.8,48,10.9,35.6,36.2,1,38.5
RB-ORD-102613,Mail Express,PRYJ,C2,10,1,1,865,Dinner,15.4,96,4,Clear,3,0.7,44,2.2,17.6,30.1,1,19.6
RB-ORD-102614,Superfast,MTJ,B3,64,1,1,274,Lunch,13.4,144,4,Foggy,5,13.4,25,3.3,16.7,26.7,1,18.0
RB-ORD-102615,Rajdhani,PRYJ,B4,2,1,5,331,Lunch,26.2,181,5,Clear,3,5.5,53,4.5,30.7,30.8,1,33.3
RB-ORD-102616,Shatabdi,BRC,C2,43,1,2,212,Breakfast,12.7,480,2,Foggy,5,0,44,9.2,21.9,27.1,1,23.1
RB-ORD-102617,Mail Express,MTJ,B3,70,1,5,603,Lunch,26.9,80,3,Foggy,15,47.8,74,1.7,28.6,108.2,1,29.9
RB-ORD-102618,Vande Bharat,PRYJ,H1,52,1,5,1038,Breakfast,22.7,307,4,Foggy,2,29.6,16,7.0,29.7,17.9,1,31.9
RB-ORD-102619,Shatabdi,KOTA,C1,59,1,4,874,Breakfast,18.0,453,5,Foggy,15,14.1,82,11.2,29.2,81.9,1,31.4
RB-ORD-102620,Rajdhani,AGC,S1,42,0,3,1091,Breakfast,17.7,193,3,Clear,3,2.0,73,4.0,21.7,56.3,1,23.8
RB-ORD-102621,Shatabdi,BRC,C2,46,1,3,407,Lunch,19.5,344,5,Foggy,5,11.7,41,8.5,28.0,29.7,1,30.9
RB-ORD-102622,Shatabdi,BRC,B1,68,1,5,740,Lunch,22.5,60,5,Foggy,3,17.2,71,1.5,24.0,67.2,1,26.3
RB-ORD-102623,Shatabdi,PRYJ,A1,32,1,1,467,LateNight,10.3,441,4,Foggy,10,3.7,51,10.0,20.3,44.4,1,22.7
RB-ORD-102624,Shatabdi,CNB,H1,64,1,4,458,Lunch,23.8,334,2,Foggy,3,0,72,6.4,30.2,44.8,1,31.9
RB-ORD-102625,Vande Bharat,CNB,H1,68,1,1,947,Breakfast,12.8,464,4,Clear,3,40.4,69,10.6,23.4,89.0,1,24.9
RB-ORD-102626,Shatabdi,NGP,S4,26,0,1,549,LateNight,13.6,97,4,Foggy,3,51.7,59,2.2,15.8,97.9,1,17.4
RB-ORD-102627,Rajdhani,DDU,B1,64,1,1,767,Snacks,14.4,152,2,Rainy,7,0,29,4.1,18.5,17.5,1,21.0
RB-ORD-102628,Superfast,NGP,B2,2,1,1,610,Snacks,15.1,142,3,Foggy,5,1.8,35,3.0,18.1,23.7,1,20.8
RB-ORD-102629,Superfast,BRC,S4,28,0,1,511,Snacks,12.0,234,5,Rainy,5,33.8,89,8.1,20.1,107.7,1,22.4
RB-ORD-102630,Mail Express,AGC,B3,35,1,2,457,LateNight,13.6,175,1,Foggy,7,15.4,29,3.0,16.6,34.8,1,19.4
RB-ORD-102631,Superfast,DDU,A1,35,1,2,256,Lunch,16.0,375,4,Clear,5,0,68,8.5,24.5,48.5,1,26.6
RB-ORD-102632,Vande Bharat,MTJ,C2,61,1,4,935,Lunch,24.4,314,1,Clear,5,5.2,44,5.4,29.8,24.4,1,31.8
RB-ORD-102633,Mail Express,CNB,B3,60,1,1,875,Dinner,15.0,171,5,Foggy,10,0,55,4.2,19.2,45.8,1,21.9
RB-ORD-102634,Vande Bharat,PRYJ,B5,3,1,2,1087,Snacks,13.9,249,3,Rainy,10,32.8,66,7.3,21.2,87.6,1,24.1
RB-ORD-102635,Shatabdi,ST,A2,51,1,5,1098,LateNight,19.9,357,2,Foggy,5,6.3,34,6.8,26.7,18.6,1,27.7
RB-ORD-102636,Mail Express,ST,B2,13,1,6,804,LateNight,24.5,350,5,Rainy,5,21.0,29,12.1,36.6,18.4,1,39.1
RB-ORD-102637,Rajdhani,KOTA,B1,4,1,3,558,Snacks,16.6,84,1,Rainy,5,0,40,2.0,18.6,26.4,1,20.7
RB-ORD-102638,Superfast,BRC,S4,14,0,2,1085,Dinner,18.9,363,3,Foggy,5,5.9,22,7.6,26.5,6.4,1,29.4
RB-ORD-102639,Rajdhani,BPL,C1,10,1,5,958,Snacks,19.2,473,1,Clear,5,23.2,78,8.2,27.4,78.8,1,29.4
RB-ORD-102640,Mail Express,CNB,S4,59,0,3,185,Dinner,22.5,220,3,Clear,5,4.7,36,4.6,27.1,18.6,1,28.9
RB-ORD-102641,Vande Bharat,AGC,A2,53,1,6,125,Lunch,24.7,382,5,Clear,7,32.1,33,9.4,34.1,38.0,1,36.4
RB-ORD-102642,Rajdhani,BRC,E1,72,1,2,1100,LateNight,12.5,418,3,Foggy,3,0,46,8.7,21.2,27.8,1,22.3
RB-ORD-102643,Vande Bharat,MTJ,B2,3,1,3,1041,LateNight,16.7,86,3,Clear,5,37.2,73,1.8,18.5,96.7,1,20.3
RB-ORD-102644,Vande Bharat,AGC,B1,33,1,4,710,Dinner,20.8,465,4,Rainy,7,11.7,49,14.8,35.6,32.1,1,38.2
RB-ORD-102645,Shatabdi,BPL,S1,20,0,5,451,Snacks,19.0,174,1,Rainy,5,15.3,76,4.2,23.2,73.1,1,24.7
RB-ORD-102646,Rajdhani,NGP,S8,52,0,2,361,Snacks,13.6,390,1,Foggy,5,24.2,61,6.7,20.3,69.9,1,23.3
RB-ORD-102647,Vande Bharat,PRYJ,C2,12,1,5,415,Breakfast,19.3,399,5,Clear,3,22.8,26,9.8,29.1,22.7,1,30.3
RB-ORD-102648,Superfast,CNB,B2,39,1,4,476,Dinner,20.0,79,3,Rainy,5,24.5,72,2.3,22.3,79.2,1,24.8
RB-ORD-102649,Vande Bharat,MTJ,B4,59,1,6,496,Breakfast,23.0,194,4,Rainy,5,46.6,62,6.2,29.2,84.4,1,31.7
RB-ORD-102650,Vande Bharat,KOTA,S8,69,0,6,427,Dinner,24.5,309,3,Rainy,10,3.2,19,9.1,33.6,-1.4,0,27.2
RB-ORD-102651,Mail Express,ST,S4,12,0,6,277,Dinner,25.7,338,3,Clear,5,0,62,7.1,32.8,34.2,1,35.0
RB-ORD-102652,Shatabdi,ST,B1,40,1,5,739,Dinner,24.8,257,5,Rainy,10,6.2,15,8.9,33.7,-2.5,0,26.2
RB-ORD-102653,Shatabdi,DDU,E1,41,1,4,882,LateNight,20.6,142,2,Rainy,15,0,61,3.8,24.4,51.6,1,26.0
RB-ORD-102654,Rajdhani,BRC,C2,42,1,2,303,LateNight,15.5,242,1,Clear,5,41.3,18,4.2,19.7,44.6,1,21.7
RB-ORD-102655,Vande Bharat,DDU,C1,35,1,2,143,Breakfast,15.4,173,3,Clear,3,19.5,73,3.6,19.0,76.5,1,20.3
RB-ORD-102656,Rajdhani,PRYJ,B3,39,1,1,809,LateNight,12.5,322,4,Foggy,7,20.7,74,7.3,19.8,81.9,1,21.2
RB-ORD-102657,Rajdhani,AGC,H1,20,1,2,160,Dinner,19.1,316,4,Clear,7,22.1,78,7.2,26.3,80.8,1,28.2
RB-ORD-102658,Mail Express,MTJ,S1,47,0,2,881,Snacks,14.0,186,3,Clear,7,19.3,83,3.9,17.9,91.4,1,19.5
RB-ORD-102659,Mail Express,DDU,A1,16,1,3,396,Breakfast,17.3,125,3,Rainy,5,25.4,68,3.7,21.0,77.4,1,22.5
RB-ORD-102660,Mail Express,PRYJ,B5,72,1,4,868,Breakfast,21.4,212,3,Rainy,5,5.6,30,6.2,27.6,13.0,1,30.1
RB-ORD-102661,Shatabdi,ST,S4,49,0,5,316,Lunch,23.6,242,1,Rainy,7,6.9,77,5.8,29.4,61.5,1,31.5
RB-ORD-102662,Rajdhani,NGP,B4,44,1,5,415,Snacks,22.1,421,2,Rainy,7,9.4,15,11.2,33.3,-1.9,0,27.9
RB-ORD-102663,Mail Express,NGP,A1,31,1,4,167,Snacks,18.6,262,5,Rainy,10,30.6,79,9.0,27.6,92.0,1,29.1
RB-ORD-102664,Shatabdi,ST,A1,13,1,5,362,Snacks,21.3,245,3,Rainy,2,0,38,7.2,28.5,11.5,1,30.8
RB-ORD-102665,Rajdhani,BRC,B5,23,1,5,467,Breakfast,20.1,78,2,Clear,5,0,69,1.5,21.6,52.4,1,24.4
RB-ORD-102666,Rajdhani,ST,B5,45,1,3,890,LateNight,16.5,262,3,Foggy,2,3.9,51,5.5,22.0,34.9,1,23.4
RB-ORD-102667,Shatabdi,DDU,B4,3,1,5,553,Dinner,26.3,251,3,Rainy,5,0,54,7.4,33.7,25.3,1,35.7
RB-ORD-102668,Vande Bharat,DDU,B1,34,1,3,464,Snacks,18.6,158,1,Clear,10,0.7,38,2.7,21.3,27.4,1,23.5
RB-ORD-102669,Vande Bharat,BRC,C1,20,1,6,196,Breakfast,22.3,310,4,Foggy,3,0,30,7.1,29.4,3.6,1,30.8
RB-ORD-102670,Mail Express,ST,B1,58,1,6,631,LateNight,24.7,342,4,Foggy,3,0,88,7.8,32.5,58.5,1,35.3
RB-ORD-102671,Superfast,NGP,A2,66,1,6,639,Snacks,23.9,175,5,Clear,5,7.8,26,4.3,28.2,10.6,1,29.3
RB-ORD-102672,Vande Bharat,MTJ,B3,38,1,5,884,Breakfast,20.8,162,5,Clear,5,13.9,21,4.0,24.8,15.1,1,26.3
RB-ORD-102673,Superfast,DDU,S1,67,0,3,609,Lunch,21.9,151,3,Foggy,5,0,46,3.2,25.1,25.9,1,27.5
RB-ORD-102674,Rajdhani,BRC,E1,44,1,2,802,Snacks,14.5,69,1,Foggy,5,0,88,1.2,15.7,77.3,1,17.1
RB-ORD-102675,Vande Bharat,ST,B3,2,1,1,1054,LateNight,10.5,116,4,Clear,10,46.7,83,2.6,13.1,126.6,1,14.6
RB-ORD-102676,Shatabdi,BPL,C1,47,1,3,482,Breakfast,15.1,420,4,Rainy,3,3.0,84,13.4,28.5,61.5,1,31.2
RB-ORD-102677,Superfast,BRC,B5,21,1,4,930,Dinner,23.6,61,3,Clear,5,15.1,54,1.3,24.9,49.2,1,27.2
RB-ORD-102678,Rajdhani,BRC,B1,65,1,1,174,Lunch,16.3,163,3,Foggy,10,32.8,50,3.4,19.7,73.1,1,22.0
RB-ORD-102679,Superfast,CNB,E1,68,1,5,487,Dinner,23.1,286,4,Rainy,5,21.6,62,9.1,32.2,56.4,1,34.7
RB-ORD-102680,Rajdhani,ST,A1,30,1,4,299,Snacks,17.9,166,4,Rainy,7,25.3,64,5.3,23.2,73.1,1,24.6
RB-ORD-102681,Shatabdi,AGC,E1,40,1,5,686,LateNight,19.2,72,2,Clear,2,14.1,18,1.4,20.6,13.5,1,22.1
RB-ORD-102682,Rajdhani,BRC,C2,17,1,4,593,Dinner,24.8,128,3,Clear,10,0,65,2.7,27.5,47.5,1,29.8
RB-ORD-102683,Shatabdi,MTJ,S1,61,0,3,425,Breakfast,15.1,436,2,Clear,5,6.5,79,8.3,23.4,67.1,1,26.4
RB-ORD-102684,Superfast,CNB,C2,20,1,1,846,LateNight,15.1,302,5,Rainy,2,25.7,51,10.4,25.5,53.2,1,27.9
RB-ORD-102685,Rajdhani,AGC,A2,62,1,1,567,Breakfast,13.5,317,5,Foggy,10,42.0,82,7.8,21.3,112.7,1,23.5
RB-ORD-102686,Rajdhani,KOTA,A2,31,1,6,663,Lunch,25.7,390,3,Rainy,5,6.9,26,11.4,37.1,0.8,0,35.4
RB-ORD-102687,Superfast,AGC,E1,28,1,2,1033,Breakfast,13.2,200,2,Foggy,15,19.2,20,3.8,17.0,37.2,1,19.8
RB-ORD-102688,Mail Express,BPL,C1,20,1,4,180,Snacks,18.2,216,4,Foggy,15,51.9,44,4.9,23.1,87.8,1,25.9
RB-ORD-102689,Shatabdi,NGP,B5,62,1,3,702,Dinner,22.3,250,2,Rainy,3,14.5,46,6.7,29.0,34.5,1,31.7
RB-ORD-102690,Rajdhani,PRYJ,B2,45,1,5,483,LateNight,20.0,468,5,Foggy,3,13.8,35,11.5,31.5,20.3,1,33.6
RB-ORD-102691,Superfast,ST,S1,71,0,2,357,Lunch,17.0,144,2,Clear,7,35.7,27,2.7,19.7,50.0,1,21.3
RB-ORD-102692,Shatabdi,DDU,S8,37,0,3,580,Breakfast,16.6,397,1,Clear,3,23.4,75,6.8,23.4,78.0,1,24.5
RB-ORD-102693,Rajdhani,AGC,E1,21,1,3,601,Breakfast,16.0,174,4,Rainy,5,0,22,5.5,21.5,5.5,1,23.2
RB-ORD-102694,Shatabdi,BPL,S8,36,0,3,1004,Breakfast,14.6,268,3,Rainy,5,11.0,39,7.9,22.5,32.5,1,24.9
RB-ORD-102695,Shatabdi,PRYJ,H1,51,1,3,579,LateNight,19.5,460,3,Clear,7,28.0,87,9.6,29.1,92.9,1,30.8
RB-ORD-102696,Rajdhani,MTJ,B3,72,1,4,376,Lunch,20.1,118,4,Clear,5,20.0,70,2.7,22.8,72.2,1,25.5
RB-ORD-102697,Shatabdi,MTJ,E1,21,1,2,955,Lunch,17.4,472,3,Foggy,5,14.5,57,9.9,27.3,49.2,1,28.5
RB-ORD-102698,Shatabdi,CNB,E1,13,1,5,797,Breakfast,19.1,226,2,Rainy,5,19.8,16,6.0,25.1,15.7,1,27.1
RB-ORD-102699,Rajdhani,DDU,B5,21,1,1,919,Dinner,17.5,375,4,Foggy,10,4.0,28,8.5,26.0,16.0,1,28.2
RB-ORD-102700,Mail Express,NGP,A1,11,1,2,223,Breakfast,17.3,399,5,Foggy,15,0,17,9.8,27.1,4.9,0,24.5
RB-ORD-102701,Rajdhani,BPL,H1,34,1,6,718,Breakfast,23.6,405,5,Rainy,15,0,23,14.0,37.6,0.4,0,30.5
RB-ORD-102702,Superfast,NGP,H1,70,1,5,457,Breakfast,19.9,163,5,Foggy,10,19.3,85,4.0,23.9,90.4,1,26.9
RB-ORD-102703,Shatabdi,KOTA,S8,67,0,3,599,LateNight,19.2,418,1,Rainy,2,23.2,23,10.1,29.3,18.9,1,31.6
RB-ORD-102704,Rajdhani,NGP,S1,72,0,3,211,Breakfast,16.5,461,4,Foggy,3,0.1,25,10.5,27.0,1.1,0,26.6
RB-ORD-102705,Mail Express,MTJ,B4,35,1,5,176,LateNight,21.1,251,4,Rainy,3,0,47,8.0,29.1,20.9,1,31.4
RB-ORD-102706,Superfast,DDU,A1,38,1,1,263,Lunch,18.0,411,4,Clear,5,0,51,9.4,27.4,28.6,1,29.5
RB-ORD-102707,Mail Express,NGP,S4,45,0,4,217,Lunch,22.5,209,3,Foggy,7,20.5,74,4.4,26.9,74.6,1,28.0
RB-ORD-102708,Vande Bharat,KOTA,C1,35,1,6,1084,Breakfast,25.0,473,5,Clear,5,13.2,81,11.6,36.6,62.6,1,38.8
RB-ORD-102709,Vande Bharat,ST,B4,69,1,1,1043,Snacks,10.2,262,2,Foggy,15,17.5,65,5.0,15.2,82.3,1,17.7
RB-ORD-102710,Superfast,KOTA,S4,21,0,2,477,LateNight,14.6,146,1,Foggy,7,10.1,40,2.5,17.1,40.0,1,19.8
RB-ORD-102711,Mail Express,PRYJ,E1,47,1,2,305,Dinner,17.4,248,3,Clear,15,13.5,32,5.2,22.6,37.9,1,25.4
RB-ORD-102712,Rajdhani,BPL,S4,64,0,2,136,Lunch,17.8,190,3,Rainy,7,7.1,45,5.6,23.4,35.7,1,26.4
RB-ORD-102713,Rajdhani,PRYJ,C2,67,1,2,124,Dinner,17.6,86,3,Foggy,5,11.4,87,1.8,19.4,84.0,1,22.3
RB-ORD-102714,Superfast,MTJ,B3,39,1,2,576,LateNight,16.9,168,4,Clear,3,21.2,69,3.8,20.7,72.5,1,23.1
RB-ORD-102715,Mail Express,ST,B1,35,1,4,269,Breakfast,21.1,309,1,Clear,5,0,42,5.3,26.4,20.6,1,28.9
RB-ORD-102716,Superfast,MTJ,B1,9,1,3,803,Lunch,22.5,205,2,Foggy,5,1.1,37,3.9,26.4,16.7,1,27.6
RB-ORD-102717,Vande Bharat,DDU,S4,28,0,2,216,Breakfast,12.6,361,2,Clear,10,3.9,75,6.9,19.5,69.4,1,22.5
RB-ORD-102718,Shatabdi,CNB,B3,64,1,1,932,LateNight,13.7,323,1,Foggy,5,0.4,28,5.6,19.3,14.1,1,22.2
RB-ORD-102719,Rajdhani,AGC,C2,36,1,2,150,Dinner,19.8,229,3,Clear,5,17.2,84,4.8,24.6,81.6,1,26.3
RB-ORD-102720,Mail Express,KOTA,H1,46,1,6,1029,LateNight,23.0,343,1,Foggy,10,0,81,5.9,28.9,62.1,1,31.1
RB-ORD-102721,Superfast,CNB,S1,71,0,6,838,Snacks,22.1,464,5,Rainy,15,2.0,48,16.0,38.1,26.9,1,39.9
RB-ORD-102722,Shatabdi,KOTA,E1,43,1,1,430,Dinner,17.9,437,4,Rainy,15,9.0,26,13.9,31.8,18.2,1,33.4
RB-ORD-102723,Superfast,BPL,E1,70,1,5,1039,Snacks,20.3,73,1,Clear,10,22.8,70,1.3,21.6,81.2,1,22.7
RB-ORD-102724,Rajdhani,BRC,B3,35,1,6,990,Breakfast,24.7,87,4,Foggy,3,0,27,2.0,26.7,3.3,1,28.5
RB-ORD-102725,Rajdhani,ST,S4,52,0,5,784,Lunch,22.9,69,2,Rainy,5,1.8,26,1.8,24.7,8.1,1,25.8
RB-ORD-102726,Vande Bharat,BRC,C2,40,1,1,944,Breakfast,11.5,153,5,Foggy,5,22.0,50,3.8,15.3,61.7,1,17.0
RB-ORD-102727,Shatabdi,ST,S8,45,0,4,999,LateNight,18.8,123,4,Foggy,10,26.0,51,2.8,21.6,65.4,1,22.9
RB-ORD-102728,Shatabdi,MTJ,C2,18,1,4,811,Lunch,22.0,84,3,Clear,15,30.8,19,1.8,23.8,41.0,1,25.3
RB-ORD-102729,Vande Bharat,ST,B4,57,1,3,1073,Snacks,17.9,408,4,Foggy,7,34.6,75,9.3,27.2,89.4,1,28.6
RB-ORD-102730,Vande Bharat,BRC,B5,19,1,1,221,Snacks,14.1,178,4,Clear,15,23.2,86,4.1,18.2,106.0,1,20.5
RB-ORD-102731,Shatabdi,DDU,B3,2,1,4,178,Lunch,24.1,172,3,Foggy,5,6.8,87,3.6,27.7,71.1,1,29.0
RB-ORD-102732,Superfast,ST,A2,39,1,6,804,LateNight,22.8,287,1,Clear,5,31.4,31,4.9,27.7,39.7,1,29.5
RB-ORD-102733,Shatabdi,ST,C2,4,1,3,990,LateNight,17.8,462,3,Foggy,7,10.8,35,9.7,27.5,25.3,1,29.4
RB-ORD-102734,Superfast,NGP,B4,62,1,1,953,LateNight,13.9,82,4,Clear,3,26.1,32,1.9,15.8,45.3,1,17.2
RB-ORD-102735,Shatabdi,MTJ,A1,62,1,5,399,LateNight,20.9,276,4,Rainy,7,0,66,8.8,29.7,43.3,1,31.5
RB-ORD-102736,Superfast,CNB,S4,12,0,2,429,LateNight,16.2,461,3,Clear,10,16.6,89,9.6,25.8,89.8,1,28.6
RB-ORD-102737,Vande Bharat,KOTA,B5,19,1,2,233,Dinner,18.8,429,3,Foggy,5,15.0,60,9.0,27.8,52.2,1,30.2
RB-ORD-102738,Vande Bharat,BRC,B5,52,1,1,133,Breakfast,14.9,81,1,Rainy,5,21.2,55,2.0,16.9,64.3,1,18.6
RB-ORD-102739,Mail Express,BRC,C2,72,1,2,552,Snacks,15.7,334,2,Clear,5,0,66,6.4,22.1,48.9,1,24.1
RB-ORD-102740,Shatabdi,AGC,S4,59,0,5,889,Breakfast,24.0,170,3,Clear,7,4.2,73,3.6,27.6,56.6,1,28.8
RB-ORD-102741,Mail Express,ST,H1,46,1,1,1043,LateNight,15.0,117,2,Rainy,2,26.4,42,3.1,18.1,52.3,1,20.9
RB-ORD-102742,Shatabdi,ST,B3,39,1,2,865,Lunch,17.1,224,1,Foggy,2,11.9,86,3.9,21.0,78.9,1,23.9
RB-ORD-102743,Rajdhani,KOTA,C2,13,1,3,464,LateNight,15.0,415,4,Rainy,7,18.3,88,13.2,28.2,85.1,1,29.4
RB-ORD-102744,Superfast,BPL,A1,28,1,4,949,Breakfast,20.0,452,1,Clear,3,0,28,7.8,27.8,3.2,1,29.2
RB-ORD-102745,Mail Express,ST,S8,32,0,2,830,Snacks,17.3,416,5,Clear,5,25.4,65,10.2,27.5,67.9,1,28.7
RB-ORD-102746,Mail Express,KOTA,E1,10,1,6,548,Snacks,21.8,92,1,Clear,5,18.4,84,1.6,23.4,84.0,1,26.1
RB-ORD-102747,Shatabdi,NGP,S1,64,0,2,508,Breakfast,14.3,339,3,Clear,15,1.0,45,7.1,21.4,39.6,1,23.1
RB-ORD-102748,Vande Bharat,BPL,A1,51,1,4,349,Breakfast,17.4,471,1,Clear,3,13.5,34,8.1,25.5,25.0,1,28.4
RB-ORD-102749,Vande Bharat,CNB,B4,33,1,6,802,Dinner,25.2,415,4,Rainy,10,16.1,31,13.2,38.4,18.7,1,41.3
RB-ORD-102750,Rajdhani,BPL,B4,36,1,3,134,Dinner,19.7,117,2,Clear,3,4.3,52,2.2,21.9,37.4,1,22.9
RB-ORD-102751,Mail Express,CNB,S4,72,0,3,383,Dinner,20.0,324,1,Rainy,5,6.3,40,7.8,27.8,23.5,1,30.6
RB-ORD-102752,Vande Bharat,BPL,B4,28,1,6,370,Dinner,28.6,239,1,Foggy,5,14.9,23,4.1,32.7,10.2,1,34.7
RB-ORD-102753,Rajdhani,MTJ,S8,45,0,4,496,LateNight,19.3,345,4,Clear,7,10.0,56,7.9,27.2,45.8,1,28.4
RB-ORD-102754,Vande Bharat,BPL,C2,67,1,4,744,Breakfast,20.9,81,5,Rainy,2,41.4,76,2.8,23.7,95.7,1,24.8
RB-ORD-102755,Vande Bharat,DDU,B5,68,1,3,515,Lunch,22.2,447,5,Rainy,10,4.4,66,15.4,37.6,42.8,1,40.1
RB-ORD-102756,Vande Bharat,PRYJ,A2,32,1,2,677,LateNight,14.8,120,1,Rainy,7,14.9,54,2.9,17.7,58.2,1,19.1
RB-ORD-102757,Shatabdi,AGC,E1,46,1,5,964,Lunch,26.9,322,2,Foggy,5,9.7,87,6.1,33.0,68.7,1,35.8
RB-ORD-102758,Mail Express,PRYJ,B2,45,1,4,496,LateNight,17.1,344,4,Rainy,2,50.5,52,11.0,28.1,76.4,1,29.7
RB-ORD-102759,Superfast,MTJ,B1,50,1,3,675,Breakfast,15.4,361,2,Clear,5,0,58,6.9,22.3,40.7,1,23.8
RB-ORD-102760,Shatabdi,KOTA,B4,42,1,1,535,LateNight,14.0,186,5,Foggy,5,12.1,42,4.6,18.6,40.5,1,21.2
RB-ORD-102761,Mail Express,NGP,B1,51,1,6,268,Dinner,27.1,300,5,Clear,5,0,44,7.4,34.5,14.5,1,36.9
RB-ORD-102762,Superfast,CNB,A1,33,1,3,549,Breakfast,16.7,257,3,Clear,3,0,84,5.4,22.1,64.9,1,24.3
RB-ORD-102763,Superfast,DDU,E1,40,1,5,236,Lunch,24.6,126,4,Foggy,10,0,52,2.9,27.5,34.5,1,29.5
RB-ORD-102764,Mail Express,BPL,S4,11,0,6,244,LateNight,25.3,176,4,Foggy,5,47.5,29,4.0,29.3,52.2,1,30.9
RB-ORD-102765,Superfast,MTJ,B3,13,1,1,675,LateNight,11.5,459,1,Rainy,5,11.1,20,11.1,22.6,13.5,1,24.7
RB-ORD-102766,Vande Bharat,BRC,S8,49,0,1,603,Lunch,14.5,194,2,Rainy,5,3.1,81,5.2,19.7,69.4,1,22.6
RB-ORD-102767,Rajdhani,PRYJ,E1,4,1,3,489,Snacks,17.6,250,1,Foggy,3,44.3,37,4.3,21.9,62.4,1,23.2
RB-ORD-102768,Superfast,CNB,C2,40,1,4,1072,Snacks,18.5,317,2,Rainy,5,0,65,8.5,27.0,43.0,1,29.6
RB-ORD-102769,Superfast,ST,B5,59,1,1,846,Lunch,13.3,462,5,Clear,15,6.0,30,11.4,24.7,26.3,1,26.1
RB-ORD-102770,Vande Bharat,ST,B4,48,1,5,242,Lunch,22.4,466,4,Foggy,15,3.1,57,10.6,33.0,42.1,1,35.3
RB-ORD-102771,Shatabdi,BPL,B3,34,1,1,494,Snacks,13.2,464,5,Foggy,15,15.3,37,11.4,24.6,42.7,1,27.6
RB-ORD-102772,Mail Express,PRYJ,C2,67,1,3,914,Snacks,17.7,307,1,Clear,5,42.5,34,5.3,23.0,58.5,1,24.4
RB-ORD-102773,Mail Express,PRYJ,B5,46,1,5,948,Snacks,20.5,317,4,Rainy,5,14.7,32,10.1,30.6,21.1,1,33.5
RB-ORD-102774,Mail Express,BRC,B3,65,1,6,825,LateNight,22.4,247,2,Rainy,15,16.2,45,6.6,29.0,47.2,1,30.9
RB-ORD-102775,Superfast,AGC,B3,27,1,1,123,Breakfast,14.3,466,4,Rainy,3,28.5,60,14.9,29.2,62.3,1,30.6
RB-ORD-102776,Mail Express,BPL,S8,16,0,4,994,Dinner,23.3,385,4,Clear,3,8.5,59,8.8,32.1,38.4,1,33.6
RB-ORD-102777,Mail Express,NGP,B4,64,1,3,956,Dinner,22.4,324,4,Clear,5,16.2,17,7.4,29.8,8.4,1,32.1
RB-ORD-102778,Rajdhani,KOTA,A2,66,1,4,967,Breakfast,21.5,192,1,Foggy,15,29.5,57,3.3,24.8,76.7,1,26.5
RB-ORD-102779,Rajdhani,PRYJ,S8,71,0,4,459,LateNight,18.8,123,4,Rainy,5,0,38,3.9,22.7,20.3,1,24.0
RB-ORD-102780,Shatabdi,NGP,B1,2,1,2,1018,Snacks,16.7,467,5,Clear,2,10.9,62,11.5,28.2,46.7,1,29.5
RB-ORD-102781,Mail Express,MTJ,B1,31,1,3,210,Dinner,21.8,70,5,Clear,5,0,87,1.7,23.5,68.5,1,25.5
RB-ORD-102782,Superfast,CNB,S8,34,0,1,941,Dinner,16.6,177,3,Foggy,3,17.6,37,3.7,20.3,37.3,1,23.2
RB-ORD-102783,Rajdhani,BRC,A1,43,1,6,462,Lunch,27.6,154,1,Rainy,2,33.8,32,3.7,31.3,36.5,1,32.5
RB-ORD-102784,Mail Express,BRC,B2,30,1,1,1035,LateNight,11.2,98,4,Foggy,5,4.5,59,2.2,13.4,55.1,1,15.7
RB-ORD-102785,Shatabdi,BRC,A1,17,1,2,1026,Lunch,17.5,411,4,Rainy,7,23.2,22,13.1,30.6,21.6,1,33.2
RB-ORD-102786,Vande Bharat,MTJ,E1,50,1,4,947,Dinner,23.6,279,1,Clear,2,0,64,4.8,28.4,37.6,1,31.3
RB-ORD-102787,Rajdhani,NGP,B5,4,1,3,217,Breakfast,18.7,441,1,Foggy,5,0,37,7.6,26.3,15.7,1,28.6
RB-ORD-102788,Shatabdi,ST,H1,3,1,3,326,LateNight,15.7,292,2,Foggy,5,7.4,56,5.6,21.3,47.1,1,23.8
RB-ORD-102789,Shatabdi,NGP,B2,45,1,6,486,Lunch,24.6,342,1,Clear,5,50.1,25,5.9,30.5,49.6,1,31.8
RB-ORD-102790,Mail Express,DDU,B3,50,1,3,672,Lunch,18.8,164,5,Rainy,5,29.0,75,5.7,24.5,84.5,1,26.3
RB-ORD-102791,Mail Express,PRYJ,A1,53,1,1,853,Dinner,17.4,284,1,Foggy,5,12.7,56,4.9,22.3,51.4,1,25.2
RB-ORD-102792,Vande Bharat,BRC,S4,48,0,4,701,LateNight,17.3,383,2,Rainy,7,0,87,10.2,27.5,66.5,1,29.7
RB-ORD-102793,Shatabdi,CNB,E1,33,1,5,342,Breakfast,20.3,365,1,Rainy,5,0,57,8.8,29.1,32.9,1,31.6
RB-ORD-102794,Vande Bharat,AGC,B1,62,1,4,237,Snacks,21.4,76,2,Foggy,10,21.6,57,1.4,22.8,65.8,1,24.9
RB-ORD-102795,Rajdhani,BRC,B2,65,1,2,575,Dinner,19.9,424,5,Foggy,3,0,19,10.4,30.3,-8.3,0,20.5
RB-ORD-102796,Vande Bharat,MTJ,S1,8,0,1,233,Breakfast,12.7,389,3,Rainy,15,9.9,15,11.4,24.1,15.8,1,25.7
RB-ORD-102797,Shatabdi,CNB,A1,30,1,6,257,Snacks,24.7,348,3,Rainy,15,40.6,32,10.2,34.9,52.7,1,36.1
RB-ORD-102798,Rajdhani,ST,S4,35,0,3,863,Lunch,20.8,127,1,Rainy,7,30.0,82,3.1,23.9,95.1,1,25.7
RB-ORD-102799,Shatabdi,BRC,B5,56,1,2,816,Breakfast,15.0,301,4,Clear,2,34.5,83,6.9,21.9,97.6,1,23.5
RB-ORD-102800,Rajdhani,CNB,B4,59,1,4,289,Lunch,24.5,279,5,Clear,7,12.0,56,6.9,31.4,43.6,1,34.3
RB-ORD-102801,Vande Bharat,BRC,E1,36,1,5,357,Snacks,19.7,273,1,Rainy,3,8.2,20,6.6,26.3,4.9,1,28.5
RB-ORD-102802,Mail Express,ST,B4,58,1,4,582,Lunch,23.8,478,3,Clear,3,0,16,10.0,33.8,-14.8,0,17.5
RB-ORD-102803,Vande Bharat,MTJ,S8,41,0,5,344,Lunch,22.3,211,5,Rainy,7,6.3,29,7.3,29.6,12.7,1,31.1
RB-ORD-102804,Rajdhani,MTJ,B5,56,1,4,257,Lunch,22.5,101,1,Foggy,15,0,81,1.7,24.2,71.8,1,26.2
RB-ORD-102805,Mail Express,KOTA,B2,7,1,4,506,Breakfast,20.2,454,1,Rainy,7,0,55,11.0,31.2,30.8,1,32.7
RB-ORD-102806,Shatabdi,AGC,C1,57,1,4,536,LateNight,20.4,127,3,Foggy,10,6.4,76,2.7,23.1,69.3,1,25.9
RB-ORD-102807,Mail Express,NGP,A2,4,1,4,923,Breakfast,21.0,167,5,Clear,15,42.7,42,4.1,25.1,74.6,1,26.2
RB-ORD-102808,Superfast,BRC,B3,15,1,4,992,Dinner,22.4,453,2,Clear,10,2.6,64,8.6,31.0,45.6,1,33.0
RB-ORD-102809,Shatabdi,KOTA,S1,8,0,6,947,Snacks,22.7,61,4,Clear,10,0,84,1.4,24.1,69.9,1,27.1
RB-ORD-102810,Mail Express,DDU,A1,65,1,5,743,Lunch,25.4,476,2,Clear,3,36.5,24,9.1,34.5,29.0,1,35.9
RB-ORD-102811,Rajdhani,CNB,B5,17,1,1,609,LateNight,11.9,188,3,Rainy,5,33.4,53,5.5,17.4,74.0,1,19.9
RB-ORD-102812,Shatabdi,CNB,A2,22,1,3,145,Snacks,16.6,170,1,Foggy,5,6.2,27,2.9,19.5,18.7,1,21.3
RB-ORD-102813,Superfast,CNB,E1,13,1,4,176,Breakfast,21.7,285,3,Clear,5,9.0,43,6.0,27.7,29.3,1,30.3
RB-ORD-102814,Rajdhani,KOTA,C1,6,1,4,942,Dinner,19.9,334,3,Clear,7,13.2,79,7.0,26.9,72.3,1,28.7
RB-ORD-102815,Rajdhani,KOTA,C1,72,1,6,715,Breakfast,21.3,474,2,Foggy,15,0,21,9.0,30.3,5.7,0,28.5
RB-ORD-102816,Rajdhani,MTJ,A1,31,1,1,893,LateNight,10.9,254,5,Foggy,15,11.9,74,6.3,17.2,83.7,1,19.0
RB-ORD-102817,Superfast,MTJ,B4,36,1,5,442,LateNight,19.2,330,3,Foggy,10,25.5,22,6.9,26.1,31.4,1,28.7
RB-ORD-102818,Shatabdi,CNB,S4,9,0,6,418,Dinner,28.7,463,5,Rainy,3,20.5,70,16.0,44.7,48.8,1,46.0
RB-ORD-102819,Rajdhani,KOTA,H1,9,1,6,737,Snacks,23.6,400,5,Clear,10,0,26,9.8,33.4,2.6,0,31.0
RB-ORD-102820,Vande Bharat,MTJ,B3,4,1,1,910,Dinner,15.5,186,2,Rainy,7,14.3,48,5.0,20.5,48.8,1,21.8
RB-ORD-102821,Shatabdi,PRYJ,B2,53,1,2,379,LateNight,17.2,183,4,Clear,5,20.5,17,4.2,21.4,21.1,1,24.2
RB-ORD-102822,Shatabdi,NGP,S4,15,0,6,461,Lunch,25.9,463,1,Foggy,5,0,15,8.0,33.9,-13.9,0,17.5
RB-ORD-102823,Superfast,NGP,B3,37,1,1,407,Dinner,18.0,419,1,Rainy,3,14.6,18,10.1,28.1,7.5,1,30.2
RB-ORD-102824,Mail Express,BRC,C2,49,1,1,661,LateNight,13.7,280,3,Clear,5,7.9,88,5.9,19.6,81.3,1,21.0
RB-ORD-102825,Superfast,NGP,C2,15,1,3,485,Breakfast,16.4,89,2,Foggy,3,30.5,85,1.7,18.1,100.4,1,20.7
RB-ORD-102826,Shatabdi,AGC,A2,10,1,2,467,Breakfast,16.8,329,5,Rainy,5,21.0,64,11.3,28.1,61.9,1,30.5
RB-ORD-102827,Vande Bharat,CNB,B2,42,1,6,283,Breakfast,23.5,68,1,Clear,3,15.1,45,1.2,24.7,38.4,1,27.1
RB-ORD-102828,Rajdhani,AGC,S8,21,0,5,723,Dinner,23.1,440,4,Foggy,7,0,74,10.0,33.1,47.9,1,34.8
RB-ORD-102829,Shatabdi,BRC,B1,71,1,5,997,Snacks,20.7,199,1,Rainy,5,0,19,4.8,25.5,-1.5,0,21.5
RB-ORD-102830,Superfast,CNB,S4,39,0,6,201,Lunch,26.8,190,3,Clear,2,18.3,90,4.0,30.8,79.5,1,32.5
RB-ORD-102831,Vande Bharat,BPL,A1,38,1,5,843,Snacks,19.4,106,2,Clear,5,0,80,2.0,21.4,63.6,1,23.9
RB-ORD-102832,Vande Bharat,KOTA,A1,41,1,5,912,Dinner,25.7,394,2,Clear,5,42.4,42,7.5,33.2,56.2,1,34.2
RB-ORD-102833,Superfast,BRC,C2,30,1,1,199,Breakfast,15.1,275,4,Foggy,5,19.8,78,6.3,21.4,81.4,1,23.8
RB-ORD-102834,Mail Express,ST,S1,24,0,6,1094,Breakfast,24.9,137,1,Clear,7,21.4,37,2.4,27.3,38.1,1,29.9
RB-ORD-102835,Rajdhani,BRC,S1,4,0,5,682,Lunch,26.4,165,1,Foggy,2,0,79,2.8,29.2,51.8,1,31.4
RB-ORD-102836,Rajdhani,AGC,S1,11,0,6,780,LateNight,22.0,448,5,Foggy,10,14.6,17,11.0,33.0,8.6,1,34.3
RB-ORD-102837,Mail Express,NGP,S8,65,0,6,241,LateNight,26.2,473,5,Clear,5,16.5,45,11.6,37.8,28.7,1,39.6
RB-ORD-102838,Mail Express,AGC,A1,65,1,6,694,Breakfast,24.5,479,5,Rainy,15,27.1,77,16.5,41.0,78.1,1,42.9
RB-ORD-102839,Rajdhani,MTJ,A2,72,1,4,702,Breakfast,21.4,395,3,Clear,5,0,51,8.3,29.7,26.3,1,32.6
RB-ORD-102840,Mail Express,NGP,B5,66,1,3,148,LateNight,19.0,355,1,Clear,15,19.0,18,6.1,25.1,26.9,1,27.7
RB-ORD-102841,Shatabdi,CNB,B3,20,1,6,389,LateNight,24.1,457,2,Foggy,2,6.4,26,8.7,32.8,1.6,0,33.4
RB-ORD-102842,Vande Bharat,DDU,C2,14,1,3,1037,LateNight,16.5,406,5,Rainy,7,28.9,80,14.0,30.5,85.4,1,32.9
RB-ORD-102843,Rajdhani,CNB,B1,32,1,3,671,Snacks,18.7,156,2,Rainy,5,13.0,56,4.2,22.9,51.1,1,25.7
RB-ORD-102844,Vande Bharat,AGC,B5,45,1,6,575,Breakfast,25.8,243,5,Foggy,3,31.8,24,6.0,31.8,27.0,1,33.6
RB-ORD-102845,Rajdhani,CNB,B5,55,1,4,502,LateNight,20.8,424,3,Foggy,5,37.8,89,8.9,29.7,102.1,1,31.6
RB-ORD-102846,Rajdhani,MTJ,B1,50,1,1,218,Snacks,13.5,387,3,Clear,5,22.0,36,8.1,21.6,41.4,1,24.4
RB-ORD-102847,Mail Express,NGP,B1,49,1,3,653,Snacks,18.6,245,1,Rainy,5,30.3,37,5.9,24.5,47.8,1,26.7
RB-ORD-102848,Shatabdi,CNB,B4,56,1,1,941,Snacks,13.5,425,4,Foggy,5,0,83,9.7,23.2,64.8,1,25.6
RB-ORD-102849,Rajdhani,PRYJ,B2,64,1,3,450,Dinner,19.8,169,4,Foggy,7,0,71,3.8,23.6,54.4,1,25.8
RB-ORD-102850,Rajdhani,ST,S1,61,0,2,783,Breakfast,17.2,418,1,Clear,10,37.5,60,7.2,24.4,83.1,1,26.3
RB-ORD-102851,Shatabdi,NGP,H1,33,1,2,319,Snacks,12.5,415,2,Clear,15,5.0,21,7.9,20.4,20.6,1,21.8
RB-ORD-102852,Shatabdi,AGC,C1,12,1,4,862,Lunch,22.9,276,2,Foggy,15,26.8,51,5.3,28.2,64.6,1,29.4
RB-ORD-102853,Mail Express,BPL,B4,33,1,1,901,Lunch,17.4,137,4,Rainy,3,33.4,21,4.4,21.8,35.6,1,23.2
RB-ORD-102854,Vande Bharat,AGC,B2,6,1,4,839,LateNight,19.2,412,5,Foggy,7,32.7,75,10.1,29.3,85.4,1,30.9
RB-ORD-102855,Vande Bharat,ST,A1,38,1,2,138,Breakfast,13.2,176,3,Clear,10,19.8,65,3.7,16.9,77.9,1,18.0
RB-ORD-102856,Mail Express,PRYJ,B2,37,1,5,568,Dinner,24.7,98,5,Foggy,5,4.1,28,2.4,27.1,10.0,1,29.5
RB-ORD-102857,Vande Bharat,MTJ,B2,46,1,6,1025,Breakfast,23.9,451,2,Clear,3,10.6,90,8.6,32.5,71.1,1,34.4
RB-ORD-102858,Vande Bharat,CNB,B4,34,1,4,358,Snacks,20.8,472,5,Rainy,3,22.9,83,16.3,37.1,71.8,1,38.9
RB-ORD-102859,Mail Express,AGC,A1,36,1,4,356,Dinner,24.7,288,2,Rainy,7,38.1,73,7.7,32.4,85.7,1,34.3
RB-ORD-102860,Superfast,DDU,B4,16,1,6,786,LateNight,21.6,186,2,Foggy,2,33.9,71,3.5,25.1,81.8,1,26.9
RB-ORD-102861,Mail Express,BRC,S8,19,0,6,230,Snacks,24.1,362,4,Rainy,5,21.4,35,11.5,35.6,25.8,1,37.5
RB-ORD-102862,Rajdhani,CNB,S8,14,0,3,972,Snacks,15.7,198,2,Foggy,10,0,25,3.8,19.5,15.5,1,20.8
RB-ORD-102863,Shatabdi,DDU,C2,5,1,4,368,Lunch,21.1,316,3,Foggy,15,5.0,72,6.6,27.7,64.3,1,28.8
RB-ORD-102864,Rajdhani,CNB,B3,9,1,1,1093,LateNight,13.7,325,3,Foggy,15,26.8,90,6.8,20.5,111.3,1,22.4
RB-ORD-102865,Rajdhani,BRC,S8,52,0,6,547,Dinner,27.9,312,5,Foggy,15,18.7,88,7.7,35.6,86.1,1,37.9
RB-ORD-102866,Vande Bharat,NGP,S8,5,0,6,992,Dinner,26.6,408,5,Foggy,2,34.8,87,10.0,36.6,87.2,1,39.5
RB-ORD-102867,Vande Bharat,ST,H1,66,1,2,1089,Lunch,17.4,126,3,Foggy,3,35.6,16,2.6,20.0,34.6,1,21.0
RB-ORD-102868,Vande Bharat,BRC,S4,43,0,6,273,Dinner,25.6,189,3,Rainy,10,31.0,76,5.5,31.1,85.9,1,32.9
RB-ORD-102869,Vande Bharat,KOTA,B3,43,1,1,494,Snacks,14.3,207,5,Foggy,10,9.0,74,5.1,19.4,73.6,1,22.1
RB-ORD-102870,Rajdhani,BPL,S4,43,0,3,610,Snacks,15.2,351,2,Clear,2,0,18,6.7,21.9,-1.9,0,19.0
RB-ORD-102871,Vande Bharat,MTJ,E1,13,1,3,1005,Lunch,17.9,122,2,Foggy,5,0.2,39,2.3,20.2,24.0,1,23.0
RB-ORD-102872,Superfast,KOTA,S8,35,0,5,280,LateNight,22.9,466,5,Foggy,5,0,19,11.5,34.4,-10.4,0,21.5
RB-ORD-102873,Superfast,BPL,H1,29,1,5,823,Snacks,23.7,66,4,Clear,15,16.7,55,1.5,25.2,61.5,1,26.5
RB-ORD-102874,Shatabdi,DDU,S8,70,0,6,1073,Breakfast,22.1,154,2,Rainy,10,4.7,15,4.1,26.2,3.5,0,24.7
RB-ORD-102875,Rajdhani,AGC,B3,11,1,2,920,Lunch,18.5,269,3,Rainy,2,0.2,22,7.9,26.4,-2.2,0,23.2
RB-ORD-102876,Vande Bharat,DDU,E1,30,1,5,1097,Snacks,21.2,360,2,Rainy,7,22.0,20,9.6,30.8,18.2,1,32.2
RB-ORD-102877,Rajdhani,ST,C1,68,1,2,793,Lunch,17.3,111,1,Rainy,5,15.7,90,2.7,20.0,90.7,1,22.0
RB-ORD-102878,Shatabdi,MTJ,B1,36,1,1,712,Lunch,17.2,255,3,Rainy,5,15.5,15,7.5,24.7,10.8,1,27.7
RB-ORD-102879,Shatabdi,BRC,B2,66,1,2,306,Lunch,19.1,355,3,Rainy,3,0,43,10.4,29.5,16.5,1,30.6
RB-ORD-102880,Rajdhani,KOTA,B4,23,1,2,1019,Lunch,18.2,386,2,Foggy,3,0,42,7.4,25.6,19.4,1,28.5
RB-ORD-102881,Mail Express,BPL,E1,65,1,1,409,Lunch,16.8,460,5,Rainy,5,21.5,55,15.9,32.7,48.8,1,33.9
RB-ORD-102882,Rajdhani,ST,C1,11,1,5,962,LateNight,23.8,60,3,Rainy,5,14.2,33,1.8,25.6,26.6,1,27.8
RB-ORD-102883,Mail Express,CNB,S8,23,0,6,673,Breakfast,24.3,215,1,Rainy,5,27.3,56,5.2,29.5,58.8,1,31.7
RB-ORD-102884,Mail Express,MTJ,S4,69,0,1,617,Dinner,16.2,395,1,Clear,2,0,28,6.8,23.0,7.0,1,24.2
RB-ORD-102885,Shatabdi,AGC,C1,15,1,4,827,Dinner,24.5,214,5,Clear,3,43.6,52,5.3,29.8,68.8,1,31.8
RB-ORD-102886,Rajdhani,NGP,B5,45,1,4,1095,Lunch,22.9,156,2,Foggy,2,38.0,18,3.0,25.9,32.1,1,28.3
RB-ORD-102887,Vande Bharat,NGP,C2,48,1,2,783,LateNight,15.9,86,3,Clear,15,0,31,1.8,17.7,28.3,1,19.5
RB-ORD-102888,Superfast,MTJ,S4,13,0,4,575,Breakfast,20.8,421,1,Clear,15,30.3,54,7.3,28.1,71.2,1,29.3
RB-ORD-102889,Rajdhani,BPL,S4,58,0,2,448,Lunch,19.4,294,2,Clear,5,15.3,54,5.6,25.0,49.3,1,26.0
RB-ORD-102890,Mail Express,NGP,E1,71,1,5,603,LateNight,19.9,91,2,Rainy,3,0,88,2.4,22.3,68.7,1,24.9
RB-ORD-102891,Vande Bharat,PRYJ,C1,45,1,3,166,Snacks,16.6,326,3,Clear,5,12.0,66,6.8,23.4,59.6,1,25.0
RB-ORD-102892,Rajdhani,BRC,A1,56,1,6,788,Lunch,25.5,118,5,Clear,7,0,84,2.9,28.4,62.6,1,30.9
RB-ORD-102893,Superfast,ST,B5,43,1,6,886,LateNight,23.6,78,3,Foggy,5,0,71,1.6,25.2,50.8,1,27.5
RB-ORD-102894,Superfast,CNB,S4,60,0,6,218,Dinner,26.2,322,1,Clear,3,7.5,36,5.5,31.7,14.8,1,33.3
RB-ORD-102895,Vande Bharat,AGC,B5,46,1,2,316,LateNight,15.4,318,5,Rainy,5,4.5,17,11.0,26.4,0.1,0,24.0
RB-ORD-102896,Vande Bharat,BRC,B1,23,1,1,635,Snacks,13.4,264,3,Foggy,5,5.7,20,5.5,18.9,11.8,1,20.6
RB-ORD-102897,Mail Express,ST,B4,34,1,3,173,Snacks,16.4,358,4,Foggy,7,0,70,8.2,24.6,52.4,1,27.1
RB-ORD-102898,Vande Bharat,DDU,C2,45,1,1,377,Snacks,13.9,466,2,Foggy,5,31.5,87,8.9,22.8,100.7,1,25.3
RB-ORD-102899,Rajdhani,DDU,A1,36,1,3,494,Snacks,18.8,472,4,Foggy,3,12.3,38,10.7,29.5,23.8,1,32.3
RB-ORD-102900,Mail Express,CNB,S4,38,0,3,1051,Lunch,20.7,353,3,Clear,5,0,33,7.4,28.1,9.9,1,30.4
RB-ORD-102901,Superfast,CNB,B3,57,1,5,965,Dinner,23.6,391,3,Foggy,5,26.9,15,8.2,31.8,15.1,1,32.8
RB-ORD-102902,Shatabdi,MTJ,S1,49,0,6,411,Breakfast,24.0,146,5,Rainy,5,0,84,5.0,29.0,60.0,1,31.3
RB-ORD-102903,Rajdhani,ST,C1,44,1,6,976,LateNight,25.7,362,3,Clear,7,16.7,28,7.6,33.3,18.4,1,35.1
RB-ORD-102904,Vande Bharat,BRC,B2,56,1,4,498,Snacks,21.1,60,1,Rainy,5,19.8,69,1.4,22.5,71.3,1,25.4
RB-ORD-102905,Shatabdi,AGC,B4,41,1,5,993,Breakfast,22.3,382,3,Clear,7,13.3,65,8.0,30.3,55.0,1,33.0
RB-ORD-102906,Shatabdi,NGP,S4,37,0,1,390,Dinner,14.9,134,5,Foggy,15,9.4,41,3.3,18.2,47.2,1,19.6
RB-ORD-102907,Mail Express,NGP,C2,20,1,3,892,Dinner,21.7,276,3,Rainy,5,6.9,27,8.1,29.8,9.1,1,31.6
RB-ORD-102908,Superfast,BPL,H1,52,1,3,133,Dinner,19.4,320,4,Clear,5,4.3,64,7.3,26.7,46.6,1,27.9
RB-ORD-102909,Rajdhani,BRC,B1,55,1,5,963,Dinner,23.4,359,4,Rainy,10,0,43,11.4,34.8,18.2,1,37.7
RB-ORD-102910,Vande Bharat,CNB,B5,26,1,4,735,Lunch,21.5,155,5,Foggy,7,0,25,3.8,25.3,6.7,1,26.7
RB-ORD-102911,Superfast,DDU,C2,37,1,4,578,Snacks,20.5,88,1,Clear,15,14.3,42,1.5,22.0,49.3,1,23.1
RB-ORD-102912,Superfast,PRYJ,A2,62,1,4,911,Breakfast,20.5,231,1,Rainy,5,25.4,51,5.6,26.1,55.3,1,27.5
RB-ORD-102913,Mail Express,BRC,A2,47,1,3,745,LateNight,16.5,343,4,Foggy,2,39.0,65,7.8,24.3,81.7,1,26.1
RB-ORD-102914,Mail Express,BPL,E1,58,1,4,433,Dinner,24.2,163,2,Clear,5,34.0,63,3.1,27.3,74.7,1,30.1
RB-ORD-102915,Vande Bharat,PRYJ,C2,56,1,4,302,Lunch,21.7,232,4,Rainy,3,22.9,33,7.4,29.1,29.8,1,30.9
RB-ORD-102916,Vande Bharat,DDU,B1,49,1,6,914,Breakfast,24.6,447,2,Rainy,5,18.7,78,11.9,36.5,65.2,1,39.4
RB-ORD-102917,Vande Bharat,NGP,A1,58,1,4,196,Snacks,21.7,300,1,Rainy,10,0,67,7.2,28.9,48.1,1,30.7
RB-ORD-102918,Rajdhani,KOTA,B3,51,1,1,1089,Lunch,16.7,477,3,Clear,5,37.9,89,10.0,26.7,105.2,1,29.2
RB-ORD-102919,Vande Bharat,CNB,C1,34,1,5,209,Dinner,22.5,469,5,Rainy,5,9.7,83,16.2,38.7,59.0,1,41.0
RB-ORD-102920,Rajdhani,DDU,S4,44,0,6,609,LateNight,23.8,449,1,Clear,5,0.8,41,7.7,31.5,15.3,1,33.5
RB-ORD-102921,Rajdhani,AGC,S8,31,0,6,238,Snacks,22.4,402,1,Rainy,10,23.8,76,9.7,32.1,77.7,1,34.2
RB-ORD-102922,Shatabdi,BRC,S4,69,0,2,676,Dinner,17.4,153,3,Clear,10,12.7,87,3.2,20.6,89.1,1,23.6
RB-ORD-102923,Mail Express,DDU,A1,54,1,6,705,Breakfast,25.8,285,3,Clear,2,34.4,39,6.0,31.8,43.6,1,33.9
RB-ORD-102924,Vande Bharat,PRYJ,C1,4,1,3,176,Snacks,15.0,267,1,Rainy,3,13.9,64,6.4,21.4,59.5,1,22.8
RB-ORD-102925,Rajdhani,NGP,B4,42,1,3,658,Snacks,18.8,66,3,Clear,10,0,26,1.4,20.2,15.8,1,22.8
RB-ORD-102926,Rajdhani,PRYJ,S1,1,0,3,985,Dinner,20.2,189,1,Rainy,15,0,61,4.6,24.8,51.2,1,26.1
RB-ORD-102927,Mail Express,AGC,S1,59,0,1,966,Lunch,16.5,447,3,Foggy,5,0.2,73,9.4,25.9,52.3,1,28.3
RB-ORD-102928,Shatabdi,PRYJ,C1,3,1,3,1000,Dinner,20.6,367,3,Clear,2,6.6,30,7.7,28.3,10.3,1,29.6
RB-ORD-102929,Rajdhani,CNB,C1,46,1,6,575,LateNight,22.3,169,1,Clear,5,10.1,62,2.9,25.2,51.9,1,26.9
RB-ORD-102930,Vande Bharat,PRYJ,B2,53,1,2,970,Dinner,19.8,295,2,Foggy,10,0,44,5.6,25.4,28.6,1,26.8
RB-ORD-102931,Vande Bharat,PRYJ,E1,46,1,4,684,Lunch,24.3,466,1,Rainy,7,40.2,72,11.2,35.5,83.7,1,37.2
RB-ORD-102932,Rajdhani,AGC,B5,27,1,1,989,Dinner,16.8,267,2,Clear,5,19.2,40,5.1,21.9,42.3,1,23.1
RB-ORD-102933,Vande Bharat,CNB,E1,25,1,2,498,Dinner,17.0,125,1,Clear,5,24.2,17,2.2,19.2,27.0,1,20.6
RB-ORD-102934,Mail Express,NGP,B1,49,1,5,311,LateNight,22.9,399,5,Foggy,15,1.8,32,9.8,32.7,16.1,1,34.6
RB-ORD-102935,Vande Bharat,CNB,A1,52,1,3,937,Snacks,18.1,304,1,Clear,3,0,21,5.2,23.3,0.7,0,22.5
RB-ORD-102936,Mail Express,NGP,B1,71,1,5,566,Dinner,25.2,225,5,Rainy,5,16.8,44,7.8,33.0,32.8,1,35.5
RB-ORD-102937,Shatabdi,BPL,S8,64,0,1,536,Breakfast,13.6,101,1,Rainy,10,12.1,41,2.4,16.0,47.1,1,18.5
RB-ORD-102938,Rajdhani,AGC,S8,21,0,2,191,Lunch,19.9,314,2,Clear,2,15.5,44,6.0,25.9,35.6,1,27.8
RB-ORD-102939,Shatabdi,MTJ,B4,6,1,5,208,Dinner,25.7,125,1,Foggy,2,5.3,40,2.2,27.9,19.4,1,29.7
RB-ORD-102940,Mail Express,DDU,A1,68,1,6,129,Snacks,22.9,111,1,Clear,5,22.2,85,1.9,24.8,87.4,1,27.1
RB-ORD-102941,Mail Express,PRYJ,C1,29,1,5,283,Breakfast,20.7,291,2,Clear,5,0,46,5.6,26.3,24.7,1,27.7
RB-ORD-102942,Shatabdi,NGP,A2,62,1,4,1074,Dinner,20.1,73,4,Foggy,5,0,41,1.7,21.8,24.2,1,23.2
RB-ORD-102943,Rajdhani,AGC,S1,58,0,4,417,Dinner,22.4,145,3,Rainy,5,10.3,79,4.2,26.6,67.7,1,28.9
RB-ORD-102944,Rajdhani,CNB,B5,44,1,3,379,Lunch,20.8,336,4,Foggy,5,9.2,62,7.7,28.5,47.7,1,30.8
RB-ORD-102945,Vande Bharat,BRC,B1,35,1,2,997,LateNight,16.4,392,3,Clear,7,4.2,51,8.2,24.6,37.6,1,27.1
RB-ORD-102946,Mail Express,PRYJ,B4,1,1,1,653,Dinner,15.0,425,2,Clear,2,0,74,8.1,23.1,52.9,1,26.1
RB-ORD-102947,Vande Bharat,DDU,S1,47,0,4,582,Dinner,22.4,368,4,Clear,2,14.1,47,8.4,30.8,32.3,1,33.3
RB-ORD-102948,Shatabdi,CNB,C1,68,1,6,718,Snacks,25.1,323,1,Foggy,5,16.7,42,5.6,30.7,33.0,1,33.5
RB-ORD-102949,Shatabdi,AGC,A2,30,1,3,574,Breakfast,18.7,287,5,Foggy,10,0,78,7.1,25.8,62.2,1,26.9
RB-ORD-102950,Shatabdi,CNB,A1,17,1,5,295,Snacks,21.9,206,5,Foggy,5,11.8,48,5.1,27.0,37.8,1,28.0
RB-ORD-102951,Superfast,CNB,A1,23,1,1,786,LateNight,12.8,306,4,Foggy,5,12.8,27,7.0,19.8,25.0,1,22.3
RB-ORD-102952,Superfast,DDU,C1,33,1,4,187,LateNight,18.4,315,1,Rainy,3,6.9,64,7.6,26.0,47.9,1,27.5
RB-ORD-102953,Superfast,PRYJ,S8,58,0,3,1083,Breakfast,16.7,151,3,Clear,7,0,66,3.2,19.9,53.1,1,21.7
RB-ORD-102954,Rajdhani,KOTA,C2,44,1,6,819,Dinner,28.4,231,4,Foggy,10,31.6,58,5.3,33.7,65.9,1,35.8
RB-ORD-102955,Superfast,NGP,H1,28,1,4,978,Breakfast,17.6,224,5,Clear,5,32.7,27,5.5,23.1,41.6,1,25.0
RB-ORD-102956,Shatabdi,CNB,H1,65,1,3,1040,Snacks,18.0,93,5,Foggy,3,29.4,84,2.3,20.3,96.1,1,22.5
RB-ORD-102957,Mail Express,AGC,C1,21,1,4,879,Dinner,20.3,251,5,Clear,2,19.8,80,6.2,26.5,75.3,1,28.3
RB-ORD-102958,Vande Bharat,AGC,B4,66,1,1,403,Dinner,17.8,462,2,Foggy,5,22.0,34,8.8,26.6,34.4,1,27.9
RB-ORD-102959,Vande Bharat,MTJ,A1,70,1,6,850,Breakfast,24.9,441,4,Clear,10,2.0,32,10.0,34.9,9.1,1,37.8
RB-ORD-102960,Mail Express,BPL,B2,16,1,3,805,Dinner,19.5,119,3,Rainy,15,26.9,30,3.5,23.0,48.9,1,25.2
RB-ORD-102961,Vande Bharat,PRYJ,B1,52,1,2,786,Dinner,15.7,144,5,Foggy,10,36.9,29,3.5,19.2,56.7,1,20.7
RB-ORD-102962,Shatabdi,CNB,B1,17,1,4,776,Breakfast,20.1,435,5,Foggy,5,28.5,57,10.7,30.8,59.7,1,33.3
RB-ORD-102963,Superfast,CNB,S8,28,0,3,781,Snacks,16.1,449,3,Clear,7,3.3,85,9.4,25.5,69.8,1,27.8
RB-ORD-102964,Mail Express,KOTA,S1,64,0,4,1068,Dinner,22.1,176,5,Foggy,7,45.8,70,4.3,26.4,96.4,1,28.2
RB-ORD-102965,Mail Express,PRYJ,B2,40,1,3,780,Lunch,22.6,162,2,Foggy,5,33.1,54,3.1,25.7,66.4,1,27.7
RB-ORD-102966,Vande Bharat,KOTA,A2,39,1,1,652,Breakfast,11.6,352,1,Foggy,5,0,54,6.1,17.7,41.3,1,20.2
RB-ORD-102967,Vande Bharat,ST,S1,38,0,2,935,Dinner,15.9,303,5,Clear,7,46.6,89,7.5,23.4,119.2,1,25.3
RB-ORD-102968,Shatabdi,CNB,C1,68,1,2,697,Dinner,19.3,220,2,Clear,5,40.3,16,4.2,23.5,37.8,1,25.8
RB-ORD-102969,Mail Express,MTJ,B1,5,1,1,708,Breakfast,11.0,93,2,Rainy,5,0,51,2.5,13.5,42.5,1,16.2
RB-ORD-102970,Shatabdi,NGP,B3,33,1,3,344,Dinner,21.2,79,4,Rainy,5,25.4,34,2.5,23.7,40.7,1,25.5
RB-ORD-102971,Shatabdi,CNB,A1,54,1,6,1072,Dinner,24.4,86,5,Rainy,2,6.7,39,3.0,27.4,20.3,1,30.2
RB-ORD-102972,Shatabdi,BPL,H1,46,1,2,1050,LateNight,16.3,291,5,Foggy,5,14.1,58,7.2,23.5,53.6,1,25.0
RB-ORD-102973,Vande Bharat,MTJ,B2,14,1,4,782,Breakfast,20.4,301,5,Foggy,7,0,66,7.4,27.8,45.2,1,29.0
RB-ORD-102974,Mail Express,MTJ,C2,43,1,5,899,Breakfast,22.2,279,2,Rainy,3,0,82,7.5,29.7,55.3,1,31.2
RB-ORD-102975,Vande Bharat,MTJ,S1,35,0,1,635,Dinner,18.1,150,1,Clear,7,43.3,76,2.6,20.7,105.6,1,21.7
RB-ORD-102976,Rajdhani,ST,B5,63,1,6,923,Breakfast,23.4,228,4,Foggy,5,28.9,20,5.2,28.6,25.3,1,30.6
RB-ORD-102977,Mail Express,ST,C2,8,1,2,1042,Dinner,19.6,361,1,Clear,10,25.7,23,6.2,25.8,32.9,1,26.9
RB-ORD-102978,Superfast,CNB,B3,28,1,4,935,LateNight,17.5,181,1,Clear,15,5.2,69,3.1,20.6,68.6,1,23.0
RB-ORD-102979,Shatabdi,MTJ,B1,12,1,2,523,Breakfast,17.3,379,2,Foggy,7,35.0,67,7.2,24.5,84.5,1,26.3
RB-ORD-102980,Mail Express,KOTA,B4,50,1,2,173,Breakfast,16.7,188,5,Clear,5,0,33,4.6,21.3,16.7,1,23.9
RB-ORD-102981,Superfast,AGC,B1,19,1,6,726,LateNight,22.2,361,4,Rainy,5,29.6,79,11.5,33.7,79.9,1,36.1
RB-ORD-102982,Mail Express,BPL,B4,47,1,5,190,Lunch,22.9,279,2,Foggy,7,26.5,79,5.3,28.2,84.3,1,30.2
RB-ORD-102983,Shatabdi,MTJ,S1,67,0,6,662,Lunch,24.8,170,2,Rainy,7,0,30,4.5,29.3,7.7,1,31.4
RB-ORD-102984,Superfast,KOTA,B4,17,1,5,651,Lunch,25.5,294,3,Foggy,5,0,38,6.2,31.7,11.3,1,33.3
RB-ORD-102985,Vande Bharat,PRYJ,H1,7,1,3,1064,Snacks,16.1,225,3,Rainy,5,16.7,18,6.6,22.7,17.0,1,24.1
RB-ORD-102986,Shatabdi,BRC,B4,54,1,5,161,Dinner,24.9,120,3,Clear,5,0,53,2.5,27.4,30.6,1,29.7
RB-ORD-102987,Rajdhani,MTJ,E1,13,1,4,957,LateNight,20.2,65,1,Rainy,10,12.2,78,1.6,21.8,78.4,1,23.4
RB-ORD-102988,Shatabdi,CNB,A1,64,1,5,408,Lunch,24.3,292,2,Rainy,7,0,44,7.8,32.1,18.9,1,33.4
RB-ORD-102989,Superfast,DDU,E1,45,1,2,581,Lunch,20.2,143,2,Rainy,5,0,50,3.8,24.0,31.0,1,25.8
RB-ORD-102990,Mail Express,BPL,B2,38,1,6,1028,Lunch,24.5,109,2,Rainy,5,3.4,20,2.9,27.4,1.0,0,25.9
RB-ORD-102991,Mail Express,BPL,B4,40,1,6,1077,Breakfast,22.4,461,5,Clear,15,0,17,11.3,33.7,-1.7,0,24.5
RB-ORD-102992,Superfast,CNB,B1,10,1,2,1002,Dinner,18.2,126,4,Rainy,10,10.8,78,4.0,22.2,76.6,1,24.9
RB-ORD-102993,Superfast,NGP,S4,17,0,3,527,Breakfast,15.2,71,3,Clear,7,0,88,1.5,16.7,78.3,1,19.0
RB-ORD-102994,Superfast,DDU,B5,4,1,3,158,Snacks,16.0,66,4,Clear,7,0,89,1.5,17.5,78.5,1,20.0
RB-ORD-102995,Vande Bharat,BPL,A2,21,1,4,130,Dinner,22.8,308,1,Clear,2,64.2,61,5.3,28.1,99.1,1,31.0
RB-ORD-102996,Mail Express,BPL,B4,57,1,2,689,Breakfast,12.4,374,5,Rainy,15,25.3,48,12.9,25.3,63.0,1,27.3
RB-ORD-102997,Superfast,DDU,H1,47,1,6,337,Breakfast,25.9,442,1,Foggy,3,10.8,61,7.6,33.5,41.3,1,35.3
RB-ORD-102998,Vande Bharat,AGC,C1,68,1,2,652,LateNight,17.2,80,5,Clear,10,0,74,2.0,19.2,64.8,1,21.1
RB-ORD-102999,Rajdhani,PRYJ,S1,54,0,5,923,Lunch,25.4,337,5,Foggy,15,3.9,60,8.3,33.7,45.2,1,35.6
RB-ORD-103000,Vande Bharat,AGC,B1,57,1,3,830,Snacks,16.5,343,3,Rainy,10,12.5,27,10.0,26.5,23.0,1,27.7
RB-ORD-103001,Vande Bharat,ST,B1,27,1,2,288,Breakfast,14.5,148,5,Rainy,5,20.2,66,5.1,19.6,71.6,1,22.5
RB-ORD-103002,Vande Bharat,NGP,C2,11,1,5,762,Snacks,19.9,317,2,Foggy,3,28.9,18,6.0,25.9,24.0,1,28.1
RB-ORD-103003,Vande Bharat,PRYJ,S8,1,0,2,566,Snacks,12.9,142,2,Foggy,5,18.7,86,2.7,15.6,94.1,1,18.1
RB-ORD-103004,Shatabdi,PRYJ,B2,57,1,4,298,LateNight,19.1,160,4,Foggy,5,14.4,59,3.6,22.7,55.7,1,24.2
RB-ORD-103005,Superfast,PRYJ,B2,17,1,2,137,Snacks,12.6,95,1,Foggy,5,17.4,34,1.6,14.2,42.2,1,16.3
RB-ORD-103006,Rajdhani,KOTA,B4,3,1,4,337,LateNight,19.9,145,1,Foggy,2,3.8,24,2.5,22.4,7.4,1,23.7
RB-ORD-103007,Vande Bharat,NGP,A1,17,1,1,181,Breakfast,10.4,238,1,Clear,15,0,49,4.1,14.5,49.5,1,15.6
RB-ORD-103008,Mail Express,BRC,B2,60,1,1,449,LateNight,10.6,415,1,Clear,7,46.1,30,7.2,17.8,65.3,1,20.5
RB-ORD-103009,Shatabdi,ST,S8,39,0,1,289,Lunch,14.0,317,4,Foggy,7,16.7,22,7.2,21.2,24.5,1,23.8
RB-ORD-103010,Shatabdi,ST,S1,24,0,4,598,Breakfast,19.2,345,1,Clear,2,4.5,90,5.9,25.1,71.4,1,27.0
RB-ORD-103011,Mail Express,BRC,B5,31,1,4,1053,Breakfast,17.4,255,5,Foggy,3,10.6,19,6.3,23.7,8.9,1,25.7
RB-ORD-103012,Rajdhani,MTJ,A1,53,1,1,163,LateNight,12.9,182,3,Rainy,5,20.6,52,5.3,18.2,59.4,1,21.1
RB-ORD-103013,Rajdhani,KOTA,H1,43,1,2,547,Lunch,18.8,434,3,Rainy,15,0,22,12.7,31.5,5.5,0,29.5
RB-ORD-103014,Rajdhani,DDU,E1,9,1,4,683,Lunch,24.4,253,3,Rainy,10,36.3,39,7.4,31.8,53.5,1,34.5
RB-ORD-103015,Shatabdi,PRYJ,A1,65,1,5,194,Breakfast,23.9,286,4,Foggy,7,4.8,59,6.5,30.4,40.4,1,32.1
RB-ORD-103016,Superfast,NGP,B3,60,1,1,179,Dinner,14.1,449,1,Clear,2,14.3,51,7.7,21.8,45.5,1,23.3
RB-ORD-103017,Superfast,AGC,C1,45,1,2,695,Dinner,20.2,334,1,Foggy,5,35.0,79,5.8,26.0,93.0,1,27.0
RB-ORD-103018,Superfast,PRYJ,A2,15,1,4,739,Breakfast,18.1,298,3,Clear,7,22.1,46,6.2,24.3,50.8,1,25.9
RB-ORD-103019,Superfast,CNB,S1,13,0,3,426,Snacks,16.6,149,4,Clear,5,0,50,3.4,20.0,35.0,1,22.5
RB-ORD-103020,Mail Express,BPL,B2,67,1,1,851,Lunch,14.6,418,5,Foggy,5,25.0,39,10.3,24.9,44.1,1,27.2
RB-ORD-103021,Rajdhani,BPL,A1,24,1,5,878,LateNight,19.4,249,5,Clear,15,0,74,6.1,25.5,63.5,1,27.7
RB-ORD-103022,Superfast,BRC,C2,51,1,1,179,Breakfast,11.4,461,4,Clear,3,16.9,29,10.5,21.9,27.0,1,23.9
RB-ORD-103023,Rajdhani,PRYJ,H1,60,1,6,845,LateNight,21.5,458,4,Foggy,5,15.8,88,10.4,31.9,76.9,1,34.8
RB-ORD-103024,Vande Bharat,BPL,S1,39,0,1,955,Breakfast,14.9,384,3,Foggy,2,7.0,68,8.0,22.9,54.1,1,24.0
RB-ORD-103025,Shatabdi,NGP,C1,50,1,6,524,Breakfast,25.2,153,3,Rainy,2,7.9,68,4.5,29.7,48.2,1,32.2
RB-ORD-103026,Vande Bharat,PRYJ,S1,59,0,2,591,LateNight,15.7,194,1,Rainy,2,11.6,71,4.7,20.4,64.2,1,22.6
RB-ORD-103027,Vande Bharat,CNB,E1,16,1,4,815,Breakfast,20.0,449,2,Rainy,15,19.7,32,12.0,32.0,34.7,1,33.1
RB-ORD-103028,Rajdhani,BPL,B4,25,1,1,238,LateNight,14.4,329,4,Clear,7,31.7,30,7.5,21.9,46.8,1,23.5
RB-ORD-103029,Rajdhani,CNB,S1,48,0,6,915,Snacks,26.1,446,3,Clear,5,39.2,41,9.3,35.4,49.8,1,37.8
RB-ORD-103030,Superfast,BRC,E1,45,1,4,486,Breakfast,18.4,437,1,Clear,15,27.5,27,7.5,25.9,43.6,1,26.9
RB-ORD-103031,Shatabdi,PRYJ,S1,29,0,5,272,Dinner,25.6,463,1,Foggy,5,16.1,22,8.0,33.6,9.5,1,36.4
RB-ORD-103032,Vande Bharat,NGP,E1,23,1,1,615,Dinner,15.0,475,4,Foggy,15,14.3,88,10.8,25.8,91.5,1,27.4
RB-ORD-103033,Superfast,BRC,C1,65,1,4,1026,LateNight,21.0,298,2,Rainy,5,16.2,62,8.0,29.0,54.2,1,30.8
RB-ORD-103034,Mail Express,MTJ,C2,34,1,5,833,Lunch,25.2,115,1,Foggy,5,12.4,30,2.0,27.2,20.2,1,28.2
RB-ORD-103035,Mail Express,BRC,C2,64,1,5,322,Breakfast,22.0,160,4,Clear,7,34.6,73,3.6,25.6,89.0,1,27.5
RB-ORD-103036,Rajdhani,MTJ,A2,47,1,5,639,Breakfast,23.2,71,4,Foggy,5,22.8,74,1.6,24.8,77.0,1,25.9
RB-ORD-103037,Superfast,BRC,B3,46,1,3,825,Breakfast,15.2,403,4,Rainy,7,10.8,84,12.8,28.0,73.8,1,30.9
RB-ORD-103038,Vande Bharat,NGP,B5,8,1,5,1099,Lunch,23.0,91,2,Rainy,5,23.8,54,2.4,25.4,57.4,1,28.2
RB-ORD-103039,Mail Express,BPL,C1,41,1,5,728,Breakfast,21.2,432,2,Clear,15,24.1,72,8.2,29.4,81.7,1,31.0
RB-ORD-103040,Mail Express,ST,E1,25,1,6,639,Breakfast,22.2,91,1,Foggy,10,21.8,81,1.6,23.8,89.0,1,25.7
RB-ORD-103041,Vande Bharat,PRYJ,C1,51,1,3,1029,Snacks,16.6,364,5,Clear,15,19.6,15,9.0,25.6,24.0,1,27.0
RB-ORD-103042,Mail Express,MTJ,S8,18,0,2,388,LateNight,17.2,459,2,Rainy,10,17.9,26,12.3,29.5,24.4,1,31.1
RB-ORD-103043,Mail Express,MTJ,H1,49,1,1,218,Lunch,15.0,100,1,Clear,2,20.5,83,1.7,16.7,88.8,1,19.5
RB-ORD-103044,Superfast,BRC,S1,18,0,4,463,Lunch,23.3,266,5,Clear,15,7.5,29,6.5,29.8,21.7,1,31.3
RB-ORD-103045,Superfast,NGP,A1,54,1,3,674,Snacks,17.5,390,1,Clear,5,0,38,6.7,24.2,18.8,1,25.6
RB-ORD-103046,Superfast,CNB,S4,58,0,2,554,Snacks,17.3,141,1,Rainy,10,0,78,3.4,20.7,67.3,1,23.1
RB-ORD-103047,Shatabdi,DDU,S1,58,0,4,775,Snacks,20.5,402,2,Clear,7,0,60,7.7,28.2,38.8,1,29.4
RB-ORD-103048,Vande Bharat,BRC,C1,11,1,2,716,Dinner,19.8,84,2,Foggy,5,17.8,90,1.6,21.4,91.4,1,24.0
RB-ORD-103049,Mail Express,KOTA,S4,58,0,4,617,Lunch,24.4,99,2,Clear,2,14.8,78,1.9,26.3,68.5,1,29.2
RB-ORD-103050,Rajdhani,AGC,B4,53,1,4,651,LateNight,19.3,165,4,Rainy,5,5.0,33,5.3,24.6,18.4,1,26.6
RB-ORD-103051,Shatabdi,CNB,H1,25,1,2,1100,Snacks,14.1,247,3,Rainy,15,34.3,29,7.2,21.3,57.0,1,23.4
RB-ORD-103052,Superfast,PRYJ,B5,61,1,2,587,Dinner,20.0,149,5,Clear,5,4.9,23,3.7,23.7,9.2,1,24.9
RB-ORD-103053,Superfast,BRC,H1,12,1,4,719,LateNight,17.7,253,2,Rainy,5,29.2,54,6.8,24.5,63.7,1,27.4
RB-ORD-103054,Vande Bharat,CNB,H1,6,1,1,437,Lunch,17.9,430,3,Foggy,7,51.9,56,9.0,26.9,88.0,1,29.9
RB-ORD-103055,Superfast,BRC,B3,7,1,1,571,Lunch,17.2,152,3,Clear,10,17.2,86,3.2,20.4,92.8,1,21.7
RB-ORD-103056,Mail Express,DDU,H1,57,1,4,830,Dinner,24.5,350,5,Rainy,5,13.4,31,12.1,36.6,12.8,1,38.7
RB-ORD-103057,Mail Express,BRC,S1,62,0,6,468,LateNight,21.8,449,3,Foggy,2,0,61,9.4,31.2,31.8,1,33.2
RB-ORD-103058,Shatabdi,NGP,E1,38,1,6,1056,Breakfast,24.8,265,4,Clear,2,11.8,44,6.0,30.8,27.0,1,31.9
RB-ORD-103059,Rajdhani,NGP,B2,55,1,5,339,LateNight,22.5,185,4,Rainy,15,7.6,45,5.9,28.4,39.2,1,31.1
RB-ORD-103060,Superfast,KOTA,B2,72,1,3,157,LateNight,14.9,187,3,Clear,5,11.7,65,3.9,18.8,62.9,1,19.9
RB-ORD-103061,Shatabdi,NGP,B5,65,1,3,749,Breakfast,14.9,64,1,Clear,15,44.9,59,1.1,16.0,102.9,1,17.9
RB-ORD-103062,Shatabdi,ST,B5,31,1,3,580,LateNight,15.4,301,4,Clear,5,6.6,26,6.9,22.3,15.3,1,23.3
RB-ORD-103063,Shatabdi,AGC,B4,67,1,4,731,Lunch,20.6,183,5,Foggy,5,16.5,90,4.5,25.1,86.4,1,27.4
RB-ORD-103064,Rajdhani,PRYJ,H1,36,1,6,934,Breakfast,22.3,133,4,Clear,15,20.1,47,3.0,25.3,56.8,1,26.6
RB-ORD-103065,Shatabdi,AGC,B3,29,1,6,618,Dinner,27.2,200,2,Clear,5,0,55,3.8,31.0,29.0,1,32.6
RB-ORD-103066,Superfast,KOTA,E1,18,1,2,1044,Dinner,17.9,186,2,Rainy,15,44.7,34,5.0,22.9,70.8,1,24.3
RB-ORD-103067,Vande Bharat,KOTA,S8,49,0,1,911,Lunch,13.7,393,3,Clear,5,3.2,34,8.2,21.9,20.3,1,24.0
RB-ORD-103068,Shatabdi,CNB,S8,10,0,4,344,Breakfast,20.6,427,5,Foggy,3,0,80,10.5,31.1,51.9,1,33.5
RB-ORD-103069,Vande Bharat,CNB,C1,19,1,3,232,Lunch,19.5,130,5,Foggy,10,0,43,3.2,22.7,30.3,1,25.1
RB-ORD-103070,Vande Bharat,KOTA,B1,29,1,5,621,Snacks,23.1,370,2,Foggy,2,31.2,18,7.1,30.2,21.0,1,32.4
RB-ORD-103071,Superfast,MTJ,H1,69,1,3,970,Breakfast,16.2,199,3,Rainy,7,8.4,58,5.8,22.0,51.4,1,23.3
RB-ORD-103072,Mail Express,MTJ,B4,63,1,2,558,LateNight,13.4,470,3,Clear,5,41.1,44,9.8,23.2,66.9,1,25.3
RB-ORD-103073,Vande Bharat,MTJ,S8,46,0,3,826,Dinner,22.4,160,1,Foggy,5,4.3,78,2.8,25.2,62.1,1,26.4
RB-ORD-103074,Superfast,BPL,B4,15,1,2,1000,Dinner,18.9,375,4,Rainy,7,10.0,63,12.0,30.9,49.1,1,32.8
RB-ORD-103075,Shatabdi,MTJ,B1,46,1,4,229,Dinner,20.9,175,2,Clear,7,4.6,26,3.3,24.2,13.4,1,25.9
RB-ORD-103076,Vande Bharat,BPL,A1,3,1,1,330,Snacks,14.0,88,2,Foggy,5,1.5,29,1.7,15.7,19.8,1,18.2
RB-ORD-103077,Rajdhani,BRC,B4,57,1,2,961,Lunch,17.7,479,5,Clear,5,60.2,31,11.8,29.5,66.7,1,32.5
RB-ORD-103078,Vande Bharat,NGP,C2,6,1,4,671,Dinner,21.0,444,4,Foggy,10,21.9,68,10.1,31.1,68.8,1,32.1
RB-ORD-103079,Mail Express,NGP,C2,37,1,5,672,Dinner,22.5,146,5,Clear,15,34.1,55,3.6,26.1,78.0,1,28.2
RB-ORD-103080,Shatabdi,DDU,C2,11,1,1,138,Lunch,16.4,329,2,Foggy,5,5.4,89,6.3,22.7,76.7,1,24.3
RB-ORD-103081,Mail Express,AGC,B3,57,1,3,314,Lunch,18.6,411,2,Foggy,10,29.2,52,7.8,26.4,64.8,1,27.5
RB-ORD-103082,Rajdhani,AGC,C1,2,1,4,976,Snacks,18.0,413,4,Clear,5,0,36,9.4,27.4,13.6,1,30.2
RB-ORD-103083,Mail Express,BRC,E1,13,1,6,691,Dinner,29.2,257,3,Rainy,5,28.3,29,7.5,36.7,25.6,1,39.4
RB-ORD-103084,Shatabdi,NGP,C2,43,1,5,1015,Lunch,26.6,364,4,Clear,10,10.0,62,8.3,34.9,47.1,1,37.0
RB-ORD-103085,Superfast,DDU,B1,7,1,5,135,Breakfast,19.2,66,5,Rainy,15,15.3,15,2.3,21.5,23.8,1,23.5
RB-ORD-103086,Mail Express,CNB,E1,25,1,5,202,Lunch,23.2,70,3,Foggy,5,22.1,73,1.5,24.7,75.4,1,26.1
RB-ORD-103087,Mail Express,PRYJ,S8,29,0,1,900,Lunch,14.0,479,2,Foggy,2,32.6,54,9.1,23.1,65.5,1,24.6
RB-ORD-103088,Superfast,BRC,A2,5,1,1,141,LateNight,13.3,165,5,Rainy,5,0,86,5.7,19.0,72.0,1,20.3
RB-ORD-103089,Vande Bharat,BRC,B1,13,1,3,895,Breakfast,18.6,214,5,Clear,10,26.5,21,5.3,23.9,33.6,1,25.9
RB-ORD-103090,Rajdhani,CNB,S8,20,0,6,154,LateNight,25.4,278,2,Rainy,15,0,66,7.4,32.8,48.2,1,34.0
RB-ORD-103091,Rajdhani,ST,S4,40,0,3,325,Breakfast,16.2,473,2,Foggy,5,20.3,32,9.0,25.2,32.1,1,26.5
RB-ORD-103092,Rajdhani,CNB,E1,62,1,6,302,Snacks,25.3,160,2,Clear,15,21.4,63,3.1,28.4,71.0,1,31.0
RB-ORD-103093,Superfast,BPL,B1,35,1,3,957,Snacks,18.6,400,3,Foggy,5,0,25,8.4,27.0,3.0,1,27.5
RB-ORD-103094,Vande Bharat,NGP,B1,10,1,4,203,Dinner,20.9,75,4,Foggy,15,13.1,64,1.7,22.6,69.5,1,24.0
RB-ORD-103095,Vande Bharat,KOTA,E1,41,1,4,501,LateNight,20.9,112,2,Rainy,5,14.3,66,3.0,23.9,61.4,1,26.5
RB-ORD-103096,Mail Express,PRYJ,S1,14,0,1,267,LateNight,12.8,148,2,Rainy,15,20.8,86,4.0,16.8,105.0,1,19.7
RB-ORD-103097,Vande Bharat,BPL,S1,55,0,2,339,Snacks,13.1,273,3,Clear,5,29.7,44,5.7,18.8,59.9,1,20.0
RB-ORD-103098,Rajdhani,CNB,S8,36,0,2,316,Breakfast,16.3,446,4,Rainy,10,0,64,14.2,30.5,43.5,1,32.4
RB-ORD-103099,Rajdhani,NGP,B2,20,1,3,247,Dinner,19.2,375,5,Rainy,5,14.0,53,12.9,32.1,39.9,1,34.8
RB-ORD-103100,Mail Express,AGC,C1,4,1,2,841,Breakfast,14.3,324,1,Rainy,10,15.8,48,7.8,22.1,51.7,1,24.6
RB-ORD-103101,Vande Bharat,NGP,S8,72,0,4,418,LateNight,20.1,425,4,Rainy,3,0,28,13.5,33.6,-2.6,0,29.5
RB-ORD-103102,Shatabdi,MTJ,C2,49,1,6,684,Snacks,23.3,461,4,Foggy,15,24.5,63,10.5,33.8,68.7,1,35.9
RB-ORD-103103,Superfast,BPL,S4,6,0,2,683,Lunch,16.8,426,5,Rainy,15,0,53,14.7,31.5,36.5,1,32.9
RB-ORD-103104,Shatabdi,BPL,H1,49,1,2,421,Snacks,12.6,158,4,Rainy,5,38.1,20,5.0,17.6,45.5,1,19.9
RB-ORD-103105,Mail Express,AGC,A1,21,1,6,878,LateNight,25.6,83,3,Clear,5,21.7,77,1.7,27.3,76.4,1,29.1
RB-ORD-103106,Shatabdi,AGC,A1,21,1,1,791,Dinner,17.2,303,2,Foggy,2,22.2,58,5.8,23.0,59.2,1,24.8
RB-ORD-103107,Superfast,MTJ,S4,71,0,2,1028,Breakfast,13.4,464,4,Clear,5,17.0,21,10.6,24.0,19.0,1,25.9
RB-ORD-103108,Rajdhani,ST,S8,12,0,2,1053,Breakfast,13.6,338,3,Rainy,5,25.3,38,9.9,23.5,44.8,1,24.6
RB-ORD-103109,Mail Express,DDU,A1,48,1,3,130,Dinner,18.6,365,5,Clear,15,6.6,30,9.0,27.6,24.0,1,29.3
RB-ORD-103110,Shatabdi,PRYJ,B1,56,1,4,580,Dinner,23.0,467,1,Rainy,10,10.0,32,11.3,34.3,17.7,1,36.6
RB-ORD-103111,Superfast,BPL,B2,52,1,3,207,Lunch,20.0,199,2,Rainy,7,41.6,47,5.3,25.3,70.3,1,27.9
RB-ORD-103112,Rajdhani,CNB,B2,47,1,2,361,LateNight,14.9,90,1,Rainy,15,0,82,2.2,17.1,79.9,1,18.1
RB-ORD-103113,Mail Express,BPL,B5,45,1,1,536,LateNight,12.8,395,1,Clear,7,0,75,6.8,19.6,62.4,1,21.0
RB-ORD-103114,Shatabdi,CNB,S8,25,0,6,339,Dinner,24.2,312,4,Clear,10,27.9,34,7.1,31.3,40.6,1,32.4
RB-ORD-103115,Rajdhani,MTJ,B1,58,1,2,601,Lunch,19.6,389,4,Rainy,10,19.6,83,12.4,32.0,80.6,1,33.9
RB-ORD-103116,Superfast,DDU,B1,35,1,4,779,Dinner,21.5,448,2,Clear,2,14.1,58,8.5,30.0,44.1,1,32.5
RB-ORD-103117,Mail Express,DDU,B5,25,1,3,394,LateNight,15.5,346,4,Foggy,3,33.4,64,7.9,23.4,77.0,1,25.6
RB-ORD-103118,Mail Express,KOTA,A2,23,1,2,1087,Snacks,16.8,458,1,Rainy,7,24.8,72,11.0,27.8,76.0,1,30.0
RB-ORD-103119,Shatabdi,BPL,S8,6,0,5,768,LateNight,20.3,358,1,Clear,10,30.4,64,6.2,26.5,77.9,1,28.9
RB-ORD-103120,Superfast,BRC,A2,28,1,1,371,Lunch,14.7,466,2,Clear,10,14.9,40,8.9,23.6,41.3,1,25.7
RB-ORD-103121,Shatabdi,AGC,B4,23,1,6,897,Dinner,24.7,214,5,Rainy,5,24.4,49,7.4,32.1,46.3,1,35.0
RB-ORD-103122,Superfast,BRC,C2,43,1,2,770,LateNight,17.3,373,1,Rainy,3,0,56,9.0,26.3,32.7,1,28.0
RB-ORD-103123,Superfast,CNB,S8,3,0,6,618,LateNight,26.1,74,4,Rainy,3,0,71,2.4,28.5,45.5,1,29.5
RB-ORD-103124,Mail Express,BRC,B3,45,1,4,996,Breakfast,20.3,331,2,Rainy,2,0,34,8.8,29.1,6.9,1,32.0
RB-ORD-103125,Shatabdi,PRYJ,S4,57,0,1,439,Dinner,14.8,460,1,Clear,10,1.5,77,7.9,22.7,65.8,1,25.3
RB-ORD-103126,Rajdhani,KOTA,E1,15,1,6,702,Dinner,25.7,390,4,Foggy,15,26.6,68,8.9,34.6,75.0,1,35.6
RB-ORD-103127,Shatabdi,PRYJ,A2,4,1,1,533,Snacks,11.9,357,3,Rainy,3,5.1,33,10.5,22.4,18.7,1,23.5
RB-ORD-103128,Shatabdi,BRC,A2,18,1,5,862,Breakfast,22.9,477,3,Clear,10,29.2,28,10.0,32.9,34.3,1,34.3
RB-ORD-103129,Vande Bharat,PRYJ,S8,38,0,4,413,Dinner,21.9,330,1,Foggy,15,6.9,81,5.7,27.6,75.3,1,29.8
RB-ORD-103130,Mail Express,ST,S8,36,0,3,871,Dinner,22.4,479,1,Clear,7,19.6,85,8.3,30.7,80.9,1,33.2
RB-ORD-103131,Vande Bharat,MTJ,E1,18,1,5,215,Dinner,22.9,80,3,Clear,5,18.8,30,1.7,24.6,29.2,1,26.6
RB-ORD-103132,Mail Express,CNB,B2,26,1,4,768,Lunch,23.7,412,3,Rainy,5,17.3,26,12.1,35.8,12.5,1,38.0
RB-ORD-103133,Superfast,ST,H1,66,1,1,856,LateNight,11.4,235,2,Clear,7,30.7,31,4.5,15.9,52.8,1,17.2
RB-ORD-103134,Mail Express,AGC,B2,9,1,3,1077,Lunch,19.4,219,4,Clear,3,27.1,25,5.0,24.4,30.7,1,27.0
RB-ORD-103135,Mail Express,MTJ,S8,2,0,3,1012,LateNight,15.5,253,1,Foggy,5,19.1,25,4.4,19.9,29.2,1,21.5
RB-ORD-103136,Vande Bharat,DDU,A1,40,1,2,895,Lunch,19.6,99,2,Foggy,5,0,59,1.9,21.5,42.5,1,24.2
RB-ORD-103137,Mail Express,AGC,S1,59,0,6,654,LateNight,25.7,194,5,Rainy,5,27.0,24,6.7,32.4,23.6,1,34.3
RB-ORD-103138,Shatabdi,KOTA,H1,28,1,1,1018,Breakfast,14.4,111,5,Foggy,5,12.3,21,2.7,17.1,21.2,1,19.2
RB-ORD-103139,Superfast,ST,C2,54,1,6,975,LateNight,22.6,100,1,Foggy,5,12.0,33,1.7,24.3,25.7,1,26.1
RB-ORD-103140,Mail Express,ST,B2,54,1,5,934,Breakfast,23.6,113,5,Rainy,5,1.8,36,3.9,27.5,15.3,1,29.4
RB-ORD-103141,Shatabdi,ST,H1,63,1,2,195,LateNight,15.6,399,3,Foggy,2,0,70,8.3,23.9,48.1,1,25.8
RB-ORD-103142,Shatabdi,AGC,B5,3,1,1,937,Lunch,15.3,292,2,Rainy,15,30.7,25,7.8,23.1,47.6,1,25.7
RB-ORD-103143,Superfast,BPL,B4,43,1,3,1018,Lunch,19.6,324,1,Foggy,3,17.8,69,5.6,25.2,64.6,1,28.0
RB-ORD-103144,Vande Bharat,BRC,S1,48,0,5,304,LateNight,23.4,406,3,Clear,2,15.9,18,8.5,31.9,4.0,1,34.1
RB-ORD-103145,Vande Bharat,DDU,B5,53,1,5,759,Dinner,22.6,250,4,Rainy,3,25.6,67,8.0,30.6,65.0,1,31.7
RB-ORD-103146,Rajdhani,BRC,E1,3,1,5,280,Breakfast,21.8,417,4,Rainy,5,0,71,13.3,35.1,40.9,1,36.9
RB-ORD-103147,Shatabdi,MTJ,B2,44,1,3,614,Lunch,20.3,475,3,Foggy,2,9.5,39,9.9,30.2,20.3,1,31.3
RB-ORD-103148,Superfast,MTJ,S8,30,0,6,608,Lunch,28.4,468,1,Rainy,5,38.1,59,11.3,39.7,62.4,1,41.5
RB-ORD-103149,Vande Bharat,BPL,S4,29,0,1,280,Breakfast,13.2,369,1,Foggy,7,9.1,24,6.4,19.6,20.5,1,20.9
RB-ORD-103150,Mail Express,PRYJ,B3,35,1,5,1068,Dinner,22.5,157,3,Clear,5,7.3,25,3.3,25.8,11.5,1,28.6
RB-ORD-103151,Rajdhani,MTJ,H1,11,1,1,1035,LateNight,11.9,404,5,Clear,5,24.7,22,9.9,21.8,29.9,1,23.3
RB-ORD-103152,Superfast,DDU,A1,49,1,2,654,Snacks,16.0,260,5,Rainy,5,6.7,56,9.0,25.0,42.7,1,27.9
RB-ORD-103153,Mail Express,NGP,A2,23,1,2,1032,Breakfast,16.3,409,3,Clear,5,13.3,71,8.6,24.9,64.4,1,26.9
RB-ORD-103154,Rajdhani,PRYJ,B2,43,1,1,831,LateNight,12.7,336,2,Foggy,2,23.8,73,6.4,19.1,79.7,1,20.5
RB-ORD-103155,Superfast,PRYJ,B3,53,1,1,417,Snacks,14.7,94,1,Rainy,5,31.1,60,2.3,17.0,79.1,1,19.8
RB-ORD-103156,Vande Bharat,NGP,E1,55,1,5,743,Dinner,23.6,96,3,Rainy,5,7.4,75,2.8,26.4,61.0,1,28.4
RB-ORD-103157,Rajdhani,KOTA,A1,45,1,2,754,Breakfast,14.9,188,3,Foggy,10,19.2,59,3.9,18.8,69.4,1,20.7
RB-ORD-103158,Rajdhani,BRC,S8,43,0,5,782,Dinner,26.1,287,2,Rainy,5,35.6,88,7.7,33.8,94.8,1,35.5
RB-ORD-103159,Shatabdi,KOTA,E1,68,1,2,979,Lunch,19.1,429,1,Rainy,2,30.6,32,10.3,29.4,35.2,1,30.7
RB-ORD-103160,Mail Express,CNB,B4,57,1,1,884,Snacks,10.9,403,2,Clear,3,57.5,21,7.7,18.6,62.9,1,20.7
RB-ORD-103161,Rajdhani,CNB,S8,17,0,6,826,LateNight,25.3,432,3,Clear,2,9.0,87,9.0,34.3,63.7,1,36.5
RB-ORD-103162,Rajdhani,DDU,B3,66,1,2,263,Snacks,13.0,362,4,Foggy,7,20.7,27,8.2,21.2,33.5,1,24.0
RB-ORD-103163,Superfast,ST,S8,23,0,3,757,Breakfast,16.1,294,5,Clear,10,20.3,88,7.2,23.3,95.0,1,25.8
RB-ORD-103164,Superfast,NGP,B3,61,1,3,883,Dinner,21.1,296,2,Rainy,5,2.3,15,7.9,29.0,-6.7,0,19.8
RB-ORD-103165,Superfast,PRYJ,B3,10,1,6,719,Lunch,25.5,261,3,Rainy,2,0,22,7.6,33.1,-9.1,0,23.0
RB-ORD-103166,Superfast,AGC,B5,47,1,6,572,Dinner,28.5,295,2,Clear,7,24.2,80,5.6,34.1,77.1,1,35.3
RB-ORD-103167,Rajdhani,AGC,A1,37,1,6,746,Lunch,29.0,208,3,Rainy,10,9.2,75,6.1,35.1,59.1,1,38.1
RB-ORD-103168,Rajdhani,AGC,B3,69,1,1,1014,Snacks,12.3,155,2,Rainy,3,30.2,40,4.1,16.4,56.8,1,19.2
RB-ORD-103169,Vande Bharat,DDU,C1,5,1,6,418,Dinner,29.1,77,4,Clear,5,1.0,64,1.8,30.9,39.1,1,32.2
RB-ORD-103170,Mail Express,ST,C2,14,1,5,609,LateNight,22.9,309,5,Foggy,15,0,28,7.6,30.5,12.5,1,33.3
RB-ORD-103171,Mail Express,CNB,S1,11,0,3,1075,Lunch,18.4,224,1,Rainy,15,38.4,28,5.4,23.8,57.6,1,25.7
RB-ORD-103172,Vande Bharat,NGP,B2,31,1,2,156,Snacks,16.3,147,2,Clear,10,24.9,46,2.8,19.1,61.8,1,20.9
RB-ORD-103173,Mail Express,BRC,S8,59,0,5,757,Breakfast,21.1,106,5,Clear,3,24.8,42,2.6,23.7,46.1,1,26.1
RB-ORD-103174,Superfast,BRC,S4,57,0,5,1098,Dinner,22.3,148,4,Foggy,15,14.1,82,3.4,25.7,85.4,1,27.5
RB-ORD-103175,Rajdhani,CNB,B2,56,1,5,297,Dinner,23.1,142,1,Foggy,7,6.0,89,2.4,25.5,76.5,1,28.5
RB-ORD-103176,Vande Bharat,MTJ,B2,18,1,1,951,Snacks,13.2,266,2,Clear,15,12.3,17,5.1,18.3,26.0,1,20.2
RB-ORD-103177,Rajdhani,NGP,H1,27,1,3,701,LateNight,18.3,289,5,Clear,5,0,33,7.1,25.4,12.6,1,28.1
RB-ORD-103178,Rajdhani,BPL,B5,70,1,3,1067,Breakfast,15.1,437,4,Clear,2,21.1,67,10.0,25.1,65.0,1,27.1
RB-ORD-103179,Superfast,AGC,H1,2,1,1,396,Snacks,12.0,391,5,Foggy,15,34.5,76,9.6,21.6,103.9,1,24.1
RB-ORD-103180,Vande Bharat,MTJ,S1,13,0,6,268,Snacks,24.8,348,5,Foggy,5,28.6,42,8.6,33.4,42.2,1,34.6
RB-ORD-103181,Superfast,DDU,B4,54,1,5,550,Snacks,19.7,472,4,Clear,3,48.0,55,10.7,30.4,75.6,1,31.5
RB-ORD-103182,Rajdhani,DDU,C1,9,1,6,258,LateNight,23.6,253,3,Foggy,5,28.3,76,5.3,28.9,80.4,1,30.3
RB-ORD-103183,Mail Express,PRYJ,C1,28,1,4,558,Dinner,24.8,142,4,Clear,5,12.9,68,3.2,28.0,57.9,1,30.3
RB-ORD-103184,Superfast,MTJ,B4,4,1,1,388,Lunch,15.6,374,3,Clear,7,0,32,7.8,23.4,15.6,1,24.9
RB-ORD-103185,Rajdhani,MTJ,B2,52,1,2,905,Dinner,18.9,327,4,Rainy,10,0,48,10.4,29.3,28.7,1,30.4
RB-ORD-103186,Shatabdi,NGP,B5,16,1,2,201,Breakfast,17.0,82,2,Rainy,10,15.4,65,2.2,19.2,71.2,1,21.4
RB-ORD-103187,Superfast,KOTA,S4,39,0,3,240,Lunch,18.0,193,5,Foggy,7,36.1,67,4.8,22.8,87.3,1,23.8
RB-ORD-103188,Mail Express,BRC,B1,55,1,6,466,LateNight,26.0,388,4,Foggy,7,13.0,15,8.8,34.8,0.2,0,31.5
RB-ORD-103189,Vande Bharat,NGP,B3,30,1,4,450,Breakfast,18.9,141,4,Rainy,5,18.5,41,4.5,23.4,41.1,1,25.5
RB-ORD-103190,Superfast,KOTA,B5,8,1,4,1042,LateNight,19.8,192,3,Clear,15,21.5,57,4.0,23.8,69.7,1,25.9
RB-ORD-103191,Rajdhani,KOTA,B4,3,1,4,773,Breakfast,18.9,216,1,Clear,7,1.8,63,3.7,22.6,49.2,1,24.3
RB-ORD-103192,Superfast,MTJ,S4,41,0,6,254,Snacks,23.7,199,1,Foggy,2,39.8,83,3.4,27.1,97.7,1,28.7
RB-ORD-103193,Shatabdi,ST,H1,43,1,4,544,Snacks,17.3,344,1,Rainy,10,27.6,46,8.3,25.6,58.0,1,27.7
RB-ORD-103194,Shatabdi,KOTA,E1,36,1,6,1032,Breakfast,23.0,441,3,Rainy,5,0,66,12.9,35.9,35.1,1,37.1
RB-ORD-103195,Rajdhani,NGP,B1,7,1,6,301,Lunch,28.6,376,2,Clear,10,27.8,57,7.2,35.8,59.0,1,37.6
RB-ORD-103196,Vande Bharat,CNB,B4,36,1,6,866,Breakfast,23.8,437,1,Rainy,3,1.8,53,10.5,34.3,23.5,1,36.4
RB-ORD-103197,Superfast,BPL,C1,72,1,4,225,Snacks,17.9,408,4,Rainy,5,0,29,13.0,30.9,3.1,1,31.5
RB-ORD-103198,Shatabdi,MTJ,B5,12,1,2,1048,Lunch,17.8,407,3,Foggy,15,0,69,8.5,26.3,57.7,1,27.8
RB-ORD-103199,Superfast,BRC,S1,50,0,5,423,Breakfast,23.6,131,5,Clear,2,17.7,47,3.2,26.8,39.9,1,29.3
RB-ORD-103200,Vande Bharat,BPL,C1,42,1,6,613,Breakfast,21.4,171,1,Rainy,5,13.4,74,4.1,25.5,66.9,1,27.7
RB-ORD-103201,Vande Bharat,BRC,B3,43,1,6,716,Snacks,22.6,144,4,Clear,7,0,42,3.3,25.9,23.1,1,27.7
RB-ORD-103202,Vande Bharat,ST,A2,72,1,3,521,Dinner,20.2,229,3,Clear,2,0,34,4.8,25.0,11.0,1,26.1
RB-ORD-103203,Rajdhani,BRC,S8,17,0,1,212,Snacks,11.9,466,3,Clear,5,37.7,63,9.8,21.7,84.0,1,24.1
RB-ORD-103204,Superfast,MTJ,S8,12,0,6,399,Breakfast,21.9,326,5,Clear,5,0,60,8.0,29.9,35.1,1,31.8
RB-ORD-103205,Shatabdi,NGP,S1,66,0,1,945,LateNight,13.7,115,5,Clear,5,14.4,56,2.8,16.5,58.9,1,19.4
RB-ORD-103206,Shatabdi,NGP,B5,13,1,2,617,Lunch,16.0,166,1,Foggy,3,15.5,28,2.9,18.9,27.6,1,20.5
RB-ORD-103207,Mail Express,PRYJ,A2,30,1,4,553,LateNight,18.5,348,5,Clear,5,0,55,8.6,27.1,32.9,1,29.0
RB-ORD-103208,Vande Bharat,NGP,A1,63,1,1,963,Breakfast,12.8,208,3,Rainy,10,42.0,32,6.1,18.9,65.1,1,21.6
RB-ORD-103209,Vande Bharat,KOTA,S4,5,0,6,1073,LateNight,26.0,151,5,Clear,3,44.9,69,3.7,29.7,87.2,1,32.1
RB-ORD-103210,Mail Express,BPL,C1,56,1,1,319,Dinner,13.2,453,1,Clear,7,21.2,28,7.8,21.0,35.2,1,22.4
RB-ORD-103211,Shatabdi,DDU,S8,19,0,1,937,Lunch,16.7,314,4,Clear,10,12.9,80,7.1,23.8,79.1,1,26.5
RB-ORD-103212,Shatabdi,MTJ,B2,47,1,3,925,Snacks,17.5,205,4,Rainy,5,7.2,39,6.5,24.0,27.2,1,25.8
RB-ORD-103213,Superfast,DDU,B2,37,1,3,587,LateNight,17.4,74,5,Rainy,2,0,89,2.6,20.0,71.0,1,21.6
RB-ORD-103214,Mail Express,ST,A1,49,1,1,993,Lunch,17.0,128,3,Clear,10,32.9,66,2.7,19.7,89.2,1,22.2
RB-ORD-103215,Rajdhani,AGC,B2,47,1,2,145,LateNight,13.2,270,4,Rainy,2,17.1,45,8.6,21.8,42.3,1,24.6
RB-ORD-103216,Superfast,DDU,C1,54,1,5,788,LateNight,23.7,105,1,Rainy,2,46.6,69,2.5,26.2,91.4,1,28.2
RB-ORD-103217,Mail Express,BRC,B1,61,1,6,279,LateNight,26.1,233,3,Foggy,10,19.0,78,4.9,31.0,76.0,1,32.2
RB-ORD-103218,Superfast,ST,B4,34,1,2,409,LateNight,15.7,87,2,Clear,15,24.9,24,1.7,17.4,46.5,1,19.7
RB-ORD-103219,Shatabdi,MTJ,S8,6,0,3,1023,LateNight,15.8,309,3,Clear,5,37.8,54,6.5,22.3,74.5,1,24.3
RB-ORD-103220,Rajdhani,NGP,B4,52,1,5,1100,Snacks,21.0,164,4,Clear,5,0,79,3.7,24.7,59.3,1,27.6
RB-ORD-103221,Vande Bharat,CNB,S8,11,0,1,946,Snacks,12.2,85,4,Clear,7,11.0,68,1.9,14.1,71.9,1,17.0
RB-ORD-103222,Shatabdi,AGC,C1,30,1,1,473,Snacks,12.3,111,3,Clear,10,20.3,87,2.3,14.6,102.7,1,16.6
RB-ORD-103223,Superfast,PRYJ,B3,59,1,2,467,Dinner,16.1,409,2,Clear,5,42.2,19,7.8,23.9,42.3,1,25.5
RB-ORD-103224,Rajdhani,BRC,H1,61,1,1,496,Snacks,14.9,183,1,Foggy,5,24.5,69,3.2,18.1,80.4,1,20.5
RB-ORD-103225,Shatabdi,KOTA,C2,9,1,1,470,Lunch,15.3,355,5,Clear,5,11.0,70,8.7,24.0,62.0,1,26.0
RB-ORD-103226,Superfast,AGC,E1,48,1,3,222,Lunch,20.8,351,5,Clear,2,0,45,8.6,29.4,17.6,1,31.3
RB-ORD-103227,Mail Express,PRYJ,C2,55,1,2,460,LateNight,14.8,242,4,Rainy,3,16.2,33,7.7,22.5,29.7,1,25.0
RB-ORD-103228,Shatabdi,BPL,B4,60,1,6,621,Breakfast,26.2,129,3,Foggy,10,38.5,47,2.7,28.9,66.6,1,30.7
RB-ORD-103229,Mail Express,BPL,B2,56,1,1,1096,Lunch,14.7,127,2,Clear,5,22.6,23,2.4,17.1,33.5,1,19.2
RB-ORD-103230,Rajdhani,CNB,A1,36,1,1,370,Lunch,14.9,281,3,Rainy,5,0,28,8.2,23.1,9.9,1,24.5
RB-ORD-103231,Shatabdi,BPL,S4,18,0,2,631,Breakfast,15.8,210,5,Foggy,5,0,16,5.2,21.0,0.0,0,18.5
RB-ORD-103232,Mail Express,MTJ,S1,25,0,2,772,LateNight,15.0,447,2,Rainy,7,14.7,39,11.9,26.9,33.8,1,29.4
RB-ORD-103233,Rajdhani,NGP,A2,8,1,3,833,Breakfast,18.3,337,4,Foggy,2,0,89,7.7,26.0,65.0,1,27.1
RB-ORD-103234,Superfast,KOTA,B2,48,1,6,208,LateNight,22.5,81,1,Rainy,15,0,51,2.0,24.5,41.5,1,25.6
RB-ORD-103235,Shatabdi,AGC,S8,12,0,6,285,Lunch,25.0,144,3,Clear,10,2.0,53,3.0,28.0,37.0,1,30.3
RB-ORD-103236,Shatabdi,ST,B4,65,1,5,1039,Lunch,25.3,378,5,Rainy,15,6.2,69,13.0,38.3,51.9,1,39.9
RB-ORD-103237,Vande Bharat,KOTA,E1,41,1,2,865,Dinner,17.6,254,3,Rainy,5,22.2,38,7.4,25.0,40.2,1,27.1
RB-ORD-103238,Vande Bharat,BPL,B2,37,1,3,1052,Snacks,16.5,225,3,Foggy,10,27.5,32,4.7,21.2,48.3,1,22.7
RB-ORD-103239,Shatabdi,BPL,A1,70,1,5,466,LateNight,20.1,197,4,Foggy,3,0,82,4.5,24.6,60.4,1,26.5
RB-ORD-103240,Shatabdi,CNB,C1,45,1,5,462,Lunch,25.8,467,1,Foggy,3,0,30,8.0,33.8,-0.8,0,31.5
RB-ORD-103241,Rajdhani,PRYJ,E1,27,1,2,874,Breakfast,16.2,391,4,Clear,3,44.4,69,8.9,25.1,91.3,1,26.9
RB-ORD-103242,Shatabdi,BRC,C2,59,1,2,980,Breakfast,16.4,399,5,Foggy,2,35.9,33,9.8,26.2,44.7,1,28.2
RB-ORD-103243,Vande Bharat,AGC,B2,19,1,4,453,Lunch,21.2,448,5,Foggy,3,50.8,15,11.0,32.2,36.6,1,34.3
RB-ORD-103244,Mail Express,MTJ,B2,2,1,3,381,LateNight,18.5,474,5,Rainy,2,10.2,50,16.3,34.8,27.4,1,37.6
RB-ORD-103245,Rajdhani,PRYJ,A2,53,1,4,458,LateNight,21.6,253,2,Foggy,3,26.5,55,4.8,26.4,58.1,1,27.7
RB-ORD-103246,Vande Bharat,AGC,S4,27,0,4,402,Dinner,22.6,219,4,Foggy,7,0,49,5.0,27.6,28.4,1,30.5
RB-ORD-103247,Mail Express,KOTA,B1,47,1,3,655,LateNight,16.4,367,1,Foggy,7,0,21,6.3,22.7,5.3,1,24.5
RB-ORD-103248,Mail Express,ST,E1,62,1,4,289,Dinner,20.7,126,1,Foggy,5,14.5,61,2.2,22.9,57.6,1,25.1
RB-ORD-103249,Superfast,NGP,B3,58,1,2,468,Breakfast,16.7,205,1,Rainy,2,15.3,23,4.9,21.6,18.7,1,23.6
RB-ORD-103250,Mail Express,PRYJ,B3,17,1,2,610,Lunch,17.0,375,2,Foggy,5,15.7,80,7.2,24.2,76.5,1,27.0
RB-ORD-103251,Superfast,PRYJ,A1,65,1,4,637,Dinner,21.8,305,4,Clear,5,25.1,21,6.9,28.7,22.4,1,30.6
RB-ORD-103252,Rajdhani,AGC,E1,62,1,6,957,Lunch,28.3,344,1,Rainy,10,11.9,75,8.3,36.6,60.3,1,38.0
RB-ORD-103253,Superfast,BRC,C1,33,1,6,533,Snacks,23.8,149,2,Clear,3,17.7,38,2.8,26.6,32.1,1,28.9
RB-ORD-103254,Shatabdi,DDU,C1,60,1,1,1066,LateNight,12.4,252,2,Clear,5,27.3,21,4.8,17.2,36.1,1,19.4
RB-ORD-103255,Vande Bharat,NGP,B5,40,1,1,397,LateNight,13.1,349,3,Rainy,15,25.7,71,10.2,23.3,88.4,1,24.5
RB-ORD-103256,Mail Express,AGC,A2,66,1,6,125,LateNight,25.0,145,1,Foggy,2,5.8,90,2.5,27.5,70.3,1,29.4
RB-ORD-103257,Superfast,CNB,B5,68,1,1,607,Snacks,15.0,380,2,Rainy,5,18.6,57,10.1,25.1,55.5,1,27.6
RB-ORD-103258,Shatabdi,BPL,B3,42,1,1,1042,Breakfast,13.1,467,4,Clear,2,0.8,84,10.6,23.7,63.1,1,26.5
RB-ORD-103259,Superfast,NGP,B1,23,1,4,650,Dinner,24.0,233,5,Clear,5,33.3,46,5.7,29.7,54.6,1,32.2
RB-ORD-103260,Superfast,AGC,B1,26,1,6,1007,LateNight,24.9,279,4,Clear,7,35.7,82,6.4,31.3,93.4,1,34.3
RB-ORD-103261,Vande Bharat,NGP,B1,38,1,5,821,LateNight,22.4,118,4,Foggy,5,0,45,2.7,25.1,24.9,1,27.6
RB-ORD-103262,Shatabdi,ST,A2,6,1,6,724,Snacks,23.9,321,5,Foggy,15,30.4,23,7.9,31.8,36.6,1,32.8
RB-ORD-103263,Superfast,DDU,S8,45,0,1,986,Lunch,18.2,458,1,Clear,3,21.5,50,7.9,26.1,48.4,1,28.0
RB-ORD-103264,Superfast,PRYJ,C1,50,1,6,329,LateNight,25.4,91,4,Rainy,5,27.7,64,2.9,28.3,68.4,1,30.4
RB-ORD-103265,Rajdhani,KOTA,H1,59,1,5,383,LateNight,23.8,372,5,Clear,15,0,69,9.2,33.0,51.0,1,35.0
RB-ORD-103266,Vande Bharat,DDU,B2,53,1,6,268,Dinner,25.6,388,1,Clear,5,44.2,27,6.7,32.3,43.9,1,34.3
RB-ORD-103267,Shatabdi,NGP,E1,17,1,2,362,Lunch,15.6,180,4,Foggy,5,2.8,29,4.1,19.7,17.1,1,21.0
RB-ORD-103268,Shatabdi,MTJ,E1,8,1,6,797,LateNight,24.8,243,1,Foggy,5,18.6,30,4.2,29.0,24.6,1,30.4
RB-ORD-103269,Superfast,CNB,A1,47,1,2,1080,LateNight,15.6,247,4,Clear,2,0,40,5.6,21.2,20.8,1,23.5
RB-ORD-103270,Rajdhani,PRYJ,B4,17,1,6,278,Dinner,24.5,318,2,Clear,2,41.2,41,6.1,30.6,53.6,1,32.9
RB-ORD-103271,Rajdhani,NGP,C2,34,1,2,864,LateNight,15.6,310,5,Rainy,10,36.1,27,10.7,26.3,46.8,1,29.1
RB-ORD-103272,Rajdhani,KOTA,B4,25,1,1,821,Dinner,15.9,373,5,Clear,5,43.7,21,9.2,25.1,44.6,1,26.5
RB-ORD-103273,Shatabdi,NGP,B4,11,1,1,418,Breakfast,12.7,67,3,Clear,3,13.4,59,1.4,14.1,61.3,1,15.2
RB-ORD-103274,Superfast,NGP,B2,60,1,4,678,Breakfast,17.5,201,3,Clear,5,17.6,46,4.2,21.7,46.9,1,23.2
RB-ORD-103275,Vande Bharat,AGC,S8,11,0,6,608,Dinner,25.6,141,4,Foggy,3,15.8,64,3.2,28.8,54.0,1,30.6
RB-ORD-103276,Superfast,BPL,H1,3,1,4,554,Lunch,21.8,220,1,Clear,5,19.9,30,3.8,25.6,29.3,1,28.0
RB-ORD-103277,Rajdhani,CNB,B3,11,1,1,506,Breakfast,12.1,204,3,Clear,5,41.7,23,4.3,16.4,53.3,1,18.1
RB-ORD-103278,Mail Express,KOTA,B1,4,1,6,706,Snacks,22.5,123,4,Clear,5,8.5,49,2.8,25.3,37.2,1,26.5
RB-ORD-103279,Mail Express,CNB,E1,53,1,3,373,Dinner,20.6,325,2,Clear,5,11.2,42,6.2,26.8,31.4,1,29.4
RB-ORD-103280,Vande Bharat,AGC,B3,32,1,6,509,Dinner,27.0,249,2,Rainy,2,0,85,6.7,33.7,53.3,1,36.4
RB-ORD-103281,Vande Bharat,BPL,C1,9,1,4,181,Breakfast,17.6,251,3,Clear,7,4.3,79,5.3,22.9,67.4,1,25.7
RB-ORD-103282,Shatabdi,KOTA,B5,72,1,5,753,Lunch,23.0,448,1,Clear,15,10.4,30,7.7,30.7,24.7,1,32.5
RB-ORD-103283,Mail Express,PRYJ,B1,40,1,1,226,Lunch,16.7,62,4,Clear,5,29.3,64,1.4,18.1,80.2,1,20.5
RB-ORD-103284,Rajdhani,KOTA,C1,50,1,4,393,Dinner,22.4,159,3,Foggy,15,28.7,71,3.3,25.7,89.0,1,27.8
RB-ORD-103285,Vande Bharat,BRC,A2,30,1,6,728,Lunch,25.8,75,5,Foggy,5,13.6,84,1.8,27.6,75.0,1,29.3
RB-ORD-103286,Shatabdi,MTJ,B2,63,1,4,229,Snacks,19.4,413,4,Rainy,10,29.0,52,13.2,32.6,58.4,1,34.1
RB-ORD-103287,Vande Bharat,KOTA,C1,34,1,4,721,Dinner,24.4,364,5,Clear,3,19.7,83,9.0,33.4,72.3,1,35.2
RB-ORD-103288,Mail Express,DDU,B4,21,1,4,327,Snacks,19.0,69,3,Clear,2,8.9,34,1.4,20.4,24.5,1,22.4
RB-ORD-103289,Shatabdi,ST,B2,45,1,2,191,Dinner,18.5,287,2,Clear,3,31.9,21,5.5,24.0,31.9,1,26.5
RB-ORD-103290,Vande Bharat,CNB,C2,62,1,1,470,Lunch,17.6,179,5,Rainy,10,21.0,75,6.2,23.8,82.2,1,24.9
RB-ORD-103291,Rajdhani,NGP,S4,58,0,2,979,LateNight,16.4,208,2,Clear,7,12.0,83,4.0,20.4,81.6,1,21.6
RB-ORD-103292,Rajdhani,PRYJ,A1,58,1,6,337,Snacks,22.9,341,5,Rainy,10,31.9,74,11.8,34.7,81.2,1,36.6
RB-ORD-103293,Rajdhani,BPL,C1,37,1,2,1030,Lunch,19.7,251,4,Foggy,15,0,20,5.7,25.4,9.6,1,27.3
RB-ORD-103294,Vande Bharat,ST,E1,7,1,6,448,Lunch,27.1,199,2,Rainy,2,0,85,5.3,32.4,54.6,1,34.0
RB-ORD-103295,Vande Bharat,PRYJ,B3,5,1,1,672,Dinner,17.1,197,3,Rainy,10,8.4,72,5.8,22.9,67.5,1,25.4
RB-ORD-103296,Rajdhani,BPL,B4,1,1,5,230,Lunch,26.0,159,4,Foggy,15,1.8,22,3.6,29.6,9.2,1,31.3
RB-ORD-103297,Rajdhani,NGP,S8,20,0,4,248,Snacks,20.6,279,4,Rainy,15,22.8,16,8.9,29.5,24.3,1,31.0
RB-ORD-103298,Rajdhani,MTJ,B2,56,1,2,358,LateNight,14.6,237,3,Clear,7,0,32,5.0,19.6,19.4,1,21.3
RB-ORD-103299,Superfast,BPL,H1,53,1,6,646,Breakfast,25.4,411,3,Clear,5,28.5,15,8.6,34.0,14.5,1,35.7
RB-ORD-103300,Vande Bharat,ST,C1,33,1,1,613,Snacks,12.5,398,4,Clear,5,15.8,82,9.1,21.6,81.2,1,24.3
RB-ORD-103301,Superfast,BPL,S4,28,0,2,480,LateNight,13.7,126,2,Foggy,5,23.4,51,2.4,16.1,63.3,1,18.5
RB-ORD-103302,Mail Express,DDU,B1,13,1,6,602,Breakfast,23.6,98,1,Clear,10,32.0,40,1.7,25.3,56.7,1,27.4
RB-ORD-103303,Mail Express,DDU,C2,32,1,5,336,LateNight,23.7,315,1,Foggy,7,21.2,48,5.4,29.1,47.1,1,30.4
RB-ORD-103304,Mail Express,CNB,B1,28,1,5,389,Breakfast,20.3,374,1,Rainy,15,35.6,15,9.0,29.3,36.3,1,31.4
RB-ORD-103305,Rajdhani,PRYJ,S8,60,0,2,252,Lunch,15.7,272,2,Foggy,5,44.2,56,5.2,20.9,84.3,1,22.3
RB-ORD-103306,Vande Bharat,CNB,B5,4,1,6,492,LateNight,24.9,338,2,Foggy,5,36.0,85,6.4,31.3,94.7,1,32.8
RB-ORD-103307,Vande Bharat,AGC,H1,67,1,4,329,Lunch,22.9,474,5,Rainy,2,23.3,56,16.3,39.2,42.1,1,42.1
RB-ORD-103308,Mail Express,BPL,S4,65,0,1,409,LateNight,14.9,231,1,Foggy,2,0,56,4.0,18.9,39.1,1,20.6
RB-ORD-103309,Superfast,MTJ,B5,52,1,3,256,Lunch,19.1,79,3,Rainy,5,25.0,21,2.3,21.4,29.6,1,24.0
RB-ORD-103310,Superfast,ST,B5,18,1,5,1054,Breakfast,22.1,382,3,Rainy,3,15.1,33,11.2,33.3,17.8,1,35.2
RB-ORD-103311,Vande Bharat,AGC,S8,59,0,4,910,LateNight,19.0,80,1,Foggy,5,25.7,80,1.4,20.4,90.3,1,21.9
RB-ORD-103312,Rajdhani,AGC,H1,56,1,1,1058,Snacks,14.7,437,4,Foggy,3,13.6,90,10.0,24.7,81.9,1,26.9
RB-ORD-103313,Superfast,ST,C2,43,1,4,713,Dinner,22.2,95,2,Clear,3,0,17,1.8,24.0,-4.0,0,18.5
RB-ORD-103314,Vande Bharat,KOTA,A1,48,1,4,652,Snacks,17.5,128,1,Clear,2,11.2,46,2.2,19.7,39.5,1,20.9
RB-ORD-103315,Mail Express,PRYJ,A2,9,1,5,534,Dinner,25.5,357,3,Clear,15,0.5,16,7.5,33.0,-1.5,0,24.0
RB-ORD-103316,Superfast,KOTA,C2,33,1,1,1066,Dinner,18.0,386,3,Foggy,7,1.7,79,8.1,26.1,61.6,1,27.8
RB-ORD-103317,Vande Bharat,NGP,S4,66,0,6,195,Breakfast,23.7,206,5,Rainy,5,24.7,54,7.1,30.8,52.9,1,32.2
RB-ORD-103318,Vande Bharat,ST,S8,70,0,1,907,Breakfast,12.0,243,1,Rainy,5,12.7,49,5.9,17.9,48.8,1,20.6
RB-ORD-103319,Mail Express,ST,E1,61,1,6,292,Dinner,27.3,127,3,Rainy,5,28.5,56,3.7,31.0,58.5,1,33.5
RB-ORD-103320,Mail Express,DDU,B2,57,1,5,982,Breakfast,19.5,155,2,Foggy,5,0,76,3.0,22.5,58.5,1,24.4
RB-ORD-103321,Superfast,KOTA,C1,18,1,4,324,LateNight,17.8,340,2,Rainy,3,29.8,74,9.1,26.9,79.9,1,28.6
RB-ORD-103322,Rajdhani,MTJ,S1,13,0,1,916,Snacks,10.3,220,4,Clear,5,26.8,56,5.0,15.3,72.5,1,18.2
RB-ORD-103323,Mail Express,AGC,A1,40,1,2,193,Breakfast,12.9,194,3,Foggy,5,0,58,4.1,17.0,46.0,1,18.0
RB-ORD-103324,Shatabdi,MTJ,S4,63,0,5,681,Snacks,19.9,308,5,Clear,3,17.3,58,7.6,27.5,50.8,1,28.7
RB-ORD-103325,Rajdhani,MTJ,B5,56,1,3,469,Breakfast,18.9,73,4,Rainy,7,38.2,45,2.3,21.2,69.0,1,23.3
RB-ORD-103326,Superfast,BPL,S8,21,0,2,280,Breakfast,15.6,141,2,Rainy,5,13.6,17,3.8,19.4,16.2,1,22.2
RB-ORD-103327,Superfast,ST,B5,21,1,5,1080,Snacks,21.4,211,3,Foggy,7,24.0,21,4.4,25.8,26.2,1,26.8
RB-ORD-103328,Mail Express,AGC,B3,7,1,1,660,Snacks,10.9,351,2,Foggy,15,11.4,56,6.7,17.6,64.8,1,18.9
RB-ORD-103329,Mail Express,CNB,B5,49,1,3,344,Breakfast,15.3,348,4,Clear,5,39.8,90,7.9,23.2,111.6,1,25.1
RB-ORD-103330,Shatabdi,PRYJ,B4,46,1,4,236,Dinner,19.9,439,5,Foggy,10,36.8,32,10.8,30.7,48.1,1,32.0
RB-ORD-103331,Mail Express,DDU,H1,25,1,3,689,Lunch,19.6,379,1,Clear,5,26.1,81,6.5,26.1,86.0,1,27.3
RB-ORD-103332,Shatabdi,ST,B2,60,1,4,476,Snacks,17.9,98,4,Rainy,7,13.5,19,3.1,21.0,18.5,1,23.8
RB-ORD-103333,Mail Express,BRC,A1,59,1,2,557,Dinner,15.5,167,5,Rainy,2,3.7,68,5.8,21.3,52.4,1,22.3
RB-ORD-103334,Mail Express,BRC,C1,59,1,6,178,Snacks,26.0,230,3,Rainy,10,8.7,58,6.7,32.7,44.0,1,35.4
RB-ORD-103335,Shatabdi,ST,S1,70,0,5,632,Snacks,21.9,73,3,Clear,5,33.0,77,1.5,23.4,91.6,1,26.1
RB-ORD-103336,Mail Express,ST,S1,39,0,5,255,LateNight,21.1,88,5,Rainy,2,46.2,51,3.0,24.1,75.1,1,26.1
RB-ORD-103337,Mail Express,CNB,B4,18,1,2,222,Snacks,16.8,308,4,Rainy,5,52.1,52,9.8,26.6,82.5,1,29.3
RB-ORD-103338,Vande Bharat,BPL,B3,32,1,5,217,Snacks,23.6,420,2,Rainy,15,0,54,11.2,34.8,34.2,1,37.4
RB-ORD-103339,Mail Express,DDU,A1,42,1,4,482,Snacks,20.3,189,1,Clear,5,50.8,61,3.3,23.6,93.2,1,25.0
RB-ORD-103340,Mail Express,ST,H1,36,1,3,374,Lunch,18.3,455,1,Foggy,15,19.7,87,7.8,26.1,95.6,1,27.5
RB-ORD-103341,Vande Bharat,KOTA,B2,19,1,2,814,Dinner,18.9,328,5,Foggy,2,30.4,44,8.1,27.0,49.4,1,29.9
RB-ORD-103342,Mail Express,MTJ,C2,8,1,6,305,Dinner,24.9,276,1,Clear,2,39.5,60,4.8,29.7,71.8,1,30.8
RB-ORD-103343,Mail Express,CNB,B2,4,1,4,899,LateNight,17.7,131,2,Foggy,15,4.3,75,2.5,20.2,74.1,1,22.3
RB-ORD-103344,Vande Bharat,MTJ,H1,27,1,4,868,Snacks,19.5,424,4,Clear,3,0,71,9.7,29.2,44.8,1,30.5
RB-ORD-103345,Vande Bharat,PRYJ,C1,3,1,6,393,Lunch,28.4,437,2,Rainy,3,26.7,71,11.7,40.1,60.6,1,42.2
RB-ORD-103346,Rajdhani,PRYJ,A2,12,1,5,204,LateNight,20.5,228,2,Clear,3,8.8,75,4.3,24.8,62.0,1,27.2
RB-ORD-103347,Shatabdi,AGC,H1,2,1,1,377,Breakfast,11.0,253,3,Clear,5,15.4,40,5.3,16.3,44.1,1,19.2
RB-ORD-103348,Rajdhani,NGP,S4,17,0,4,602,Breakfast,20.2,416,4,Clear,5,29.5,24,9.5,29.7,28.8,1,32.0
RB-ORD-103349,Mail Express,ST,C2,32,1,4,849,Snacks,17.5,393,2,Rainy,3,0,69,10.5,28.0,44.0,1,29.1
RB-ORD-103350,Rajdhani,BRC,B1,11,1,5,477,Snacks,22.8,445,3,Rainy,2,7.8,62,13.0,35.8,36.0,1,37.4
RB-ORD-103351,Superfast,ST,B4,72,1,1,831,Dinner,17.7,467,4,Clear,15,0,49,10.6,28.3,35.7,1,30.5
RB-ORD-103352,Vande Bharat,KOTA,S1,48,0,2,360,Dinner,16.4,414,3,Clear,10,14.5,33,8.7,25.1,32.4,1,27.6
RB-ORD-103353,Superfast,KOTA,C2,7,1,6,986,Dinner,24.8,332,3,Clear,10,22.2,67,6.9,31.7,67.5,1,34.3
RB-ORD-103354,Shatabdi,KOTA,C1,13,1,5,565,Lunch,26.6,169,5,Rainy,5,0,60,5.8,32.4,32.6,1,33.9
RB-ORD-103355,Mail Express,MTJ,B5,24,1,2,380,Lunch,19.7,468,3,Foggy,5,43.8,89,9.8,29.5,108.3,1,30.8
RB-ORD-103356,Mail Express,KOTA,A2,29,1,3,380,Snacks,15.9,69,3,Foggy,5,24.0,15,1.4,17.3,26.7,1,20.3
RB-ORD-103357,Shatabdi,PRYJ,S4,50,0,1,191,LateNight,12.1,315,3,Clear,15,14.4,77,6.6,18.7,87.7,1,21.0
RB-ORD-103358,Superfast,NGP,C1,69,1,1,928,Dinner,16.7,441,4,Clear,5,1.3,58,10.0,26.7,37.6,1,29.4
RB-ORD-103359,Rajdhani,MTJ,B2,59,1,5,142,Dinner,22.7,163,1,Rainy,7,19.2,19,3.9,26.6,18.6,1,28.1
RB-ORD-103360,Superfast,CNB,C2,20,1,1,275,Breakfast,15.1,353,4,Rainy,10,25.5,60,11.3,26.4,69.1,1,29.3
RB-ORD-103361,Superfast,BPL,S1,11,0,6,331,Snacks,25.4,254,2,Clear,5,0,49,4.8,30.2,23.8,1,31.7
RB-ORD-103362,Mail Express,NGP,A2,32,1,4,682,Dinner,24.0,240,5,Clear,5,20.1,15,5.9,29.9,10.2,1,31.9
RB-ORD-103363,Superfast,MTJ,E1,33,1,1,378,LateNight,13.2,238,1,Rainy,2,21.8,65,5.7,18.9,69.9,1,21.4
RB-ORD-103364,Mail Express,BRC,B2,45,1,6,502,Dinner,26.5,344,1,Rainy,5,0,33,8.3,34.8,3.2,1,35.5
RB-ORD-103365,Superfast,KOTA,B5,71,1,1,910,Snacks,11.2,181,5,Rainy,15,23.1,75,6.2,17.4,95.7,1,19.1
RB-ORD-103366,Rajdhani,KOTA,S8,60,0,5,515,Lunch,26.2,115,3,Foggy,10,5.9,40,2.4,28.6,27.3,1,31.4
RB-ORD-103367,Vande Bharat,BPL,C1,5,1,2,825,LateNight,12.5,94,1,Rainy,7,9.9,25,2.3,14.8,27.1,1,17.3
RB-ORD-103368,Rajdhani,NGP,H1,63,1,2,1015,Dinner,18.8,292,3,Foggy,7,18.6,37,6.1,24.9,37.7,1,27.8
RB-ORD-103369,Superfast,NGP,B2,15,1,3,470,LateNight,18.4,319,3,Foggy,5,41.3,89,6.7,25.1,110.2,1,26.1
RB-ORD-103370,Mail Express,BRC,B2,8,1,3,988,Lunch,17.7,305,4,Clear,5,3.8,48,6.9,24.6,32.2,1,27.0
RB-ORD-103371,Superfast,PRYJ,A2,13,1,5,664,Dinner,24.3,164,1,Rainy,5,18.5,60,4.0,28.3,55.2,1,29.4
RB-ORD-103372,Superfast,CNB,H1,52,1,1,317,Breakfast,12.5,390,3,Clear,15,32.7,71,8.2,20.7,98.0,1,22.2
RB-ORD-103373,Mail Express,NGP,B5,11,1,3,1045,Snacks,18.7,351,5,Clear,5,16.4,76,8.6,27.3,70.1,1,29.4
RB-ORD-103374,Vande Bharat,MTJ,C2,18,1,1,748,LateNight,11.0,246,1,Foggy,5,0,57,4.2,15.2,46.8,1,16.5
RB-ORD-103375,Mail Express,PRYJ,H1,46,1,3,439,Dinner,20.3,82,1,Rainy,2,8.2,16,2.0,22.3,3.9,1,25.2
RB-ORD-103376,Mail Express,ST,S1,59,0,1,316,Snacks,11.2,274,1,Clear,3,28.4,65,4.7,15.9,80.5,1,17.0
RB-ORD-103377,Rajdhani,PRYJ,B4,7,1,1,500,Lunch,17.2,227,4,Rainy,5,15.7,72,7.2,24.4,68.3,1,27.2
RB-ORD-103378,Mail Express,PRYJ,A2,25,1,5,1095,Snacks,23.3,219,1,Clear,10,11.4,32,3.8,27.1,26.3,1,29.7
RB-ORD-103379,Shatabdi,CNB,H1,37,1,4,755,Breakfast,20.1,92,5,Foggy,7,0,78,2.3,22.4,62.6,1,23.8
RB-ORD-103380,Shatabdi,MTJ,A2,70,1,3,321,LateNight,16.2,124,3,Foggy,5,5.5,39,2.6,18.8,30.7,1,20.0
RB-ORD-103381,Shatabdi,BRC,H1,72,1,4,360,Breakfast,19.6,247,4,Foggy,5,0,74,5.6,25.2,53.8,1,27.2
RB-ORD-103382,Mail Express,NGP,C1,59,1,6,327,Dinner,26.9,473,1,Foggy,7,9.1,64,8.2,35.1,45.0,1,37.6
RB-ORD-103383,Mail Express,BPL,C1,53,1,4,477,Lunch,21.3,303,5,Clear,10,37.6,42,7.5,28.8,60.8,1,31.8
RB-ORD-103384,Superfast,CNB,E1,67,1,1,247,Breakfast,12.7,469,2,Rainy,3,9.8,26,12.5,25.2,13.6,1,27.5
RB-ORD-103385,Superfast,CNB,B2,1,1,2,269,Breakfast,15.6,455,5,Rainy,5,0,56,15.7,31.3,29.7,1,33.3
RB-ORD-103386,Mail Express,AGC,A1,18,1,4,997,Lunch,24.6,400,5,Foggy,15,0,46,9.8,34.4,26.6,1,35.8
RB-ORD-103387,Superfast,ST,A2,59,1,1,527,Lunch,16.5,145,4,Rainy,2,26.4,25,4.6,21.1,32.3,1,24.0
RB-ORD-103388,Rajdhani,DDU,C1,69,1,6,1088,Breakfast,24.7,463,4,Foggy,7,0,70,10.5,35.2,41.8,1,37.5
RB-ORD-103389,Mail Express,AGC,C1,24,1,2,261,Lunch,16.7,84,1,Rainy,15,0,45,2.0,18.7,41.3,1,21.2
RB-ORD-103390,Superfast,AGC,B2,9,1,1,908,Lunch,14.0,118,4,Clear,5,21.7,74,2.7,16.7,84.0,1,18.2
RB-ORD-103391,Rajdhani,MTJ,B5,13,1,5,728,Lunch,26.5,68,5,Foggy,5,14.5,72,1.7,28.2,63.3,1,30.6
RB-ORD-103392,Mail Express,NGP,B4,41,1,3,567,LateNight,16.5,468,4,Clear,5,64.7,32,10.7,27.2,74.5,1,28.5
RB-ORD-103393,Vande Bharat,DDU,C1,55,1,4,959,Lunch,21.9,167,5,Foggy,2,7.5,72,4.1,26.0,55.5,1,28.9
RB-ORD-103394,Mail Express,BRC,B3,19,1,5,1018,Breakfast,22.2,88,4,Clear,5,38.1,43,2.0,24.2,61.9,1,25.2
RB-ORD-103395,Vande Bharat,BRC,B5,9,1,4,805,Lunch,20.9,340,1,Foggy,5,22.0,64,5.9,26.8,64.2,1,28.9
RB-ORD-103396,Shatabdi,BPL,S8,36,0,6,789,LateNight,24.6,408,3,Rainy,7,20.5,25,12.0,36.6,15.9,1,37.9
RB-ORD-103397,Mail Express,BPL,S1,57,0,2,476,Breakfast,15.8,172,4,Rainy,15,13.5,24,5.5,21.3,31.2,1,23.9
RB-ORD-103398,Rajdhani,DDU,B1,31,1,1,365,Snacks,14.8,369,1,Rainy,5,21.5,52,8.9,23.7,54.8,1,26.1
RB-ORD-103399,Shatabdi,AGC,B4,43,1,5,349,Lunch,22.1,149,5,Foggy,5,0,69,3.7,25.8,48.2,1,26.9
RB-ORD-103400,Shatabdi,PRYJ,S4,29,0,6,516,Snacks,25.6,405,1,Rainy,2,37.7,46,9.8,35.4,50.3,1,37.9
RB-ORD-103401,Superfast,MTJ,C2,9,1,6,1018,Lunch,28.2,256,3,Rainy,10,10.6,86,7.5,35.7,70.9,1,37.5
RB-ORD-103402,Vande Bharat,BRC,S8,64,0,3,603,Lunch,18.7,79,4,Rainy,15,0,38,2.5,21.2,31.8,1,23.3
RB-ORD-103403,Superfast,MTJ,B3,62,1,3,1063,Lunch,21.1,287,2,Foggy,10,0,64,5.5,26.6,47.4,1,29.3
RB-ORD-103404,Shatabdi,KOTA,B2,69,1,1,864,LateNight,12.2,369,5,Foggy,5,3.6,28,9.1,21.3,15.3,1,22.6
RB-ORD-103405,Vande Bharat,MTJ,S4,48,0,2,851,Snacks,17.2,174,3,Clear,2,0,57,3.6,20.8,38.2,1,23.4
RB-ORD-103406,Vande Bharat,NGP,H1,41,1,4,481,Lunch,21.0,79,2,Foggy,2,23.3,62,1.5,22.5,64.8,1,24.3
RB-ORD-103407,Rajdhani,ST,B5,56,1,6,1074,Breakfast,25.7,427,5,Foggy,7,15.9,28,10.5,36.2,14.7,1,37.9
RB-ORD-103408,Rajdhani,DDU,C2,72,1,6,600,Lunch,24.9,112,4,Rainy,5,12.1,68,3.6,28.5,56.6,1,31.3
RB-ORD-103409,Shatabdi,KOTA,E1,2,1,3,707,Lunch,21.3,180,5,Foggy,7,42.5,48,4.4,25.7,71.8,1,27.7
RB-ORD-103410,Vande Bharat,CNB,C2,60,1,3,272,Snacks,18.1,374,4,Foggy,3,28.4,89,8.5,26.6,93.8,1,29.1
RB-ORD-103411,Superfast,BPL,B2,69,1,3,553,Snacks,15.6,389,5,Rainy,5,13.0,29,13.4,29.0,18.0,1,31.3
RB-ORD-103412,Mail Express,DDU,B5,69,1,5,615,LateNight,22.5,312,2,Foggy,5,7.7,28,6.0,28.5,12.2,1,30.4
RB-ORD-103413,Vande Bharat,BPL,B3,67,1,5,260,LateNight,22.3,426,1,Clear,5,21.6,42,7.3,29.6,39.0,1,31.9
RB-ORD-103414,Vande Bharat,BPL,B3,6,1,1,788,Lunch,14.0,272,5,Foggy,2,18.8,52,6.7,20.7,52.1,1,23.1
RB-ORD-103415,Rajdhani,PRYJ,H1,70,1,2,1026,Snacks,15.3,287,5,Clear,5,11.4,63,7.1,22.4,57.0,1,24.9
RB-ORD-103416,Rajdhani,NGP,B2,50,1,1,375,Breakfast,12.5,330,5,Foggy,5,12.0,30,8.1,20.6,26.4,1,22.9
RB-ORD-103417,Mail Express,PRYJ,S8,12,0,4,781,Lunch,23.6,131,2,Rainy,10,0,66,3.5,27.1,48.9,1,29.9
RB-ORD-103418,Vande Bharat,PRYJ,C2,37,1,3,439,Dinner,20.4,448,3,Clear,3,0,73,9.4,29.8,46.2,1,31.4
RB-ORD-103419,Shatabdi,MTJ,E1,9,1,6,963,Breakfast,24.7,392,1,Rainy,2,1.7,52,9.5,34.2,21.5,1,35.9
RB-ORD-103420,Vande Bharat,NGP,B2,33,1,3,995,Breakfast,19.2,177,2,Foggy,5,2.8,24,3.4,22.6,9.2,1,23.8
RB-ORD-103421,Mail Express,BRC,C1,49,1,4,947,Breakfast,21.7,309,2,Rainy,3,5.2,61,8.3,30.0,39.2,1,31.9
RB-ORD-103422,Superfast,NGP,S1,46,0,1,551,Snacks,11.6,86,3,Foggy,2,17.4,69,1.8,13.4,75.0,1,15.5
RB-ORD-103423,Shatabdi,CNB,A1,14,1,6,941,Lunch,25.5,141,5,Foggy,5,13.9,76,3.5,29.0,65.9,1,31.2
RB-ORD-103424,Rajdhani,BRC,E1,55,1,4,946,Snacks,20.2,328,2,Foggy,15,2.3,35,6.3,26.5,25.8,1,29.1
RB-ORD-103425,Shatabdi,DDU,A1,64,1,3,835,LateNight,17.5,455,2,Rainy,3,17.8,43,12.2,29.7,34.1,1,31.1
RB-ORD-103426,Shatabdi,PRYJ,B3,27,1,5,665,Breakfast,21.0,189,4,Foggy,15,32.4,29,4.3,25.3,51.1,1,27.8
RB-ORD-103427,Shatabdi,NGP,S1,18,0,5,763,Lunch,23.6,399,5,Rainy,15,0,67,13.8,37.4,44.6,1,39.3
RB-ORD-103428,Rajdhani,AGC,B2,42,1,6,405,Dinner,27.5,137,1,Clear,10,9.6,78,2.4,29.9,67.7,1,31.3
RB-ORD-103429,Superfast,ST,A2,19,1,5,411,LateNight,21.5,219,3,Rainy,5,4.0,74,6.4,27.9,55.1,1,29.5
RB-ORD-103430,Superfast,NGP,S4,69,0,4,440,Breakfast,19.8,187,2,Clear,5,3.8,82,3.6,23.4,67.4,1,25.8
RB-ORD-103431,Superfast,AGC,S4,56,0,1,188,Snacks,13.1,411,4,Rainy,15,0,29,13.1,26.2,17.8,1,28.2
RB-ORD-103432,Rajdhani,DDU,B5,35,1,3,757,Snacks,15.9,374,4,Foggy,10,32.6,25,8.5,24.4,43.2,1,26.3
RB-ORD-103433,Shatabdi,BRC,S1,37,0,1,969,Lunch,18.0,129,5,Rainy,5,0,18,4.4,22.4,0.6,0,20.5
RB-ORD-103434,Vande Bharat,KOTA,H1,52,1,5,836,Dinner,25.9,152,1,Clear,2,45.8,56,2.6,28.5,75.3,1,30.5
RB-ORD-103435,Shatabdi,BPL,E1,29,1,2,793,Dinner,18.3,173,5,Clear,10,0,24,4.3,22.6,11.4,1,24.2
RB-ORD-103436,Vande Bharat,KOTA,H1,13,1,5,940,Breakfast,23.3,86,1,Rainy,7,18.4,48,2.1,25.4,48.0,1,27.8
RB-ORD-103437,Superfast,PRYJ,S1,63,0,2,941,Breakfast,16.5,437,4,Foggy,5,3.8,87,10.0,26.5,69.3,1,28.8
RB-ORD-103438,Vande Bharat,NGP,E1,34,1,1,910,LateNight,14.0,142,4,Rainy,10,16.7,33,4.5,18.5,41.2,1,19.7
RB-ORD-103439,Vande Bharat,PRYJ,S1,23,0,4,370,Breakfast,21.6,213,1,Clear,10,1.4,84,3.7,25.3,70.1,1,27.2
RB-ORD-103440,Shatabdi,PRYJ,E1,68,1,6,892,Breakfast,22.6,143,5,Rainy,5,15.0,16,4.9,27.5,8.5,1,28.7
RB-ORD-103441,Superfast,MTJ,B4,15,1,4,893,Dinner,23.6,156,4,Rainy,5,0,76,5.0,28.6,52.4,1,30.7
RB-ORD-103442,Mail Express,MTJ,B3,35,1,2,592,Snacks,12.5,255,3,Foggy,3,0.9,49,5.3,17.8,35.1,1,20.5
RB-ORD-103443,Shatabdi,PRYJ,B1,48,1,2,230,Dinner,16.7,465,5,Rainy,15,0,21,16.0,32.7,3.3,0,28.5
RB-ORD-103444,Superfast,BPL,B4,35,1,1,614,Lunch,15.1,338,5,Clear,5,39.4,59,8.3,23.4,80.0,1,25.7
RB-ORD-103445,Vande Bharat,KOTA,B3,68,1,1,772,Dinner,17.4,121,5,Clear,2,28.3,85,3.0,20.4,94.9,1,21.9
RB-ORD-103446,Vande Bharat,AGC,B5,62,1,4,487,LateNight,19.0,337,2,Clear,5,50.9,64,6.4,25.4,94.5,1,27.1
RB-ORD-103447,Mail Express,CNB,A1,36,1,5,153,LateNight,23.0,132,2,Rainy,15,29.7,82,3.5,26.5,100.2,1,28.9
RB-ORD-103448,Rajdhani,BRC,S4,53,0,6,631,Dinner,25.8,326,2,Foggy,5,23.9,72,6.2,32.0,68.9,1,34.8
RB-ORD-103449,Shatabdi,NGP,A2,32,1,5,648,Lunch,26.7,383,5,Foggy,5,0,38,9.4,36.1,6.9,1,38.9
RB-ORD-103450,Superfast,MTJ,H1,31,1,1,665,Snacks,12.5,284,1,Clear,7,31.0,22,4.9,17.4,42.6,1,19.7
RB-ORD-103451,Vande Bharat,NGP,S1,12,0,6,174,Snacks,21.3,236,3,Rainy,5,7.1,64,6.9,28.2,47.9,1,30.0
RB-ORD-103452,Vande Bharat,BRC,B5,12,1,6,299,Lunch,25.1,399,5,Foggy,10,3.4,72,9.8,34.9,50.5,1,36.4
RB-ORD-103453,Rajdhani,DDU,E1,33,1,5,272,Dinner,26.7,318,1,Foggy,7,23.9,28,5.5,32.2,26.7,1,34.9
RB-ORD-103454,Rajdhani,KOTA,S8,28,0,1,451,Lunch,17.9,95,2,Clear,2,22.9,87,1.8,19.7,92.2,1,21.3
RB-ORD-103455,Mail Express,KOTA,B1,15,1,5,857,Snacks,22.9,66,5,Foggy,5,9.6,56,1.6,24.5,46.1,1,26.5
RB-ORD-103456,Superfast,BPL,H1,19,1,4,1022,Lunch,21.9,233,5,Foggy,2,0,28,5.7,27.6,2.4,1,29.0
RB-ORD-103457,Shatabdi,NGP,B4,24,1,6,376,Snacks,22.8,319,1,Rainy,2,12.1,61,7.7,30.5,44.6,1,33.0
RB-ORD-103458,Shatabdi,ST,E1,67,1,3,820,Lunch,18.5,349,4,Clear,15,12.7,75,7.9,26.4,76.3,1,27.7
RB-ORD-103459,Vande Bharat,DDU,B3,30,1,6,813,Snacks,23.3,396,4,Foggy,10,23.9,76,9.0,32.3,77.6,1,33.7
RB-ORD-103460,Superfast,CNB,B4,4,1,6,574,Dinner,28.4,189,1,Foggy,10,21.5,72,3.3,31.7,71.8,1,34.6
RB-ORD-103461,Rajdhani,PRYJ,C1,39,1,4,938,Dinner,22.0,104,2,Rainy,7,2.2,39,2.8,24.8,23.4,1,26.3
RB-ORD-103462,Rajdhani,PRYJ,B5,61,1,4,487,Lunch,20.7,411,3,Clear,7,26.5,63,8.6,29.3,67.2,1,31.8
RB-ORD-103463,Rajdhani,PRYJ,B1,25,1,6,923,LateNight,21.7,206,3,Foggy,3,3.0,52,4.3,26.0,32.0,1,28.3
RB-ORD-103464,Vande Bharat,NGP,B1,52,1,6,156,Breakfast,21.5,414,5,Foggy,15,2.2,55,10.2,31.7,40.5,1,33.6
RB-ORD-103465,Vande Bharat,KOTA,E1,10,1,4,638,Breakfast,19.3,321,5,Rainy,10,0,78,11.1,30.4,57.6,1,33.4
RB-ORD-103466,Rajdhani,BRC,A2,26,1,6,805,Dinner,28.6,277,2,Foggy,5,17.3,31,5.3,33.9,19.4,1,36.8
RB-ORD-103467,Superfast,BRC,S1,13,0,2,444,Snacks,15.1,342,1,Foggy,10,0,61,5.9,21.0,50.0,1,23.3
RB-ORD-103468,Mail Express,CNB,S8,15,0,6,431,Dinner,26.7,140,4,Rainy,5,17.3,45,4.5,31.2,36.1,1,33.8
RB-ORD-103469,Superfast,ST,C2,38,1,4,191,LateNight,21.2,202,1,Rainy,15,37.3,76,4.9,26.1,102.2,1,28.1
RB-ORD-103470,Shatabdi,NGP,B1,33,1,6,809,LateNight,24.1,173,4,Foggy,3,27.5,34,3.9,28.0,36.5,1,30.8
RB-ORD-103471,Vande Bharat,KOTA,S1,4,0,6,797,Lunch,24.6,450,3,Foggy,15,54.9,80,9.4,34.0,115.9,1,36.0
RB-ORD-103472,Rajdhani,DDU,A2,63,1,2,671,Dinner,15.7,280,3,Rainy,15,13.2,59,8.2,23.9,63.3,1,25.3
RB-ORD-103473,Superfast,MTJ,B1,32,1,5,1008,Lunch,23.2,286,3,Rainy,5,0,25,8.4,31.6,-1.6,0,27.5
RB-ORD-103474,Shatabdi,AGC,B1,71,1,6,316,Lunch,25.7,310,1,Rainy,2,52.8,28,7.5,33.2,49.6,1,34.9
RB-ORD-103475,Rajdhani,PRYJ,S8,72,0,5,689,Lunch,23.5,318,5,Rainy,2,30.4,45,11.0,34.5,42.9,1,35.6
RB-ORD-103476,Superfast,ST,B5,25,1,4,394,Snacks,19.0,431,2,Rainy,15,40.7,65,11.5,30.5,90.2,1,32.6
RB-ORD-103477,Shatabdi,ST,S1,11,0,5,253,Dinner,23.8,215,4,Rainy,5,30.0,81,6.9,30.7,85.3,1,32.9
RB-ORD-103478,Vande Bharat,MTJ,S8,7,0,1,725,Lunch,15.0,221,4,Rainy,10,1.5,74,7.0,22.0,63.5,1,24.7
RB-ORD-103479,Superfast,AGC,B4,61,1,1,1071,Breakfast,15.2,293,1,Foggy,5,26.8,55,5.0,20.2,66.6,1,22.0
RB-ORD-103480,Rajdhani,PRYJ,C2,15,1,4,170,Lunch,20.1,227,2,Foggy,15,25.6,65,4.3,24.4,81.2,1,26.0
RB-ORD-103481,Mail Express,BRC,A2,36,1,3,366,LateNight,18.7,297,2,Rainy,7,4.5,58,7.9,26.6,42.9,1,28.2
RB-ORD-103482,Superfast,BPL,C2,26,1,5,976,LateNight,19.4,325,2,Rainy,5,36.4,19,8.7,28.1,32.3,1,31.1
RB-ORD-103483,Mail Express,KOTA,B4,62,1,5,970,Lunch,22.0,273,1,Rainy,10,0,83,6.6,28.6,64.4,1,29.8
RB-ORD-103484,Rajdhani,NGP,A1,44,1,5,1077,Dinner,23.7,74,2,Rainy,3,26.2,25,2.0,25.7,28.5,1,27.3
RB-ORD-103485,Shatabdi,PRYJ,B2,70,1,6,177,Breakfast,26.2,307,4,Rainy,10,0,18,9.8,36.0,-8.0,0,23.0
RB-ORD-103486,Vande Bharat,BRC,B4,56,1,1,161,LateNight,10.4,72,4,Rainy,5,39.6,84,2.3,12.7,115.9,1,15.7
RB-ORD-103487,Mail Express,DDU,B4,64,1,5,261,Lunch,26.5,399,5,Rainy,3,0,16,13.8,40.3,-21.3,0,17.5
RB-ORD-103488,Rajdhani,DDU,B2,50,1,2,805,Breakfast,14.1,274,5,Foggy,3,0,70,6.7,20.8,52.2,1,21.9
RB-ORD-103489,Shatabdi,MTJ,B3,14,1,3,323,Snacks,16.8,101,4,Rainy,2,0,17,3.2,20.0,-1.0,0,18.0
RB-ORD-103490,Vande Bharat,ST,B1,45,1,3,1083,Snacks,16.9,330,5,Clear,3,1.5,84,8.1,25.0,63.5,1,26.0
RB-ORD-103491,Rajdhani,BPL,B3,34,1,2,350,Lunch,16.4,371,2,Rainy,7,20.8,48,9.9,26.3,49.5,1,28.7
RB-ORD-103492,Vande Bharat,KOTA,S8,11,0,2,813,Snacks,14.1,396,2,Clear,2,3.7,33,7.6,21.7,17.0,1,23.2
RB-ORD-103493,Rajdhani,AGC,A2,10,1,2,258,Lunch,18.6,417,4,Rainy,10,25.8,89,13.3,31.9,92.9,1,34.8
RB-ORD-103494,Shatabdi,CNB,H1,30,1,1,739,LateNight,14.4,287,5,Clear,3,13.3,18,7.1,21.5,12.8,1,22.5
RB-ORD-103495,Mail Express,MTJ,A2,49,1,4,660,Snacks,20.4,239,4,Rainy,5,5.5,40,7.6,28.0,22.5,1,30.0
RB-ORD-103496,Vande Bharat,MTJ,B1,9,1,6,195,LateNight,22.2,264,1,Foggy,2,37.3,40,4.5,26.7,52.6,1,28.1
RB-ORD-103497,Vande Bharat,MTJ,C1,42,1,1,551,Breakfast,12.1,462,1,Rainy,2,13.2,43,11.1,23.2,35.0,1,25.0
RB-ORD-103498,Superfast,PRYJ,C2,37,1,3,816,Dinner,21.7,146,3,Foggy,5,40.8,67,3.1,24.8,88.0,1,27.6
RB-ORD-103499,Vande Bharat,ST,B4,35,1,6,785,Lunch,28.8,265,5,Rainy,2,0,36,9.1,37.9,0.1,0,37.0
RB-ORD-103500,Superfast,KOTA,S8,67,0,4,146,Lunch,19.9,426,4,Clear,5,16.8,16,9.7,29.6,8.2,1,31.3
